year,month,day_of_month,day_of_week,op_unique_carrier,origin,dest,crs_dep_time,distance,dep_delay,IsDelayed
2024,4,21,7,YX,EWR,AVL,845,583.0,60.0,1
2024,7,21,7,OO,ABQ,SLC,1210,493.0,-3.0,0
2024,11,21,4,WN,PIT,HOU,1710,1131.0,14.0,0
2024,5,13,1,AA,PHX,DFW,1233,868.0,24.0,1
2024,6,18,2,G4,BMI,SFB,849,917.0,-15.0,0
2024,7,4,4,NK,BOS,DTW,2141,632.0,-12.0,0
2024,6,19,3,WN,BOS,BWI,1200,369.0,4.0,0
2024,2,27,2,UA,GSP,ORD,639,577.0,-12.0,0
2024,10,11,5,AA,ORD,TPA,1315,1012.0,-4.0,0
2024,11,27,3,9E,CAE,ATL,1740,192.0,7.0,0
2024,8,1,4,9E,CHS,JFK,700,636.0,-6.0,0
2024,10,23,3,AS,JNU,YAK,1004,198.0,1.0,0
2024,1,4,4,AA,CLT,SEA,1641,2279.0,15.0,0
2024,2,6,2,B6,MCO,JFK,2055,944.0,20.0,0
2024,6,11,2,HA,ITO,HNL,1838,216.0,-3.0,0
2024,12,27,5,AS,TUS,SEA,1518,1216.0,-10.0,1
2024,11,21,4,AA,PHL,LAX,705,2402.0,-4.0,0
2024,11,10,7,OO,IAH,MEI,1850,422.0,54.0,1
2024,12,14,6,NK,ORD,FLL,500,1182.0,0.0,0
2024,7,12,5,OH,DAY,DCA,1952,391.0,0.0,1
2024,2,26,1,AA,LAS,DFW,1647,1055.0,11.0,0
2024,9,30,1,WN,AUS,LAX,550,1242.0,-4.0,0
2024,11,29,5,UA,BOS,IAD,1400,413.0,3.0,1
2024,11,3,7,DL,GSO,ATL,1223,306.0,11.0,0
2024,2,21,3,UA,IAH,GSP,1821,837.0,-4.0,0
2024,4,1,1,UA,IAH,GSP,1805,837.0,-6.0,0
2024,7,17,3,MQ,PHX,SJC,2037,621.0,0.0,1
2024,6,15,6,AA,PHX,DFW,1344,868.0,213.0,1
2024,9,23,1,AA,MSY,CLT,1516,651.0,-6.0,0
2024,5,25,6,DL,SJC,SEA,620,696.0,204.0,1
2024,1,21,7,AA,BNA,DFW,1125,631.0,-2.0,0
2024,6,24,1,WN,FAT,LAS,1050,259.0,-2.0,0
2024,11,30,6,DL,SLC,JFK,2359,1990.0,-6.0,0
2024,8,3,6,WN,MKE,MCO,1615,1066.0,-7.0,0
2024,8,6,2,AA,PHL,PHX,1051,2075.0,9.0,0
2024,1,8,1,OO,MEM,LGA,1205,963.0,56.0,1
2024,4,25,4,YX,EWR,SDF,915,642.0,-10.0,0
2024,4,1,1,WN,CHS,MDW,2020,745.0,1.0,1
2024,7,10,3,F9,DCA,DEN,1259,1476.0,-12.0,0
2024,5,22,3,YX,CMH,BOS,1227,640.0,-6.0,0
2024,11,8,5,WN,LAS,SEA,935,867.0,2.0,0
2024,4,24,3,WN,LAS,MDW,1630,1521.0,2.0,0
2024,8,22,4,UA,PSP,DEN,1326,776.0,-5.0,0
2024,7,30,2,DL,CLT,ATL,700,226.0,-9.0,0
2024,2,12,1,UA,EWR,SAN,1729,2425.0,43.0,0
2024,3,18,1,B6,SAN,JFK,2115,2446.0,13.0,1
2024,12,28,6,B6,SJU,JFK,549,1598.0,-9.0,0
2024,3,13,3,AA,DFW,BNA,1312,631.0,4.0,0
2024,4,12,5,MQ,PHX,ELP,1544,347.0,18.0,0
2024,2,28,3,B6,JFK,LAX,1030,2475.0,-5.0,0
2024,4,23,2,DL,BOS,ATL,1010,946.0,-6.0,0
2024,7,11,4,DL,ATL,HSV,1855,151.0,-7.0,0
2024,4,12,5,WN,OAK,SAN,600,446.0,-4.0,0
2024,2,24,6,DL,ATL,PHX,1625,1587.0,18.0,0
2024,11,30,6,UA,LGA,DEN,726,1620.0,-7.0,0
2024,11,8,5,AA,CLT,AUS,2120,1032.0,-2.0,0
2024,9,11,3,OO,SLC,TWF,2115,175.0,-4.0,1
2024,7,10,3,DL,SJC,ATL,615,2116.0,46.0,1
2024,1,8,1,AA,SYR,CLT,1724,603.0,-5.0,0
2024,1,13,6,DL,MSP,MSO,1850,1013.0,5.0,0
2024,8,2,5,WN,BWI,MDW,625,611.0,2.0,0
2024,9,5,4,AS,KTN,SEA,1158,680.0,11.0,0
2024,7,1,1,F9,STL,PHL,2236,814.0,60.0,1
2024,4,21,7,DL,SEA,JFK,2305,2422.0,18.0,0
2024,11,20,3,WN,HRL,DAL,1200,458.0,0.0,0
2024,11,12,2,DL,GRR,ATL,1645,640.0,-12.0,0
2024,9,12,4,OH,TLH,CLT,1346,386.0,-11.0,0
2024,11,30,6,WN,LAX,LAS,2200,236.0,-3.0,0
2024,10,22,2,WN,SMF,DEN,555,909.0,-3.0,0
2024,7,8,1,AS,ANC,SEA,1105,1448.0,0.0,0
2024,3,16,6,UA,RSW,LAX,900,2238.0,-7.0,0
2024,2,17,6,AA,PHL,BOS,946,280.0,-5.0,0
2024,6,17,1,NK,DTW,MCO,624,957.0,-3.0,0
2024,8,24,6,WN,BUR,SLC,910,574.0,-5.0,0
2024,6,2,7,OO,LAN,DTW,535,74.0,-7.0,0
2024,8,23,5,OH,CRW,CLT,1057,221.0,-8.0,0
2024,4,27,6,NK,DFW,MCO,1019,985.0,5.0,1
2024,12,22,7,UA,IAH,SFO,720,1635.0,-5.0,0
2024,3,9,6,AA,ORD,SAT,2030,1041.0,43.0,1
2024,1,30,2,AA,LAX,DFW,1344,1235.0,-11.0,0
2024,7,31,3,UA,DEN,PHX,1129,602.0,11.0,0
2024,7,6,6,HA,OGG,KOA,1330,84.0,4.0,0
2024,5,24,5,AS,TPA,SEA,747,2520.0,-7.0,0
2024,8,30,5,AA,AUS,SNA,1000,1209.0,-7.0,0
2024,4,18,4,WN,SAT,LAS,710,1069.0,2.0,0
2024,6,24,1,9E,ROC,JFK,1825,264.0,-5.0,0
2024,5,28,2,WN,LAX,SMF,2000,373.0,46.0,1
2024,4,4,4,DL,SLC,SNA,1105,588.0,-2.0,1
2024,12,31,2,UA,BQN,EWR,109,1585.0,-9.0,0
2024,6,19,3,B6,EWR,MCO,1040,937.0,65.0,1
2024,7,3,3,YX,DCA,CMH,1659,323.0,-10.0,1
2024,12,23,1,OO,SLC,TUS,925,601.0,-2.0,0
2024,5,11,6,G4,CVG,PGD,1502,850.0,11.0,0
2024,5,22,3,OO,SLC,PHX,815,507.0,-6.0,0
2024,5,24,5,G4,SAV,PIT,1558,579.0,114.0,1
2024,3,31,7,MQ,ORD,RDU,1010,646.0,-2.0,0
2024,5,30,4,OO,MSP,RAP,1445,489.0,9.0,0
2024,6,17,1,NK,LAX,ORD,2337,1744.0,-3.0,0
2024,6,28,5,AA,SJU,CLT,800,1475.0,-3.0,0
2024,12,14,6,WN,ELP,LAS,835,583.0,-10.0,0
2024,9,24,2,B6,SYR,MCO,1430,1053.0,4.0,0
2024,3,19,2,DL,PSP,MSP,1535,1454.0,79.0,1
2024,8,17,6,F9,SEA,LAS,1029,867.0,-3.0,0
2024,6,14,5,DL,SLC,ATL,1105,1590.0,-2.0,0
2024,3,4,1,AA,BOS,PHL,1605,280.0,-7.0,0
2024,5,24,5,OH,DCA,BHM,1535,653.0,-7.0,0
2024,11,29,5,B6,MCO,BDL,1730,1050.0,-10.0,0
2024,7,7,7,WN,SAN,OAK,2040,446.0,100.0,1
2024,9,16,1,9E,JFK,RDU,750,427.0,44.0,1
2024,12,20,5,AA,DFW,MCO,713,985.0,-6.0,0
2024,11,22,5,YX,SYR,EWR,1230,195.0,-17.0,0
2024,1,29,1,WN,PHL,DEN,1645,1558.0,1.0,0
2024,3,31,7,AS,LAX,SEA,1515,954.0,-12.0,0
2024,4,9,2,WN,MCO,LAS,1005,2039.0,7.0,0
2024,9,7,6,OO,BUF,ORD,1053,474.0,33.0,1
2024,5,16,4,AA,SEA,DFW,717,1660.0,202.0,1
2024,6,10,1,OO,DFW,SWO,2120,225.0,-4.0,0
2024,5,8,3,AS,DFW,SEA,600,1660.0,-4.0,0
2024,2,12,1,WN,TUS,LAS,835,365.0,-6.0,0
2024,10,27,7,OO,ELM,DTW,600,332.0,-5.0,0
2024,12,26,4,UA,DEN,CLE,1050,1201.0,-2.0,0
2024,1,17,3,DL,SEA,SLC,545,689.0,-1.0,0
2024,6,17,1,AS,SFO,LAX,835,337.0,-4.0,0
2024,8,22,4,WN,LAS,MSY,820,1500.0,30.0,1
2024,7,11,4,DL,DTW,PIT,840,201.0,28.0,0
2024,8,7,3,NK,MCI,DFW,1950,460.0,26.0,1
2024,3,11,1,DL,MSP,BNA,905,695.0,-4.0,0
2024,1,17,3,OH,CLT,SGF,1100,708.0,6.0,0
2024,2,17,6,9E,CVG,JFK,755,589.0,-8.0,0
2024,7,3,3,AS,SEA,STS,1149,618.0,22.0,1
2024,5,16,4,AS,SEA,GEG,1128,224.0,-1.0,0
2024,11,16,6,DL,LAX,BOS,2125,2611.0,1.0,0
2024,4,26,5,DL,MCO,ATL,700,404.0,88.0,1
2024,11,10,7,F9,MCO,PHL,501,861.0,-10.0,0
2024,3,3,7,AA,BOS,DFW,1417,1562.0,0.0,0
2024,5,22,3,AA,PHX,ELP,909,347.0,36.0,0
2024,1,8,1,OO,MSP,GRR,905,408.0,-4.0,0
2024,12,23,1,AA,CLT,PBI,1850,590.0,0.0,0
2024,5,19,7,OO,SEA,SFO,1340,679.0,27.0,0
2024,6,28,5,MQ,ORD,MEM,1829,491.0,15.0,1
2024,1,3,3,WN,ORD,AUS,1620,977.0,47.0,1
2024,1,31,3,DL,SLC,CLT,1020,1727.0,1.0,0
2024,1,5,5,DL,ATL,ORF,825,516.0,-4.0,0
2024,6,5,3,OO,ORD,LNK,845,466.0,-8.0,0
2024,11,26,2,WN,SMF,SNA,1145,404.0,12.0,0
2024,4,23,2,AA,SMF,PHX,1258,647.0,10.0,0
2024,8,5,1,WN,OMA,MDW,1535,423.0,1.0,1
2024,8,17,6,WN,OAK,LAX,700,337.0,-6.0,0
2024,9,28,6,DL,XNA,ATL,1239,589.0,-3.0,0
2024,8,14,3,9E,DTW,ALB,1000,489.0,-4.0,0
2024,7,11,4,WN,IND,DAL,725,755.0,-1.0,0
2024,7,20,6,AA,PHL,BOS,1600,280.0,0.0,0
2024,3,16,6,OH,ROC,CLT,1720,573.0,-4.0,0
2024,5,26,7,UA,IND,IAH,650,844.0,-6.0,0
2024,8,12,1,WN,RNO,BUR,955,374.0,0.0,0
2024,6,30,7,YX,IAD,PWM,2205,493.0,63.0,1
2024,5,18,6,WN,HNL,OGG,1830,100.0,-7.0,0
2024,6,12,3,DL,SLC,LAX,1555,590.0,2.0,0
2024,8,10,6,DL,MSP,SEA,1841,1399.0,15.0,0
2024,3,8,5,9E,TRI,ATL,1433,227.0,-9.0,0
2024,7,15,1,UA,DFW,DEN,1345,641.0,-2.0,0
2024,12,18,3,B6,BDL,FLL,600,1173.0,-4.0,1
2024,2,7,3,DL,CVG,MCO,1355,757.0,-6.0,0
2024,11,26,2,DL,SMF,SLC,1305,532.0,14.0,1
2024,9,7,6,DL,CVG,ATL,1610,373.0,0.0,0
2024,7,6,6,OO,DEN,LAX,1815,862.0,66.0,1
2024,9,12,4,WN,PHX,ABQ,1315,328.0,-3.0,0
2024,7,31,3,WN,DAL,MIA,1210,1109.0,-4.0,0
2024,11,5,2,WN,DAL,ABQ,1925,580.0,-4.0,0
2024,2,11,7,DL,SJU,DTW,1530,1930.0,-3.0,0
2024,9,11,3,AS,LAX,SEA,700,954.0,-2.0,0
2024,8,29,4,WN,PIT,MDW,700,402.0,2.0,0
2024,7,15,1,WN,BUR,LAS,1730,223.0,23.0,1
2024,7,12,5,WN,ELP,SAT,1005,496.0,19.0,1
2024,3,29,5,WN,CMH,MDW,640,283.0,1.0,0
2024,9,3,2,OO,FAT,SLC,1235,501.0,-2.0,0
2024,8,21,3,YX,PIT,BOS,1726,496.0,9.0,0
2024,3,24,7,B6,PBI,HPN,2005,1056.0,24.0,0
2024,8,3,6,AS,LAX,SEA,2120,954.0,5.0,0
2024,3,1,5,WN,BOS,MDW,650,861.0,-1.0,0
2024,9,25,3,9E,ATL,MLU,1940,448.0,82.0,1
2024,12,23,1,9E,DAY,ATL,1937,432.0,61.0,1
2024,7,3,3,DL,DFW,MSP,1031,852.0,-5.0,0
2024,6,21,5,AA,PHL,IND,1319,588.0,-5.0,0
2024,12,25,3,WN,JAX,BWI,1740,663.0,0.0,0
2024,7,24,3,WN,BNA,DAL,2100,623.0,8.0,0
2024,1,22,1,DL,ALB,DTW,525,489.0,-7.0,0
2024,4,29,1,AA,SBP,DFW,1232,1360.0,-1.0,0
2024,6,3,1,G4,LIT,PIE,814,734.0,1.0,0
2024,3,7,4,AA,DFW,SFO,2242,1464.0,116.0,1
2024,7,30,2,NK,PIT,LAX,705,2136.0,20.0,0
2024,6,26,3,OO,DEN,DRO,940,251.0,-1.0,0
2024,4,1,1,DL,DTW,MSY,1615,926.0,-4.0,0
2024,12,30,1,UA,HNL,SFO,1425,2398.0,-6.0,0
2024,11,17,7,DL,AUS,ATL,1249,813.0,-3.0,0
2024,3,8,5,AA,DFW,ELP,2255,551.0,117.0,1
2024,4,26,5,F9,MIA,CLE,1959,1080.0,4.0,0
2024,5,8,3,OH,MSN,CLT,1045,708.0,-1.0,0
2024,12,21,6,WN,OGG,SJC,1355,2355.0,0.0,0
2024,7,3,3,MQ,ECP,DFW,930,685.0,-4.0,0
2024,5,26,7,AA,CLT,CLE,1739,430.0,-3.0,0
2024,12,21,6,WN,MCO,SLC,1615,1931.0,75.0,1
2024,11,30,6,HA,LIH,HNL,1110,102.0,-7.0,0
2024,4,28,7,DL,SFO,DTW,1640,2079.0,-1.0,0
2024,8,21,3,AA,EWR,PHX,1732,2133.0,5.0,0
2024,4,8,1,OO,ORD,DTW,1750,235.0,39.0,1
2024,10,21,1,OH,PHL,CVG,2120,507.0,-6.0,0
2024,11,13,3,DL,AUS,JFK,1557,1521.0,-4.0,0
2024,2,10,6,WN,DEN,HOU,1720,883.0,104.0,1
2024,10,4,5,WN,BUR,SJC,1650,296.0,-8.0,0
2024,5,24,5,AS,SEA,PHX,1151,1107.0,11.0,0
2024,2,8,4,NK,LAS,ORD,59,1514.0,-6.0,0
2024,3,6,3,WN,MAF,HOU,1400,441.0,10.0,0
2024,12,20,5,UA,EWR,MCO,700,937.0,-3.0,0
2024,3,14,4,WN,SNA,SMF,705,404.0,-3.0,0
2024,12,31,2,DL,SNA,ATL,1250,1919.0,-4.0,0
2024,4,8,1,WN,STL,FLL,2000,1057.0,1.0,0
2024,2,19,1,WN,PIT,MCO,1835,834.0,9.0,0
2024,12,24,2,B6,MCO,BDL,1245,1050.0,-7.0,0
2024,6,7,5,WN,MDW,OAK,1350,1844.0,13.0,0
2024,4,29,1,DL,JFK,SEA,700,2422.0,-4.0,0
2024,8,23,5,HA,KOA,HNL,1805,163.0,3.0,0
2024,1,11,4,WN,SAN,DAL,1015,1182.0,0.0,0
2024,7,20,6,AA,DFW,SNA,734,1205.0,8.0,0
2024,5,8,3,OO,CHO,ORD,655,566.0,-3.0,0
2024,12,30,1,OO,DTW,TVC,1555,207.0,-4.0,0
2024,5,7,2,DL,ATL,BOS,1420,946.0,-1.0,0
2024,8,6,2,9E,SHV,ATL,1856,551.0,-6.0,0
2024,4,28,7,AS,HNL,PAE,1427,2694.0,-16.0,0
2024,7,19,5,HA,LAX,HNL,1730,2556.0,15.0,0
2024,11,3,7,HA,OGG,HNL,1710,100.0,-6.0,0
2024,3,31,7,WN,RNO,PHX,1610,601.0,101.0,1
2024,12,14,6,UA,IAH,ORD,830,925.0,-5.0,0
2024,6,25,2,WN,ITO,HNL,1915,216.0,-5.0,0
2024,2,28,3,OH,CLT,CHS,1304,168.0,39.0,1
2024,8,16,5,AA,PHX,DFW,1222,868.0,1.0,0
2024,6,15,6,DL,DTW,DCA,725,405.0,27.0,0
2024,1,21,7,AA,AUS,BOS,732,1698.0,5.0,0
2024,10,29,2,AA,BNA,MIA,531,806.0,28.0,1
2024,4,6,6,YX,JFK,BUF,1735,301.0,-8.0,0
2024,8,16,5,UA,CLE,IAD,610,288.0,-5.0,0
2024,2,13,2,DL,DFW,MSP,1100,852.0,-6.0,0
2024,10,19,6,WN,SAT,ELP,825,496.0,-5.0,0
2024,5,16,4,WN,BNA,CHS,1555,439.0,2.0,0
2024,3,13,3,OH,CAE,DCA,1044,408.0,-12.0,0
2024,3,12,2,F9,DEN,DFW,501,641.0,-5.0,0
2024,3,6,3,UA,MCO,SFO,1820,2446.0,0.0,1
2024,2,29,4,MQ,BNA,ORD,1032,409.0,5.0,0
2024,6,8,6,UA,DEN,DSM,1755,589.0,11.0,1
2024,7,16,2,AA,DFW,CHS,2043,987.0,89.0,1
2024,8,3,6,MQ,CLL,DFW,505,164.0,-13.0,0
2024,8,19,1,AA,DFW,MCO,2041,985.0,0.0,0
2024,10,15,2,YX,PHL,LGA,1352,96.0,-9.0,0
2024,7,13,6,B6,SJU,JFK,2159,1598.0,0.0,0
2024,1,27,6,NK,FLL,ATL,900,581.0,5.0,0
2024,6,27,4,DL,MSP,MKE,1320,297.0,-4.0,0
2024,9,29,7,9E,LGA,GSP,1438,610.0,-4.0,0
2024,8,7,3,AA,PHX,ORD,22,1440.0,22.0,0
2024,7,27,6,OO,LAX,DEN,1423,862.0,-10.0,0
2024,9,27,5,F9,JFK,SJU,1108,1598.0,-5.0,0
2024,2,12,1,F9,MSY,MCO,1359,551.0,104.0,1
2024,6,19,3,AA,ORF,CLT,2012,290.0,23.0,0
2024,8,20,2,DL,BOS,PHX,1645,2300.0,130.0,1
2024,3,21,4,G4,GRR,PGD,1428,1118.0,-10.0,0
2024,12,4,3,WN,BWI,ALB,2055,289.0,12.0,0
2024,5,8,3,UA,DEN,MCO,1800,1546.0,43.0,1
2024,7,12,5,OH,CLT,SHV,1156,764.0,-3.0,0
2024,3,19,2,DL,LAX,BOS,2145,2611.0,3.0,0
2024,4,27,6,AA,MEM,DFW,1041,431.0,18.0,0
2024,8,4,7,9E,ALB,DTW,1216,489.0,155.0,1
2024,2,21,3,F9,TTN,MCO,1642,896.0,20.0,0
2024,4,22,1,G4,PIE,GSP,1302,482.0,-3.0,0
2024,3,7,4,DL,ATL,JFK,1959,760.0,-1.0,0
2024,12,15,7,WN,LGA,HOU,1800,1428.0,1.0,0
2024,7,17,3,NK,FLL,RDU,1522,680.0,95.0,1
2024,1,3,3,DL,RSW,DTW,600,1084.0,-9.0,0
2024,4,22,1,DL,DTW,PWM,2154,668.0,-7.0,0
2024,6,2,7,WN,GSP,ATL,640,153.0,-4.0,0
2024,10,18,5,YX,TUL,LGA,655,1231.0,-6.0,0
2024,8,21,3,YX,ORD,RDU,815,646.0,-1.0,0
2024,7,28,7,UA,BWI,ORD,1050,622.0,-2.0,0
2024,3,8,5,B6,ONT,JFK,2344,2429.0,6.0,0
2024,5,16,4,DL,SLC,ORD,1410,1250.0,-1.0,0
2024,6,28,5,OO,MEI,IAH,905,422.0,2.0,0
2024,6,21,5,WN,SNA,LAS,1825,226.0,24.0,1
2024,8,31,6,OH,CLT,FAY,1639,118.0,-5.0,0
2024,8,2,5,AA,DCA,ATL,2015,547.0,312.0,1
2024,9,15,7,MQ,ORD,AVL,1343,536.0,-9.0,1
2024,12,13,5,OO,SEA,ONT,1405,956.0,-9.0,0
2024,3,16,6,UA,DEN,AUS,620,775.0,-4.0,0
2024,6,5,3,OO,FAT,SAN,1210,314.0,-8.0,0
2024,5,9,4,DL,PDX,SLC,1320,630.0,-3.0,0
2024,7,1,1,AA,SFO,PHX,1841,651.0,7.0,0
2024,1,22,1,OO,DFW,SWO,2120,225.0,-4.0,0
2024,4,14,7,OH,CLT,OAJ,2243,191.0,29.0,1
2024,8,25,7,AA,JFK,SFO,1629,2586.0,7.0,0
2024,4,23,2,9E,LGA,PVD,2150,143.0,-11.0,0
2024,5,16,4,DL,PDX,SLC,1721,630.0,-5.0,0
2024,7,20,6,9E,TRI,ATL,605,227.0,268.0,1
2024,1,4,4,OH,GSP,PHL,803,515.0,-12.0,0
2024,11,16,6,DL,ATL,CMH,1531,447.0,-1.0,0
2024,5,20,1,AA,DFW,BNA,1513,631.0,11.0,1
2024,4,28,7,F9,DEN,MCI,641,533.0,-7.0,0
2024,10,24,4,AA,RSW,CLT,1345,600.0,-7.0,0
2024,5,14,2,WN,ATL,LIT,1205,453.0,12.0,0
2024,3,12,2,AA,ORD,AUS,1700,977.0,67.0,1
2024,4,12,5,B6,PBI,JFK,2115,1028.0,5.0,0
2024,1,17,3,AA,ORF,CLT,1602,290.0,80.0,1
2024,6,6,4,WN,MCO,CMH,1820,802.0,-2.0,1
2024,3,19,2,UA,DEN,SAT,1740,794.0,-3.0,0
2024,9,21,6,AA,PHL,DFW,1100,1303.0,-2.0,0
2024,7,5,5,YX,JAX,ORD,1241,864.0,-6.0,0
2024,9,7,6,UA,EWR,MSY,1610,1167.0,-3.0,0
2024,5,23,4,OO,SLC,PHX,545,507.0,-2.0,0
2024,9,20,5,UA,IAH,SJC,1958,1608.0,-5.0,0
2024,12,7,6,DL,DCA,MSP,600,931.0,-12.0,0
2024,4,1,1,AA,MCO,CLT,1041,468.0,-6.0,0
2024,1,5,5,WN,BWI,TPA,2125,842.0,58.0,1
2024,4,3,3,MQ,MSY,DFW,1056,447.0,181.0,1
2024,9,14,6,WN,SAN,MCI,1030,1334.0,-2.0,0
2024,7,17,3,OO,FSD,DEN,1400,483.0,-7.0,0
2024,1,12,5,WN,LAS,ONT,1205,197.0,35.0,1
2024,2,15,4,AA,PDX,PHX,1140,1009.0,-8.0,0
2024,1,5,5,NK,DTW,IAH,1400,1075.0,-3.0,0
2024,2,6,2,AA,CLT,TPA,1310,507.0,14.0,0
2024,9,3,2,WN,LAX,LAS,915,236.0,0.0,0
2024,10,2,3,WN,DCA,BNA,1900,562.0,1.0,0
2024,5,27,1,DL,DCA,ATL,1745,547.0,65.0,1
2024,1,27,6,9E,SHV,ATL,600,551.0,150.0,1
2024,12,1,7,DL,ATL,BUR,1051,1941.0,0.0,0
2024,7,11,4,YX,EWR,IND,1457,645.0,-7.0,0
2024,9,14,6,UA,EWR,BOS,2015,200.0,-6.0,0
2024,7,31,3,NK,FLL,PIT,2220,994.0,134.0,1
2024,5,23,4,AA,EUG,DFW,2359,1606.0,-7.0,0
2024,11,23,6,DL,ICT,ATL,1632,782.0,-7.0,0
2024,11,21,4,DL,ATL,MIA,1637,594.0,-3.0,0
2024,4,8,1,WN,MDW,BWI,1300,611.0,28.0,0
2024,3,16,6,AS,ABQ,SEA,1941,1180.0,-1.0,0
2024,2,10,6,WN,SMF,BUR,1815,358.0,11.0,0
2024,2,14,3,AS,PDX,ONT,1740,838.0,5.0,1
2024,1,12,5,AA,EGE,DFW,1140,721.0,-6.0,0
2024,4,8,1,WN,OMA,LAS,1330,1099.0,4.0,0
2024,10,13,7,UA,DEN,RAP,1130,300.0,-4.0,0
2024,2,27,2,WN,SMF,LAX,1315,373.0,0.0,0
2024,11,28,4,UA,ORD,SNA,900,1726.0,22.0,0
2024,9,1,7,HA,LIH,HNL,740,102.0,-6.0,0
2024,12,13,5,UA,ORD,LAS,850,1514.0,-1.0,1
2024,8,17,6,UA,LAX,SFO,2020,337.0,-4.0,0
2024,7,4,4,DL,LGA,DFW,1510,1389.0,-5.0,0
2024,6,29,6,WN,ECP,STL,700,634.0,4.0,0
2024,10,13,7,YX,ORD,TUL,1533,585.0,0.0,0
2024,8,2,5,B6,LAX,EWR,2055,2454.0,195.0,1
2024,4,29,1,YX,CMH,EWR,739,463.0,-5.0,0
2024,10,22,2,OO,PIT,DTW,1030,201.0,-8.0,0
2024,5,7,2,NK,ORD,MCO,609,1005.0,-11.0,0
2024,10,23,3,OO,SLC,BIL,927,387.0,-5.0,0
2024,6,3,1,NK,FLL,MSY,725,674.0,-2.0,0
2024,5,4,6,F9,PBI,ISP,937,1052.0,-3.0,0
2024,5,7,2,YX,LGA,CLE,750,419.0,-6.0,0
2024,2,1,4,AA,DFW,PIT,1113,1067.0,-8.0,0
2024,7,13,6,B6,LGA,ACK,1155,202.0,-3.0,0
2024,10,15,2,WN,EUG,SMF,1245,384.0,7.0,0
2024,9,13,5,OO,IAH,LGA,953,1416.0,58.0,1
2024,11,15,5,AA,RNO,PHX,1634,601.0,-9.0,0
2024,9,27,5,OO,MKE,JFK,1300,745.0,0.0,0
2024,4,30,2,DL,LAX,IAH,1810,1379.0,102.0,1
2024,7,4,4,OO,OKC,SLC,830,866.0,-8.0,0
2024,4,20,6,OO,ORD,ATW,2020,160.0,-10.0,0
2024,4,16,2,AA,IAH,MIA,650,964.0,-1.0,0
2024,6,23,7,OO,OKC,ORD,1030,693.0,-5.0,0
2024,6,10,1,AA,PDX,PHL,2323,2406.0,-9.0,0
2024,10,5,6,DL,RDU,MSP,1500,980.0,-11.0,0
2024,4,27,6,B6,FLL,BQN,2342,982.0,-9.0,0
2024,12,21,6,OO,SGU,PHX,1252,262.0,-9.0,0
2024,7,2,2,NK,FLL,BOS,1530,1237.0,14.0,0
2024,1,16,2,WN,TPA,BUF,930,1053.0,79.0,1
2024,11,13,3,WN,LGB,SMF,1740,387.0,18.0,0
2024,2,14,3,AA,MCI,PHX,1428,1044.0,15.0,0
2024,8,27,2,YX,LGA,BNA,734,764.0,-9.0,0
2024,1,31,3,WN,SJC,OGG,1330,2355.0,-3.0,1
2024,8,1,4,NK,BNA,LAS,642,1587.0,-6.0,0
2024,1,23,2,OO,MSP,DLH,909,144.0,-1.0,0
2024,8,10,6,WN,MYR,BWI,725,399.0,1.0,0
2024,11,22,5,MQ,DFW,CHA,1430,695.0,-6.0,0
2024,12,1,7,YX,ORF,IAD,1425,157.0,28.0,1
2024,7,31,3,G4,FSD,BNA,1259,741.0,-6.0,0
2024,1,28,7,MQ,ORD,FSD,2140,462.0,-7.0,0
2024,12,24,2,OH,MEM,PHL,615,875.0,69.0,1
2024,3,9,6,UA,DEN,HDN,1325,141.0,63.0,1
2024,2,19,1,9E,MKE,LGA,1840,738.0,-5.0,0
2024,6,24,1,DL,ATL,IAD,1221,534.0,0.0,0
2024,10,23,3,9E,JFK,RIC,830,288.0,-5.0,0
2024,3,1,5,YX,BOS,DCA,730,399.0,-7.0,0
2024,5,29,3,DL,LAX,RDU,1259,2239.0,-4.0,0
2024,8,7,3,YX,LIT,LGA,655,1085.0,-8.0,0
2024,7,28,7,MQ,DFW,ABI,1856,158.0,-3.0,0
2024,5,8,3,WN,PHX,ONT,1340,325.0,20.0,1
2024,11,19,2,UA,ORD,PHX,1553,1440.0,-1.0,0
2024,9,24,2,DL,EWR,ATL,1207,746.0,-7.0,0
2024,12,21,6,DL,DTW,ATL,1550,594.0,35.0,0
2024,11,7,4,AS,RDM,SEA,822,228.0,-7.0,0
2024,3,14,4,AA,DFW,DTW,2045,986.0,25.0,1
2024,2,24,6,DL,ATL,BUF,857,712.0,-6.0,0
2024,9,26,4,DL,SLC,BOI,1520,290.0,-3.0,0
2024,1,3,3,HA,HNL,KOA,1225,163.0,6.0,0
2024,6,27,4,AA,PHX,ORD,1850,1440.0,244.0,1
2024,6,7,5,AS,SAN,BOS,825,2588.0,-1.0,1
2024,3,4,1,AA,ORD,LAS,1011,1514.0,-2.0,0
2024,3,15,5,NK,FLL,ATL,2217,581.0,8.0,0
2024,1,18,4,MQ,DFW,FAR,1040,968.0,-4.0,0
2024,8,18,7,AA,ORD,SFO,1512,1846.0,-4.0,0
2024,9,26,4,UA,ORD,MCI,1950,403.0,-1.0,0
2024,3,31,7,9E,DSM,LGA,1353,1031.0,-5.0,0
2024,11,19,2,OO,SAN,LAS,1945,258.0,-7.0,0
2024,10,3,4,MQ,DFW,FWA,1916,859.0,-4.0,0
2024,12,2,1,OH,CLT,GSO,2250,83.0,-1.0,0
2024,5,15,3,OO,SLC,EUG,1140,618.0,7.0,0
2024,8,9,5,AA,SNA,PHX,645,338.0,-9.0,0
2024,2,5,1,AA,DFW,DEN,716,641.0,0.0,0
2024,4,7,7,9E,MSP,PIT,859,726.0,-1.0,0
2024,12,27,5,WN,DEN,BNA,525,1014.0,-2.0,0
2024,1,23,2,NK,FLL,CMH,1150,973.0,-8.0,0
2024,4,24,3,OO,PHX,ELP,1252,347.0,-8.0,0
2024,3,31,7,WN,FLL,DAL,1035,1108.0,12.0,0
2024,6,3,1,G4,XNA,VPS,1057,601.0,-6.0,0
2024,3,10,7,AA,TUS,ORD,600,1437.0,-3.0,0
2024,3,4,1,WN,DEN,MSP,1445,680.0,-1.0,0
2024,5,6,1,UA,IAH,LAX,1207,1379.0,67.0,1
2024,5,28,2,UA,LAS,IAD,1315,2065.0,43.0,1
2024,10,1,2,OO,ATL,AGS,816,143.0,43.0,1
2024,11,21,4,YX,EYW,PHL,1210,1121.0,21.0,0
2024,7,22,1,AA,MKE,DFW,1730,853.0,62.0,1
2024,10,21,1,UA,AUS,IAH,940,140.0,-1.0,1
2024,11,26,2,AS,PDX,LAX,1900,834.0,85.0,1
2024,9,8,7,F9,DEN,LAX,1355,862.0,-3.0,1
2024,11,8,5,AA,MIA,ORD,2118,1197.0,0.0,0
2024,1,7,7,UA,EWR,LAX,1200,2454.0,-2.0,0
2024,5,5,7,YX,DCA,PVD,1201,356.0,-10.0,0
2024,4,13,6,UA,EWR,SRQ,2000,1034.0,-5.0,0
2024,2,11,7,B6,JFK,BUF,915,301.0,-8.0,0
2024,1,26,5,UA,SFO,LAX,1730,337.0,0.0,0
2024,10,9,3,WN,DEN,BDL,1750,1671.0,3.0,0
2024,5,20,1,WN,BWI,ABQ,1140,1670.0,141.0,1
2024,10,29,2,OO,CRW,ORD,1400,416.0,-6.0,0
2024,3,11,1,OO,GJT,PHX,1840,438.0,-10.0,0
2024,8,22,4,AA,RNO,DFW,603,1345.0,-2.0,0
2024,4,29,1,WN,MAF,DAL,1505,319.0,-7.0,0
2024,10,11,5,AA,PHL,DFW,1620,1303.0,1.0,0
2024,4,1,1,AA,ORD,CLT,1642,599.0,-5.0,0
2024,7,2,2,UA,MCO,IAH,1701,854.0,3.0,0
2024,8,2,5,WN,AUS,BWI,505,1342.0,-7.0,0
2024,4,25,4,WN,TPA,BWI,1415,842.0,11.0,0
2024,10,25,5,9E,CHA,DTW,1725,505.0,-6.0,0
2024,3,19,2,DL,SEA,BNA,1741,1978.0,-5.0,0
2024,4,25,4,AA,DFW,MFE,1009,469.0,-5.0,0
2024,9,1,7,DL,ATL,OMA,1340,821.0,-1.0,0
2024,6,9,7,UA,SAN,DEN,1850,853.0,4.0,0
2024,11,18,1,UA,JAX,IAH,1725,817.0,-7.0,0
2024,5,30,4,WN,PWM,BWI,1710,452.0,7.0,0
2024,8,7,3,MQ,CLE,ORD,643,316.0,-3.0,0
2024,11,8,5,UA,DEN,SLC,1720,391.0,28.0,1
2024,5,2,4,OH,AVL,CLT,1033,91.0,-9.0,0
2024,9,13,5,OO,LBB,PHX,917,588.0,-10.0,0
2024,6,17,1,AA,PHL,MIA,1845,1013.0,82.0,1
2024,7,29,1,B6,SJU,EWR,1525,1608.0,-11.0,0
2024,11,1,5,AS,SFO,SEA,800,679.0,-2.0,0
2024,1,26,5,NK,LAX,EWR,2131,2454.0,-3.0,0
2024,9,26,4,DL,ATL,GEG,944,1969.0,11.0,0
2024,9,9,1,WN,RNO,BUR,1815,374.0,10.0,0
2024,7,9,2,WN,CMH,MDW,1055,283.0,-2.0,0
2024,3,22,5,AA,LAX,ORD,2259,1744.0,17.0,0
2024,2,23,5,MQ,CLT,AVL,1308,91.0,-1.0,0
2024,4,7,7,DL,ATL,IAD,1720,534.0,-3.0,0
2024,4,19,5,NK,MIA,CLT,610,650.0,1.0,0
2024,12,10,2,UA,DEN,JAC,1345,406.0,-8.0,0
2024,8,21,3,AA,LAX,PHL,905,2402.0,-2.0,0
2024,6,10,1,WN,STL,BUR,1030,1583.0,-2.0,0
2024,11,10,7,AA,MIA,PHX,1725,1972.0,-4.0,0
2024,7,29,1,UA,DEN,RNO,1605,804.0,37.0,1
2024,12,19,4,OO,DFW,MGM,1502,622.0,5.0,1
2024,9,8,7,OO,BHM,DTW,610,625.0,-13.0,0
2024,4,18,4,MQ,DFW,RAP,1018,835.0,-3.0,0
2024,9,9,1,OO,SGU,SLC,1900,272.0,-19.0,0
2024,7,1,1,AA,DCA,TPA,1945,814.0,-1.0,0
2024,9,30,1,WN,HNL,OGG,1400,100.0,-3.0,0
2024,9,5,4,AA,BDL,CLT,707,644.0,-7.0,0
2024,7,27,6,DL,DCA,ATL,1400,547.0,-2.0,0
2024,6,9,7,AA,CLT,MIA,1812,650.0,2.0,0
2024,11,6,3,B6,BOS,SFO,1725,2704.0,18.0,0
2024,7,24,3,AA,DFW,BZN,900,1163.0,3.0,0
2024,4,27,6,OO,MBS,ORD,731,222.0,-3.0,0
2024,4,3,3,UA,MCI,ORD,1141,403.0,66.0,1
2024,6,26,3,OO,ORD,TUL,903,585.0,-5.0,0
2024,1,31,3,AA,DFW,FAT,817,1313.0,-6.0,0
2024,6,9,7,WN,DAL,ATL,1210,721.0,-2.0,0
2024,7,28,7,B6,LAX,JFK,1610,2475.0,-3.0,0
2024,3,9,6,AA,JAX,CLT,1800,328.0,91.0,1
2024,1,16,2,AS,ADQ,ANC,700,253.0,116.0,1
2024,10,13,7,OO,PSP,PDX,1137,873.0,-10.0,0
2024,2,18,7,WN,BNA,MSY,2145,471.0,13.0,0
2024,2,6,2,UA,SFO,DEN,1900,967.0,-3.0,0
2024,7,1,1,UA,BZN,ORD,745,1185.0,-3.0,0
2024,5,29,3,DL,DFW,ATL,927,731.0,5.0,0
2024,1,7,7,F9,MCO,MSY,1553,551.0,29.0,1
2024,11,25,1,MQ,ROC,ORD,1136,528.0,-6.0,0
2024,1,2,2,OH,CLT,SAV,1818,213.0,-1.0,0
2024,1,4,4,WN,MSP,MDW,1720,349.0,21.0,0
2024,7,17,3,AA,LEX,DFW,605,785.0,46.0,1
2024,3,10,7,AA,ORD,DFW,1835,802.0,-6.0,0
2024,4,20,6,UA,DEN,LAS,949,628.0,16.0,1
2024,2,9,5,WN,SAT,PHX,615,843.0,-3.0,0
2024,9,3,2,AA,LAX,ORD,918,1744.0,-3.0,0
2024,1,27,6,AA,MSP,DFW,500,852.0,-6.0,0
2024,12,13,5,OO,DEN,BFL,1130,845.0,-5.0,0
2024,1,15,1,MQ,BOS,STL,1057,1047.0,158.0,1
2024,12,14,6,WN,LAS,STL,900,1371.0,-7.0,0
2024,6,13,4,WN,GRR,BWI,1435,528.0,-7.0,0
2024,2,6,2,UA,SFO,CMH,816,2120.0,-9.0,0
2024,2,5,1,WN,MCO,ROC,800,1033.0,-1.0,0
2024,12,27,5,DL,DTW,PHX,2010,1671.0,3.0,0
2024,11,3,7,AA,CLT,DFW,1530,936.0,2.0,1
2024,1,12,5,DL,LGA,DFW,1527,1389.0,116.0,1
2024,4,13,6,UA,DEN,LGA,1743,1620.0,-3.0,0
2024,12,22,7,WN,ECP,DAL,1745,674.0,-5.0,0
2024,9,9,1,NK,MCO,MSY,2014,551.0,-4.0,0
2024,9,16,1,UA,ORD,FSD,2020,462.0,-10.0,0
2024,9,17,2,UA,IAH,DTW,2005,1075.0,-7.0,0
2024,7,21,7,OH,CLT,OAJ,2243,191.0,163.0,1
2024,7,6,6,DL,LAX,JFK,705,2475.0,1.0,0
2024,3,8,5,OO,GRK,DFW,1833,134.0,87.0,1
2024,1,1,1,WN,DAL,BNA,1715,623.0,-1.0,0
2024,6,29,6,B6,JFK,SJU,2259,1598.0,9.0,1
2024,12,9,1,WN,MCI,DCA,1235,949.0,11.0,0
2024,11,17,7,MQ,GSO,ORD,615,589.0,-11.0,0
2024,7,29,1,AA,DFW,JFK,829,1391.0,-4.0,0
2024,8,16,5,WN,PHX,ELP,1705,347.0,2.0,0
2024,3,11,1,G4,PIE,SBN,1245,973.0,0.0,0
2024,4,1,1,UA,RIC,DEN,810,1482.0,23.0,1
2024,6,11,2,UA,BZN,DEN,645,524.0,-9.0,0
2024,10,29,2,AA,DFW,ABQ,1430,569.0,-7.0,0
2024,2,21,3,UA,PDX,DEN,853,991.0,-9.0,0
2024,4,5,5,YX,LGA,XNA,1114,1147.0,-9.0,0
2024,1,19,5,DL,RDU,ATL,1505,356.0,0.0,0
2024,11,19,2,9E,SHV,ATL,1859,551.0,6.0,0
2024,10,16,3,OH,CLT,JAN,1716,562.0,-8.0,0
2024,10,28,1,DL,RDU,DTW,545,501.0,-3.0,0
2024,1,18,4,OO,ORD,SGF,1946,438.0,2.0,1
2024,7,15,1,OO,ORD,TYS,1410,475.0,3.0,1
2024,6,25,2,AA,PIT,CLT,656,366.0,-5.0,0
2024,11,6,3,OO,LAX,ELP,1427,715.0,5.0,0
2024,3,19,2,OO,SMF,SAN,1950,480.0,0.0,0
2024,3,11,1,UA,IAH,SFO,1445,1635.0,65.0,1
2024,10,14,1,DL,LAX,MCO,1055,2218.0,-5.0,0
2024,7,29,1,AA,BNA,CLT,644,328.0,16.0,0
2024,3,4,1,DL,IAH,DTW,525,1075.0,-3.0,0
2024,11,14,4,AS,SEA,BOI,1122,399.0,17.0,0
2024,8,27,2,DL,SJU,ATL,730,1547.0,-6.0,0
2024,7,27,6,AA,CLT,PHX,1818,1773.0,17.0,0
2024,1,5,5,DL,DTW,JAX,830,813.0,-9.0,0
2024,9,20,5,AS,PHX,SEA,700,1107.0,-11.0,0
2024,4,12,5,WN,LAX,LAS,640,236.0,-3.0,0
2024,7,3,3,NK,SAN,PDX,615,933.0,0.0,0
2024,6,22,6,MQ,STL,ORD,1827,258.0,33.0,1
2024,4,25,4,WN,DAL,MCO,1250,973.0,6.0,0
2024,11,10,7,9E,OMA,DTW,1016,651.0,-12.0,0
2024,10,16,3,WN,MCO,BUF,825,1011.0,-3.0,0
2024,12,13,5,WN,BWI,CHS,1720,472.0,3.0,0
2024,3,25,1,WN,DEN,PHX,1430,602.0,11.0,0
2024,4,30,2,WN,SMF,LAS,750,397.0,7.0,0
2024,12,3,2,AA,MIA,PHX,2105,1972.0,7.0,0
2024,9,5,4,OH,DCA,CLE,1257,310.0,-6.0,0
2024,3,26,2,9E,CAE,ATL,1242,192.0,-4.0,0
2024,11,22,5,B6,DEN,BOS,2319,1754.0,69.0,1
2024,10,19,6,OO,HIB,MSP,1737,174.0,-10.0,0
2024,7,10,3,OH,PNS,DCA,1101,816.0,-17.0,0
2024,6,15,6,UA,DEN,LAX,1540,862.0,-1.0,0
2024,8,27,2,AA,BNA,MIA,739,806.0,-5.0,0
2024,9,17,2,UA,ORD,TVC,2000,224.0,-4.0,0
2024,6,26,3,AS,SFO,SEA,1447,679.0,11.0,0
2024,5,8,3,B6,CHS,JFK,1856,636.0,-10.0,1
2024,5,12,7,WN,DEN,SJC,1905,948.0,-1.0,0
2024,3,1,5,YX,SDF,EWR,1300,642.0,20.0,0
2024,5,28,2,WN,SJC,PHX,1120,621.0,1.0,0
2024,10,15,2,AA,MIA,DCA,803,919.0,-5.0,0
2024,3,18,1,UA,EWR,SFO,1400,2565.0,-5.0,0
2024,10,16,3,DL,CMH,ATL,600,447.0,-2.0,0
2024,6,18,2,OO,MAF,DEN,1358,563.0,-8.0,0
2024,2,22,4,WN,DEN,PHL,1200,1558.0,7.0,1
2024,2,23,5,DL,DTW,GRR,2159,120.0,-3.0,0
2024,8,24,6,B6,FLL,LGA,709,1076.0,-4.0,0
2024,3,16,6,WN,BNA,MCI,2220,491.0,75.0,1
2024,7,22,1,UA,MFE,IAH,500,316.0,40.0,1
2024,1,14,7,9E,JFK,CVG,1800,589.0,21.0,1
2024,4,18,4,OH,ATL,CLT,1815,226.0,-6.0,0
2024,12,30,1,OO,MSO,DEN,1659,679.0,-7.0,0
2024,4,14,7,B6,RDU,BOS,1720,612.0,17.0,1
2024,7,20,6,MQ,RAP,DFW,1020,835.0,-2.0,0
2024,7,9,2,UA,BUR,SFO,1351,326.0,-19.0,0
2024,12,4,3,AA,ABQ,DFW,820,569.0,-4.0,0
2024,1,11,4,DL,ATL,SLC,2110,1590.0,-7.0,0
2024,6,24,1,WN,HNL,OGG,730,100.0,-4.0,0
2024,6,30,7,DL,SNA,ATL,1418,1919.0,202.0,1
2024,4,22,1,DL,MSY,LAX,1330,1670.0,7.0,0
2024,10,29,2,DL,AUS,MCO,825,994.0,-4.0,0
2024,7,11,4,OO,LAX,SMF,1300,373.0,106.0,1
2024,1,18,4,MQ,DFW,SGF,1015,364.0,-2.0,0
2024,7,19,5,WN,DCA,DAL,1100,1184.0,103.0,1
2024,12,8,7,WN,HNL,LIH,940,102.0,-7.0,0
2024,8,31,6,OO,ATL,DHN,1250,170.0,-6.0,0
2024,9,24,2,WN,AUS,HOU,1355,148.0,-4.0,0
2024,2,16,5,WN,PHX,LGB,1525,355.0,-1.0,0
2024,10,17,4,YX,JFK,PIT,2000,340.0,11.0,0
2024,2,12,1,WN,BWI,ROC,2125,277.0,-2.0,0
2024,3,13,3,DL,PHX,SEA,1108,1107.0,-10.0,0
2024,8,10,6,NK,SDF,FLL,1940,895.0,1.0,1
2024,8,23,5,F9,MCO,TTN,1508,896.0,3.0,0
2024,6,24,1,DL,LAS,MSP,600,1299.0,-4.0,0
2024,7,24,3,WN,LAS,LGB,710,231.0,111.0,1
2024,1,18,4,WN,AUS,DAL,605,189.0,-4.0,0
2024,4,6,6,UA,SFO,IAD,2250,2419.0,179.0,1
2024,3,29,5,AA,CLT,TPA,1714,507.0,-8.0,0
2024,2,16,5,DL,MSP,GEG,2159,1175.0,48.0,1
2024,2,2,5,DL,DCA,SLC,1710,1851.0,-2.0,0
2024,9,23,1,DL,EWR,ATL,1610,746.0,0.0,0
2024,8,16,5,OO,CLE,DTW,1019,95.0,134.0,1
2024,5,7,2,B6,PBI,EWR,730,1023.0,-7.0,0
2024,5,14,2,MQ,DFW,BIS,1854,977.0,14.0,1
2024,4,4,4,OH,CVG,DCA,1227,411.0,-1.0,0
2024,10,2,3,AS,OGG,PDX,1325,2562.0,-15.0,0
2024,1,8,1,YX,LGA,SDF,1745,659.0,-11.0,0
2024,10,2,3,WN,SJC,PHX,805,621.0,-5.0,0
2024,11,21,4,WN,TPA,BWI,2105,842.0,-5.0,0
2024,9,29,7,F9,ATL,BDL,1551,859.0,-7.0,0
2024,10,7,1,WN,SMF,BOI,1510,437.0,-5.0,0
2024,1,8,1,UA,ORD,LGA,800,733.0,-3.0,0
2024,12,5,4,AS,SEA,FAI,1200,1533.0,-2.0,0
2024,12,11,3,WN,SNA,SJC,955,342.0,-4.0,0
2024,9,28,6,DL,SLC,RNO,1145,422.0,-8.0,0
2024,2,17,6,F9,ATL,DFW,600,731.0,48.0,1
2024,3,26,2,AA,DFW,CVG,900,812.0,-6.0,0
2024,12,5,4,OH,MHT,DCA,544,406.0,-10.0,1
2024,8,9,5,AA,CLT,VPS,1515,460.0,79.0,1
2024,8,20,2,UA,RNO,DEN,1610,804.0,388.0,1
2024,5,25,6,UA,LAX,SFO,1045,337.0,7.0,0
2024,5,10,5,OO,XNA,ORD,1825,522.0,-5.0,0
2024,4,23,2,UA,BNA,SFO,630,1969.0,11.0,1
2024,1,19,5,OO,GCC,DEN,530,313.0,-3.0,0
2024,7,8,1,WN,SMF,LAX,2050,373.0,-9.0,0
2024,8,9,5,B6,JFK,SLC,1859,1990.0,13.0,0
2024,6,27,4,AA,DCA,CLT,1501,331.0,11.0,0
2024,2,15,4,DL,ORD,MSP,1015,334.0,-4.0,0
2024,3,22,5,UA,IAH,MCI,2015,643.0,0.0,0
2024,5,30,4,WN,MCO,BHM,810,479.0,-5.0,0
2024,7,15,1,AS,SEA,SFO,1845,679.0,0.0,0
2024,10,4,5,DL,MSP,SNA,1830,1522.0,-5.0,0
2024,12,14,6,OO,MLI,ORD,1059,139.0,279.0,1
2024,8,27,2,9E,LGA,OMA,1820,1148.0,-5.0,0
2024,7,28,7,YX,PHL,MSN,949,764.0,-10.0,0
2024,1,24,3,DL,DTW,MIA,1850,1145.0,0.0,0
2024,2,26,1,OO,FAR,DEN,1704,627.0,394.0,1
2024,10,6,7,DL,DFW,LGA,600,1389.0,-4.0,0
2024,3,13,3,UA,EWR,DFW,1515,1372.0,-7.0,0
2024,11,29,5,AA,DCA,BOS,1700,399.0,89.0,1
2024,4,28,7,YX,LGA,OKC,1840,1341.0,-8.0,0
2024,6,20,4,WN,MKE,BNA,530,475.0,2.0,0
2024,3,14,4,WN,LAS,OAK,2040,407.0,62.0,1
2024,8,24,6,AA,CLT,SAV,2255,213.0,-4.0,0
2024,7,18,4,UA,ORD,IAH,1935,925.0,136.0,1
2024,9,17,2,9E,MGM,ATL,1801,147.0,-3.0,0
2024,8,24,6,DL,STL,ATL,1247,484.0,-12.0,0
2024,1,4,4,DL,CMH,ATL,1310,447.0,-9.0,0
2024,7,6,6,WN,SEA,LAS,1525,867.0,26.0,0
2024,4,4,4,DL,GRR,MSP,654,408.0,-8.0,0
2024,11,3,7,OO,CPR,DEN,530,230.0,-5.0,0
2024,7,25,4,DL,SEA,IAD,835,2306.0,-10.0,0
2024,12,9,1,WN,MSY,ATL,545,425.0,-7.0,0
2024,5,6,1,UA,OMA,DEN,917,472.0,6.0,1
2024,3,27,3,WN,HOU,DAL,1230,239.0,-6.0,0
2024,7,13,6,WN,SMF,EUG,1120,384.0,-3.0,0
2024,10,21,1,B6,MCO,BOS,1230,1121.0,8.0,0
2024,5,15,3,WN,LAS,SAN,900,258.0,44.0,1
2024,2,19,1,UA,EWR,SFO,1800,2565.0,8.0,1
2024,3,17,7,UA,GRR,DEN,800,1015.0,-12.0,0
2024,10,17,4,DL,MSP,ATL,1952,907.0,-1.0,0
2024,5,5,7,AS,HNL,SEA,1041,2677.0,-7.0,0
2024,9,20,5,AS,SEA,PHL,2139,2378.0,22.0,0
2024,3,25,1,9E,IND,MSP,1237,503.0,-10.0,0
2024,11,9,6,AA,STL,CLT,608,575.0,-8.0,0
2024,2,4,7,G4,AZA,XNA,800,1006.0,-11.0,0
2024,1,4,4,WN,SJC,LAS,940,386.0,42.0,1
2024,10,9,3,OO,MOT,MSP,500,449.0,-5.0,0
2024,10,23,3,UA,ORD,CHS,1824,760.0,72.0,1
2024,11,2,6,DL,SEA,ORD,710,1721.0,-8.0,0
2024,12,30,1,AA,PHX,LIH,1155,2979.0,-13.0,0
2024,7,31,3,DL,BNA,SLC,1912,1404.0,-10.0,0
2024,12,30,1,DL,ATL,JAX,1744,270.0,-8.0,0
2024,4,8,1,MQ,JAN,DFW,1945,408.0,19.0,1
2024,11,22,5,WN,ELP,DAL,1825,562.0,-8.0,0
2024,7,25,4,DL,MLB,ATL,1859,442.0,-9.0,0
2024,6,6,4,YX,CLE,BOS,607,563.0,-10.0,0
2024,4,26,5,OO,DRO,DEN,1815,251.0,-12.0,0
2024,11,24,7,HA,HNL,LIH,800,102.0,-9.0,0
2024,9,3,2,OH,PHL,TYS,1412,554.0,-10.0,0
2024,10,15,2,AA,ICT,DFW,1839,328.0,-4.0,0
2024,4,24,3,DL,DTW,ATL,1215,594.0,7.0,0
2024,5,9,4,OO,CRW,ATL,1211,363.0,235.0,1
2024,3,13,3,WN,SRQ,DAL,1200,934.0,7.0,0
2024,6,11,2,DL,AUS,MSP,1615,1042.0,18.0,0
2024,2,23,5,AA,DFW,RSW,900,1017.0,-1.0,0
2024,5,2,4,UA,IAD,RDU,815,224.0,-3.0,0
2024,6,2,7,WN,SMF,GEG,1545,649.0,-6.0,0
2024,7,6,6,OH,GPT,CLT,1248,577.0,-8.0,0
2024,9,5,4,AA,ORD,PHL,2059,678.0,70.0,1
2024,11,18,1,WN,CMH,HOU,1645,1000.0,-2.0,1
2024,9,21,6,OO,LAN,DTW,700,74.0,-3.0,0
2024,9,8,7,NK,PIT,FLL,1833,994.0,18.0,0
2024,10,21,1,DL,ATL,IAD,1630,534.0,-1.0,0
2024,8,17,6,OO,TUS,SLC,600,601.0,-8.0,0
2024,10,26,6,WN,FLL,BWI,1050,925.0,-1.0,0
2024,5,22,3,WN,OAK,PHX,1945,646.0,0.0,0
2024,6,6,4,OO,MBS,DTW,700,98.0,366.0,1
2024,11,8,5,WN,HOU,STL,520,687.0,7.0,0
2024,2,10,6,OO,CLE,LGA,725,419.0,-3.0,0
2024,2,12,1,NK,ATL,FLL,930,581.0,45.0,1
2024,12,30,1,OO,SUN,ORD,1238,1341.0,-5.0,0
2024,10,17,4,OO,SEA,GEG,1345,224.0,0.0,0
2024,4,10,3,AA,DFW,AUS,1900,190.0,69.0,1
2024,7,27,6,WN,BUR,STL,845,1583.0,21.0,1
2024,2,24,6,UA,EWR,AUS,1200,1504.0,-6.0,0
2024,12,6,5,AS,PDX,JFK,714,2454.0,8.0,0
2024,9,11,3,OO,CRW,ORD,1745,416.0,-9.0,0
2024,11,6,3,F9,DEN,LGA,600,1620.0,-1.0,0
2024,1,4,4,DL,ATL,RDU,1955,356.0,0.0,0
2024,3,19,2,MQ,DFW,LIT,817,304.0,-7.0,0
2024,8,30,5,OH,CLT,TUL,1140,842.0,-6.0,0
2024,5,30,4,AA,DFW,SMF,2113,1431.0,314.0,1
2024,9,19,4,UA,ALB,ORD,1655,723.0,-7.0,1
2024,2,21,3,AA,ORD,PHL,959,678.0,67.0,1
2024,7,1,1,DL,MIA,MCO,1520,192.0,10.0,0
2024,10,24,4,OO,SFO,ACV,2105,250.0,9.0,0
2024,8,21,3,WN,SAN,AUS,1630,1164.0,-2.0,0
2024,2,18,7,G4,ATW,FLL,730,1338.0,3.0,0
2024,8,9,5,WN,OGG,KOA,735,84.0,-4.0,0
2024,9,4,3,DL,PBI,ATL,800,545.0,-2.0,0
2024,3,8,5,DL,JFK,RSW,730,1074.0,-2.0,0
2024,9,26,4,WN,DEN,SAT,1610,794.0,-7.0,0
2024,9,19,4,AA,DFW,IND,1100,761.0,-6.0,0
2024,12,6,5,AA,DFW,AUS,820,190.0,100.0,1
2024,11,28,4,WN,DTW,STL,840,440.0,-7.0,0
2024,12,26,4,AA,CLT,IND,1309,427.0,-7.0,0
2024,9,29,7,F9,CLE,LAS,1500,1824.0,323.0,1
2024,5,18,6,MQ,DFW,MAF,820,309.0,-3.0,0
2024,10,3,4,NK,MCO,LGA,2035,950.0,27.0,0
2024,1,23,2,DL,AUS,MSP,1631,1042.0,97.0,1
2024,1,18,4,G4,SFB,RIC,805,643.0,-16.0,0
2024,1,21,7,DL,RDU,MCO,1829,534.0,42.0,1
2024,9,3,2,NK,FLL,SJU,1635,1046.0,23.0,0
2024,2,6,2,WN,RNO,OAK,1800,181.0,-9.0,0
2024,5,31,5,AA,ECP,CLT,1004,437.0,10.0,0
2024,11,26,2,DL,DFW,BOS,705,1562.0,-9.0,0
2024,7,13,6,F9,SFO,LAS,2134,414.0,-11.0,0
2024,4,7,7,OO,PDX,SEA,915,129.0,-10.0,0
2024,4,19,5,DL,AUS,DTW,1540,1149.0,76.0,1
2024,5,3,5,WN,ATL,SAT,840,874.0,4.0,0
2024,10,31,4,AA,DFW,FSD,1028,737.0,8.0,0
2024,4,27,6,DL,SEA,MSP,1215,1399.0,36.0,1
2024,11,13,3,9E,ORH,LGA,1647,146.0,-5.0,0
2024,7,1,1,F9,DEN,MSO,1214,679.0,-10.0,0
2024,12,28,6,YX,IND,EWR,520,645.0,-4.0,0
2024,1,30,2,WN,STL,MDW,630,251.0,-8.0,0
2024,1,6,6,WN,KOA,OGG,1445,84.0,-6.0,0
2024,3,13,3,UA,ORD,EWR,1600,719.0,-3.0,0
2024,7,16,2,OO,GRB,DTW,700,287.0,-7.0,0
2024,11,11,1,DL,SLC,AUS,955,1086.0,10.0,0
2024,4,19,5,WN,LAS,SNA,2055,226.0,-4.0,0
2024,8,1,4,AA,JFK,AUS,2000,1521.0,7.0,1
2024,10,18,5,DL,MKE,DTW,1317,237.0,-15.0,0
2024,5,22,3,AA,CMH,CLT,835,347.0,6.0,0
2024,3,21,4,NK,SAN,OAK,1825,446.0,-8.0,0
2024,7,15,1,DL,ONT,ATL,1123,1900.0,14.0,0
2024,4,13,6,DL,MSP,CHS,1055,1087.0,-10.0,0
2024,1,30,2,DL,DTW,GRR,855,120.0,-6.0,0
2024,12,21,6,AA,ORD,MCO,705,1005.0,-4.0,0
2024,9,24,2,DL,SLC,MSY,1350,1428.0,10.0,0
2024,1,21,7,DL,ATL,STL,2155,484.0,-1.0,0
2024,3,15,5,OH,CLT,FAY,1914,118.0,6.0,0
2024,3,27,3,YX,PIT,LGA,620,335.0,69.0,1
2024,8,12,1,OO,DTW,MBS,1235,98.0,-5.0,0
2024,2,4,7,G4,VPS,BLV,1333,587.0,-14.0,0
2024,10,18,5,YX,BOS,CLE,835,563.0,-7.0,0
2024,3,25,1,WN,SAN,DEN,1235,853.0,16.0,0
2024,6,13,4,OH,CLT,CAE,2249,88.0,-3.0,0
2024,12,12,4,UA,IAD,CHS,815,441.0,-5.0,0
2024,8,20,2,OH,CLT,OAJ,919,191.0,10.0,0
2024,10,15,2,YX,ORD,GSP,1455,577.0,21.0,1
2024,8,29,4,OO,CYS,DEN,1400,90.0,-12.0,0
2024,3,20,3,OH,PHL,RDU,1158,337.0,18.0,1
2024,1,25,4,9E,SHV,ATL,1043,551.0,1.0,0
2024,4,27,6,G4,SFB,AVL,1811,465.0,-5.0,0
2024,1,23,2,OO,RDM,SLC,1235,525.0,-10.0,0
2024,3,25,1,UA,PIT,SFO,1906,2254.0,96.0,1
2024,12,13,5,OO,DEN,IDA,1540,458.0,12.0,0
2024,1,21,7,UA,SFO,DEN,630,967.0,-3.0,0
2024,1,7,7,WN,SMF,PDX,1620,479.0,10.0,1
2024,2,15,4,OO,ATL,CSG,2100,83.0,40.0,1
2024,5,20,1,DL,ROC,ATL,1827,749.0,12.0,0
2024,10,12,6,AA,RDU,PHX,705,1891.0,2.0,0
2024,10,30,3,UA,LAS,EWR,1548,2227.0,33.0,1
2024,10,30,3,AA,DFW,STL,700,550.0,-7.0,0
2024,11,2,6,WN,BNA,LAX,1910,1797.0,23.0,1
2024,5,26,7,OH,CLT,RIC,1441,257.0,38.0,1
2024,6,11,2,9E,CHS,DTW,1300,667.0,-5.0,0
2024,9,3,2,AA,FLL,CLT,1738,632.0,24.0,0
2024,1,30,2,YX,IND,EWR,1845,645.0,0.0,0
2024,12,14,6,NK,MSY,LAX,2140,1670.0,-3.0,0
2024,11,21,4,AA,TPA,LAX,1835,2158.0,14.0,0
2024,10,3,4,YX,JFK,BOS,1715,187.0,-8.0,0
2024,5,10,5,AA,MIA,ORD,1343,1197.0,61.0,1
2024,7,8,1,AA,MCO,ORD,1841,1005.0,148.0,1
2024,9,21,6,OH,CLT,FAY,2054,118.0,-6.0,0
2024,6,18,2,UA,IAD,DEN,1058,1452.0,-3.0,0
2024,10,4,5,AA,BWI,CLT,933,361.0,-5.0,0
2024,12,20,5,UA,IAH,BNA,2014,657.0,0.0,0
2024,10,10,4,MQ,EYW,CLT,1455,736.0,-11.0,0
2024,10,2,3,OH,BHM,DCA,1750,653.0,-9.0,0
2024,3,8,5,DL,MCO,BOS,705,1121.0,-7.0,0
2024,1,26,5,B6,LGA,FLL,929,1076.0,4.0,1
2024,8,18,7,AA,MIA,JFK,1155,1089.0,2.0,0
2024,12,13,5,9E,HPN,ATL,1010,780.0,-9.0,0
2024,8,9,5,DL,HNL,ATL,1515,4502.0,-6.0,0
2024,1,19,5,OO,DEN,SGU,2050,517.0,-3.0,0
2024,10,3,4,G4,GEG,LAS,1619,806.0,-9.0,0
2024,12,23,1,AA,DCA,JAX,1459,634.0,26.0,0
2024,5,14,2,AS,ANC,JNU,1940,571.0,3.0,0
2024,4,8,1,WN,MKE,STL,845,317.0,-7.0,0
2024,11,8,5,B6,JFK,SRQ,812,1041.0,-7.0,0
2024,10,24,4,UA,DEN,DFW,1758,641.0,-4.0,0
2024,9,5,4,DL,ORD,ATL,1542,606.0,3.0,0
2024,9,21,6,9E,JFK,IAD,1535,228.0,-2.0,0
2024,9,10,2,OO,DLH,MSP,1828,144.0,-6.0,0
2024,6,13,4,9E,ROC,LGA,1155,254.0,-6.0,0
2024,10,15,2,UA,LGA,ORD,830,733.0,-3.0,0
2024,3,15,5,NK,ORD,MIA,1011,1197.0,-3.0,0
2024,6,13,4,WN,BNA,MDW,655,395.0,87.0,1
2024,3,27,3,WN,MEM,DAL,1245,423.0,-4.0,0
2024,6,23,7,WN,LAS,PHX,1255,255.0,2.0,0
2024,11,28,4,UA,SFO,TPA,2315,2393.0,-7.0,0
2024,10,3,4,DL,CVG,TPA,1516,773.0,-1.0,1
2024,10,6,7,DL,JFK,LAX,1550,2475.0,-5.0,0
2024,10,5,6,DL,MCO,ATL,1759,404.0,-11.0,0
2024,11,23,6,AA,SMF,DFW,800,1431.0,-3.0,0
2024,9,30,1,UA,ORD,EWR,1930,719.0,-3.0,0
2024,3,23,6,AA,ILM,CLT,642,185.0,25.0,1
2024,8,9,5,DL,BTR,ATL,1907,448.0,10.0,0
2024,8,27,2,UA,EWR,BQN,1909,1585.0,21.0,0
2024,8,22,4,AA,MIA,JFK,627,1089.0,-6.0,0
2024,10,10,4,UA,MSN,DEN,841,826.0,-6.0,0
2024,1,7,7,DL,PDX,MSP,1237,1426.0,-4.0,0
2024,12,2,1,DL,MIA,BOS,1111,1258.0,-8.0,0
2024,3,22,5,DL,ATL,SAT,1540,874.0,1.0,0
2024,10,26,6,AA,AUS,PHX,1857,872.0,-10.0,0
2024,8,31,6,UA,DEN,RDU,948,1436.0,11.0,1
2024,7,21,7,AA,GEG,PHX,1512,1020.0,482.0,1
2024,3,10,7,F9,MCO,GRR,1644,1024.0,53.0,1
2024,12,28,6,AA,MCO,PHL,1230,861.0,-1.0,0
2024,7,1,1,UA,DEN,STL,1342,770.0,20.0,0
2024,2,3,6,UA,DEN,SEA,1125,1024.0,269.0,1
2024,11,11,1,AA,FLL,DCA,1839,899.0,25.0,1
2024,10,20,7,WN,ATL,BWI,1220,577.0,100.0,1
2024,7,14,7,AA,ORD,SNA,816,1726.0,70.0,1
2024,8,9,5,OH,PHL,SDF,1929,576.0,59.0,1
2024,8,25,7,UA,IAH,SAT,2025,191.0,-3.0,0
2024,6,3,1,WN,DAL,DEN,735,651.0,9.0,0
2024,12,25,3,WN,DEN,SMF,2050,909.0,-6.0,0
2024,9,1,7,DL,PNS,ATL,1600,271.0,-10.0,0
2024,2,8,4,DL,LAX,DAL,1845,1246.0,-8.0,0
2024,7,29,1,B6,FLL,SAN,1835,2269.0,23.0,1
2024,9,20,5,UA,EWR,CLT,713,529.0,5.0,0
2024,11,22,5,DL,JFK,SEA,1100,2422.0,1.0,0
2024,2,9,5,UA,SFO,IAH,1300,1635.0,-1.0,0
2024,12,29,7,OH,CLT,DAY,1822,370.0,56.0,1
2024,9,25,3,MQ,CLT,ILM,1259,185.0,-2.0,0
2024,3,3,7,DL,SJU,ATL,1949,1547.0,-5.0,0
2024,7,11,4,WN,AUS,HOU,1115,148.0,1.0,0
2024,1,24,3,DL,DTW,DCA,1759,405.0,-12.0,0
2024,3,29,5,AA,ORD,MIA,659,1197.0,-3.0,0
2024,9,17,2,AA,LGA,CLT,730,544.0,-3.0,0
2024,10,24,4,AS,SFO,SEA,800,679.0,0.0,0
2024,12,10,2,AA,MSP,PHX,710,1276.0,-11.0,0
2024,7,25,4,B6,BOS,JAX,1050,1010.0,49.0,1
2024,5,8,3,DL,MEM,LAX,1859,1619.0,3.0,0
2024,12,23,1,UA,DEN,LGA,1405,1620.0,-1.0,0
2024,12,5,4,UA,ORD,AUS,1325,977.0,10.0,1
2024,3,4,1,AA,DFW,BUR,1015,1231.0,-3.0,0
2024,9,2,1,B6,FLL,BOS,610,1237.0,-8.0,0
2024,1,14,7,OO,SFO,BUR,1915,326.0,-6.0,0
2024,7,26,5,DL,RDU,BOS,710,612.0,-4.0,0
2024,9,7,6,AA,RIC,DFW,1542,1158.0,-4.0,0
2024,7,19,5,MQ,MIA,XNA,2155,1099.0,-7.0,0
2024,3,10,7,DL,ATL,PHX,1628,1587.0,0.0,0
2024,9,9,1,WN,PVD,BWI,1200,327.0,0.0,0
2024,12,22,7,UA,DEN,SAN,1131,853.0,-2.0,0
2024,9,23,1,MQ,DFW,FSM,1436,227.0,-4.0,0
2024,12,11,3,OO,DFW,SWO,2121,225.0,1.0,0
2024,5,20,1,WN,BNA,MDW,735,395.0,-4.0,0
2024,12,17,2,UA,FLL,IAD,900,901.0,-6.0,0
2024,12,18,3,OO,LAX,FAT,2130,209.0,149.0,1
2024,9,24,2,OH,SDF,PHL,1506,576.0,-18.0,0
2024,8,30,5,MQ,EVV,DFW,1600,642.0,-5.0,0
2024,12,9,1,UA,DEN,SMF,1920,909.0,75.0,1
2024,6,17,1,9E,DSM,LGA,728,1031.0,-5.0,0
2024,7,1,1,YX,CLT,BOS,1735,728.0,-12.0,0
2024,7,20,6,B6,MSP,BOS,1810,1124.0,-3.0,1
2024,7,15,1,WN,DEN,PIT,1525,1290.0,18.0,1
2024,6,8,6,G4,SDF,VPS,1734,532.0,8.0,0
2024,7,28,7,UA,IAH,SJU,1505,2007.0,96.0,1
2024,5,17,5,DL,DTW,PHX,1600,1671.0,141.0,1
2024,7,29,1,WN,MCI,AUS,1205,650.0,0.0,0
2024,6,25,2,UA,BZN,DEN,1425,524.0,-2.0,0
2024,11,14,4,MQ,MIA,STL,1420,1068.0,-1.0,1
2024,5,2,4,WN,ONT,OAK,610,362.0,0.0,0
2024,4,28,7,DL,CVG,MCO,1424,757.0,-4.0,0
2024,9,15,7,AA,SFO,JFK,2220,2586.0,-6.0,0
2024,10,20,7,AA,PHL,ATL,1515,666.0,-1.0,0
2024,9,19,4,G4,DSM,AUS,1501,813.0,47.0,1
2024,3,18,1,WN,DEN,SMF,2245,909.0,7.0,0
2024,3,25,1,OO,LAX,RNO,1920,391.0,-6.0,0
2024,1,5,5,AA,CLT,AUS,2135,1032.0,17.0,0
2024,2,20,2,UA,SFO,RNO,1655,192.0,-4.0,0
2024,7,30,2,UA,DRO,DEN,700,251.0,-7.0,0
2024,6,23,7,F9,BUF,RDU,1708,487.0,66.0,1
2024,5,19,7,F9,SJU,MIA,939,1045.0,-6.0,0
2024,6,29,6,AA,SLC,CLT,1211,1727.0,94.0,1
2024,3,1,5,WN,OAK,SAN,2025,446.0,8.0,0
2024,8,11,7,OO,DEN,FAR,2023,627.0,1.0,0
2024,7,16,2,OH,VPS,DCA,1030,789.0,-8.0,0
2024,11,16,6,YX,CVG,ORD,834,264.0,-8.0,0
2024,10,28,1,OO,SYR,DTW,1803,374.0,-2.0,0
2024,9,30,1,WN,RNO,LAS,830,345.0,-2.0,0
2024,8,17,6,F9,MCO,PHL,2122,861.0,30.0,1
2024,8,11,7,WN,MDW,PHL,605,668.0,-7.0,0
2024,6,28,5,AA,RSW,DFW,730,1017.0,-4.0,0
2024,1,12,5,G4,AVL,PHX,730,1683.0,2.0,1
2024,10,31,4,AA,CLT,EYW,912,736.0,-2.0,0
2024,12,14,6,WN,DEN,TUS,1540,639.0,19.0,0
2024,12,21,6,F9,MIA,MDW,1243,1182.0,12.0,1
2024,1,7,7,AA,DFW,MEM,1905,431.0,15.0,0
2024,3,12,2,9E,JFK,RDU,905,427.0,-10.0,0
2024,9,29,7,AA,GRR,CLT,1141,583.0,-4.0,0
2024,10,15,2,WN,ABQ,DEN,1355,349.0,17.0,1
2024,3,26,2,AA,MIA,PHX,1352,1972.0,28.0,1
2024,4,4,4,UA,CLE,IAH,615,1091.0,74.0,1
2024,9,12,4,OO,IAH,LGA,953,1416.0,-5.0,0
2024,10,12,6,UA,LAS,ORD,2330,1514.0,67.0,1
2024,10,24,4,YX,GSP,EWR,1150,594.0,-4.0,0
2024,7,27,6,OO,SLC,EUG,2150,618.0,-4.0,0
2024,10,28,1,AA,CLT,RDU,2019,130.0,0.0,0
2024,6,10,1,DL,ATL,DCA,1742,547.0,-6.0,0
2024,11,17,7,UA,DEN,FCA,1115,752.0,-2.0,0
2024,8,17,6,WN,BWI,BNA,1515,587.0,5.0,0
2024,9,19,4,WN,DEN,RNO,1640,804.0,10.0,0
2024,1,13,6,DL,ATL,BWI,1116,577.0,-2.0,0
2024,8,3,6,NK,IAH,BWI,1724,1235.0,41.0,1
2024,8,23,5,WN,LAX,MDW,1355,1750.0,26.0,0
2024,3,8,5,OO,EGE,PHX,1558,513.0,-10.0,0
2024,12,5,4,WN,LAS,CMH,1650,1771.0,-6.0,0
2024,10,20,7,DL,SLC,DFW,810,989.0,0.0,0
2024,9,13,5,WN,MDW,ORF,1815,704.0,37.0,1
2024,11,7,4,MQ,BOS,CVG,1015,752.0,-10.0,0
2024,1,4,4,DL,TPA,SEA,915,2520.0,-6.0,0
2024,4,13,6,DL,IAD,ATL,1755,534.0,23.0,0
2024,9,6,5,UA,SFO,LAS,1310,414.0,-8.0,0
2024,12,13,5,B6,TPA,BDL,900,1111.0,-15.0,0
2024,6,16,7,WN,MDW,DEN,2005,895.0,41.0,1
2024,12,20,5,WN,CLE,DEN,700,1201.0,4.0,0
2024,12,16,1,OO,SFO,PDX,1215,550.0,82.0,1
2024,10,24,4,UA,MCI,SFO,745,1499.0,-11.0,0
2024,5,24,5,DL,LAS,JFK,2259,2248.0,33.0,0
2024,9,15,7,OO,BJI,MSP,1449,199.0,-12.0,0
2024,7,18,4,F9,MCO,ISP,1120,971.0,6.0,1
2024,10,8,2,DL,SRQ,MSP,1458,1342.0,-12.0,0
2024,3,28,4,F9,SLC,LAS,1526,368.0,-2.0,0
2024,12,23,1,AA,PIT,ORD,619,413.0,-10.0,0
2024,2,18,7,OO,FNT,ORD,700,223.0,-3.0,0
2024,4,20,6,F9,TPA,BWI,1740,842.0,6.0,0
2024,10,4,5,AA,DFW,ELP,2054,551.0,-2.0,0
2024,10,19,6,OO,MDW,MSP,1900,349.0,-8.0,0
2024,12,28,6,WN,DEN,BNA,740,1014.0,5.0,0
2024,4,13,6,OO,PHX,RDM,1023,893.0,17.0,0
2024,7,18,4,WN,BWI,MCO,1840,787.0,51.0,1
2024,6,7,5,OO,PDX,LAX,700,834.0,-6.0,0
2024,8,18,7,HA,KOA,HNL,1509,163.0,-5.0,0
2024,8,14,3,UA,IAH,EWR,1425,1400.0,6.0,0
2024,10,2,3,AA,HNL,LAX,1525,2556.0,1.0,0
2024,12,23,1,OH,CLT,SGF,1643,708.0,60.0,1
2024,12,8,7,DL,ATL,IAD,1259,534.0,-7.0,0
2024,8,26,1,AA,JFK,CLT,1435,541.0,18.0,1
2024,3,12,2,OO,STS,SAN,800,508.0,49.0,1
2024,11,24,7,AA,GEG,PHX,1516,1020.0,-9.0,0
2024,10,7,1,DL,ATL,ORF,1540,516.0,-6.0,0
2024,5,9,4,UA,ORD,HNL,945,4243.0,-5.0,0
2024,8,31,6,DL,MCO,DTW,1420,957.0,1.0,0
2024,9,6,5,WN,BUR,SJC,1105,296.0,-6.0,0
2024,8,16,5,AA,DFW,PHL,1011,1303.0,35.0,1
2024,7,26,5,DL,ATL,BOS,1425,946.0,0.0,0
2024,10,4,5,MQ,DFW,OKC,712,175.0,31.0,0
2024,10,28,1,WN,SJC,BUR,1450,296.0,14.0,0
2024,8,11,7,OO,DTW,ROC,2115,296.0,23.0,0
2024,5,15,3,WN,SAT,BWI,610,1407.0,1.0,0
2024,4,26,5,YX,IND,IAD,545,476.0,-7.0,0
2024,6,20,4,WN,SMF,DEN,1830,909.0,71.0,1
2024,4,8,1,B6,JFK,SAN,600,2446.0,-4.0,0
2024,8,28,3,WN,SRQ,BWI,1210,880.0,-9.0,0
2024,11,5,2,DL,LGA,MIA,1529,1096.0,-1.0,0
2024,12,16,1,WN,LAS,SAN,1125,258.0,1.0,1
2024,2,11,7,WN,SBA,SMF,1050,310.0,-4.0,0
2024,6,14,5,DL,ABQ,MSP,645,981.0,-9.0,0
2024,5,24,5,G4,HGR,SFB,2043,780.0,-11.0,0
2024,10,28,1,WN,MHT,MDW,635,838.0,-5.0,0
2024,9,16,1,AS,CDV,ANC,1336,160.0,-11.0,0
2024,8,17,6,MQ,DFW,IAH,1440,224.0,-6.0,0
2024,10,21,1,B6,IAH,BOS,1210,1597.0,-2.0,0
2024,7,5,5,UA,FLL,EWR,1108,1065.0,-6.0,0
2024,1,28,7,UA,PIT,SFO,1912,2254.0,132.0,1
2024,4,8,1,F9,DFW,MCO,735,985.0,315.0,1
2024,10,27,7,AA,PHX,JFK,832,2153.0,1.0,0
2024,5,25,6,WN,PHX,LGB,635,355.0,-1.0,0
2024,3,31,7,OO,ORD,BUF,1420,474.0,-9.0,0
2024,5,2,4,WN,DCA,AUS,1800,1315.0,28.0,1
2024,2,1,4,F9,MDW,DEN,2228,895.0,-9.0,0
2024,5,20,1,WN,PHX,SNA,1055,338.0,-1.0,0
2024,5,18,6,OO,ORD,TVC,845,224.0,-2.0,0
2024,2,6,2,OH,PIT,DCA,1953,204.0,30.0,0
2024,4,28,7,9E,LGA,ALB,2150,136.0,-4.0,0
2024,1,17,3,UA,ORD,IAD,859,588.0,36.0,1
2024,8,12,1,MQ,DFW,ABI,1944,158.0,15.0,0
2024,4,12,5,DL,LIH,LAX,2155,2615.0,-5.0,0
2024,8,5,1,9E,MCI,LGA,1950,1107.0,-8.0,0
2024,8,15,4,AA,CLT,BOS,2010,728.0,-1.0,0
2024,6,3,1,OO,TYR,DFW,1816,102.0,181.0,1
2024,9,24,2,UA,STL,IAH,615,667.0,3.0,0
2024,11,17,7,DL,SAN,DTW,1145,1956.0,-3.0,0
2024,1,3,3,9E,DTW,SDF,1550,306.0,-2.0,0
2024,9,22,7,UA,LAX,SEA,843,954.0,-12.0,0
2024,11,6,3,WN,STL,HOU,1055,687.0,-3.0,0
2024,7,25,4,WN,DAL,LBB,1750,293.0,-2.0,0
2024,4,28,7,YX,ORD,STL,1257,258.0,-8.0,0
2024,9,21,6,DL,IAH,ATL,1513,689.0,-1.0,0
2024,10,10,4,9E,SAV,LGA,1250,722.0,-1.0,0
2024,4,10,3,WN,OKC,HOU,1050,419.0,-4.0,0
2024,3,28,4,OH,CLT,MHT,2130,737.0,12.0,0
2024,1,25,4,OO,PDX,SEA,1915,129.0,-1.0,0
2024,11,10,7,DL,MSP,AUS,850,1042.0,-3.0,0
2024,5,2,4,WN,DAL,PSP,1100,1137.0,2.0,0
2024,4,1,1,OH,DCA,BTV,1259,437.0,-11.0,0
2024,6,28,5,MQ,BNA,MIA,1630,806.0,28.0,1
2024,3,1,5,DL,JFK,SAN,1646,2446.0,-5.0,0
2024,1,13,6,OH,DCA,DSM,1004,897.0,38.0,1
2024,12,5,4,UA,DEN,LAS,950,628.0,-7.0,0
2024,12,20,5,UA,RSW,CLE,1302,1025.0,-10.0,0
2024,5,29,3,WN,PHL,DEN,1415,1558.0,20.0,1
2024,2,11,7,AA,DFW,EGE,1019,721.0,50.0,1
2024,1,19,5,DL,DAB,ATL,1849,366.0,-12.0,0
2024,11,10,7,MQ,ORD,STL,1514,258.0,-1.0,0
2024,11,21,4,OO,SAN,SMF,800,480.0,-10.0,0
2024,8,8,4,WN,DEN,SAT,1610,794.0,1.0,0
2024,1,29,1,WN,ELP,DAL,640,562.0,-9.0,0
2024,7,11,4,UA,BZN,SFO,1540,807.0,23.0,0
2024,6,25,2,AA,CLT,ILM,712,185.0,46.0,1
2024,5,18,6,DL,DTW,LGA,825,502.0,-1.0,0
2024,4,12,5,WN,SRQ,BWI,1810,880.0,-4.0,0
2024,4,24,3,OO,LAX,SJC,1500,308.0,5.0,0
2024,12,4,3,B6,PVD,MCO,1029,1072.0,-1.0,0
2024,10,30,3,B6,RSW,BOS,1725,1249.0,39.0,1
2024,9,30,1,DL,JFK,SEA,1639,2422.0,10.0,0
2024,8,18,7,DL,PHX,ATL,600,1587.0,5.0,0
2024,10,6,7,F9,MCO,BDL,605,1050.0,-9.0,0
2024,8,7,3,MQ,ORD,COU,2012,315.0,8.0,0
2024,1,9,2,9E,PHL,DTW,1145,453.0,-10.0,0
2024,1,12,5,WN,CRP,HOU,1040,187.0,-6.0,0
2024,10,15,2,UA,LAS,EWR,2359,2227.0,-5.0,0
2024,2,5,1,WN,AUS,MCI,1300,650.0,-10.0,0
2024,7,27,6,OO,IAD,JST,1235,120.0,-10.0,0
2024,5,3,5,WN,TPA,IND,1540,837.0,55.0,1
2024,10,8,2,DL,ATL,MCI,1455,692.0,2.0,0
2024,9,2,1,AA,SAT,CLT,814,1095.0,-6.0,0
2024,7,21,7,WN,MKE,MCI,1135,436.0,12.0,0
2024,5,10,5,OO,BNA,ORD,745,409.0,-12.0,0
2024,12,10,2,WN,SJC,HOU,715,1621.0,19.0,0
2024,4,16,2,OH,DFW,DAY,1035,861.0,-5.0,0
2024,7,11,4,OO,ASE,DFW,1615,701.0,-12.0,0
2024,1,30,2,AA,TPA,DCA,1901,814.0,-5.0,0
2024,6,27,4,WN,PHX,BNA,815,1449.0,-3.0,0
2024,1,15,1,YX,PHL,BOS,1705,280.0,-2.0,1
2024,12,1,7,MQ,ORD,BWI,1845,622.0,123.0,1
2024,5,22,3,F9,DEN,DCA,1625,1476.0,3.0,0
2024,3,6,3,F9,MIA,SJU,945,1045.0,-8.0,0
2024,4,20,6,WN,LAS,MDW,740,1521.0,4.0,0
2024,5,15,3,F9,MCO,CLE,2000,895.0,-5.0,1
2024,12,19,4,DL,ATL,AUS,1759,813.0,10.0,0
2024,9,8,7,WN,MSY,BWI,1805,998.0,-4.0,0
2024,10,29,2,WN,DEN,ELP,2040,563.0,-2.0,0
2024,1,12,5,DL,ATL,SFO,820,2139.0,12.0,1
2024,1,30,2,AA,SFO,CLT,700,2296.0,-10.0,0
2024,7,4,4,AA,ABQ,DFW,815,569.0,-6.0,0
2024,6,28,5,DL,ATL,TPA,1215,406.0,0.0,0
2024,4,20,6,DL,JFK,LAX,1159,2475.0,-6.0,0
2024,9,25,3,AA,JFK,LAX,1535,2475.0,-6.0,0
2024,11,14,4,DL,LGA,CHS,1830,641.0,-9.0,0
2024,6,2,7,B6,JFK,DTW,1745,509.0,16.0,0
2024,8,30,5,OO,SFO,BUR,1830,326.0,134.0,1
2024,4,9,2,WN,DAL,BNA,1700,623.0,104.0,1
2024,10,1,2,AA,ATL,DFW,1834,731.0,-8.0,0
2024,1,25,4,DL,ATL,BNA,1510,214.0,12.0,1
2024,1,7,7,WN,SMF,ONT,1035,390.0,-5.0,0
2024,11,4,1,AS,SEA,PDX,2159,129.0,1.0,0
2024,9,29,7,WN,MDW,CHS,1150,745.0,5.0,0
2024,11,30,6,AA,STL,DFW,517,550.0,-2.0,0
2024,2,29,4,AA,CLT,DCA,1838,331.0,-5.0,0
2024,12,13,5,OO,FAR,DEN,1134,627.0,19.0,0
2024,10,16,3,WN,LAS,SJC,730,386.0,-4.0,0
2024,11,14,4,OO,SFO,ACV,1000,250.0,44.0,1
2024,7,11,4,WN,DAL,MDW,630,793.0,5.0,0
2024,5,16,4,DL,LGA,BOS,1500,184.0,90.0,1
2024,7,4,4,WN,SAN,PHX,1810,304.0,-7.0,0
2024,12,21,6,DL,ORD,SLC,730,1250.0,11.0,0
2024,1,1,1,DL,BOS,TPA,1710,1185.0,25.0,0
2024,6,12,3,UA,IAH,IND,730,844.0,6.0,0
2024,5,25,6,WN,LAS,SNA,1855,226.0,-6.0,0
2024,2,26,1,DL,ATL,BOS,1235,946.0,-2.0,0
2024,3,12,2,WN,MDW,PHX,1520,1444.0,0.0,0
2024,9,3,2,WN,STL,LGA,855,888.0,12.0,0
2024,4,29,1,AA,DEN,PHL,1411,1558.0,-7.0,0
2024,4,6,6,DL,LGA,FLL,705,1076.0,-6.0,0
2024,8,19,1,AA,SAV,MIA,600,440.0,-9.0,0
2024,7,22,1,YX,AVL,EWR,725,583.0,-1.0,0
2024,1,30,2,AS,FAI,SEA,700,1533.0,-12.0,0
2024,6,25,2,UA,LAX,EWR,2315,2454.0,-5.0,0
2024,8,5,1,AA,PHX,DTW,2251,1671.0,-7.0,0
2024,3,15,5,G4,LAS,MEM,710,1416.0,-4.0,0
2024,10,19,6,UA,DEN,DSM,1816,589.0,30.0,1
2024,3,6,3,OH,CHA,DFW,600,695.0,-6.0,0
2024,3,5,2,WN,HOU,DAL,2130,239.0,-10.0,0
2024,5,1,3,NK,MCO,ROC,551,1033.0,0.0,0
2024,10,24,4,F9,DTW,ATL,2221,594.0,-6.0,0
2024,2,6,2,HA,OGG,HNL,1915,100.0,-4.0,0
2024,8,2,5,WN,DEN,MKE,810,896.0,1.0,0
2024,6,4,2,WN,SAT,ATL,1730,874.0,81.0,1
2024,2,15,4,AA,ORD,PHL,1653,678.0,-2.0,0
2024,7,16,2,WN,SMF,LGB,945,387.0,-4.0,0
2024,10,7,1,WN,OAK,HNL,1235,2409.0,11.0,0
2024,9,22,7,DL,MCO,SEA,920,2554.0,-3.0,0
2024,6,17,1,NK,OAK,LAX,1155,337.0,-10.0,0
2024,11,1,5,WN,DEN,SRQ,1355,1531.0,0.0,0
2024,5,26,7,F9,ATL,LGA,749,762.0,-11.0,0
2024,8,4,7,9E,LFT,ATL,1131,503.0,-10.0,0
2024,11,26,2,DL,ATL,ONT,1759,1900.0,-1.0,0
2024,4,10,3,UA,ORD,EWR,1409,719.0,6.0,0
2024,10,29,2,AA,SFO,DFW,544,1464.0,-8.0,0
2024,5,24,5,UA,DEN,OMA,1800,472.0,-5.0,0
2024,6,9,7,WN,TPA,DCA,1100,814.0,5.0,0
2024,1,3,3,OO,PDX,SEA,1529,129.0,-4.0,0
2024,2,4,7,F9,CVG,PHX,1330,1569.0,-11.0,0
2024,2,23,5,9E,LGA,IND,2000,660.0,-6.0,0
2024,3,24,7,UA,DEN,PHX,1940,602.0,-2.0,0
2024,9,15,7,OO,MBS,DTW,1750,98.0,-5.0,0
2024,10,6,7,WN,BWI,TPA,1555,842.0,21.0,1
2024,10,14,1,AA,DFW,CLT,902,936.0,-6.0,0
2024,9,6,5,DL,RSW,ATL,1333,515.0,-6.0,0
2024,4,28,7,WN,SAT,DEN,1700,794.0,-4.0,0
2024,10,8,2,WN,COS,DAL,800,602.0,2.0,0
2024,6,20,4,WN,MDW,DEN,830,895.0,13.0,0
2024,9,28,6,AA,AUS,PHL,1500,1430.0,36.0,1
2024,7,25,4,B6,BUF,BOS,1559,395.0,-8.0,0
2024,5,6,1,AA,MIA,SFO,841,2585.0,3.0,1
2024,10,25,5,YX,EWR,CMH,1640,463.0,-8.0,0
2024,4,13,6,MQ,CID,ORD,1848,196.0,-10.0,0
2024,11,8,5,MQ,SAV,MIA,2017,440.0,-2.0,0
2024,6,6,4,OO,WYS,SLC,1530,273.0,-14.0,0
2024,8,13,2,MQ,ROC,ORD,800,528.0,-6.0,0
2024,3,3,7,NK,MCO,CLT,510,468.0,76.0,1
2024,2,19,1,DL,DTW,EWR,2142,488.0,-4.0,0
2024,5,6,1,WN,SJC,SLC,1455,584.0,-6.0,0
2024,3,27,3,WN,PIT,ATL,805,526.0,-7.0,0
2024,6,19,3,B6,JFK,FLL,825,1069.0,1.0,0
2024,6,8,6,OO,DEN,DRO,1325,251.0,8.0,0
2024,4,1,1,NK,MCO,MEM,2259,684.0,-3.0,0
2024,5,22,3,WN,DEN,CMH,1330,1154.0,65.0,1
2024,1,23,2,OO,ORD,LIT,845,552.0,95.0,1
2024,4,9,2,F9,DEN,MCO,1807,1546.0,32.0,1
2024,5,17,5,AA,DFW,TUS,1856,813.0,36.0,1
2024,11,14,4,AS,SEA,RNO,2215,564.0,-4.0,0
2024,5,5,7,YX,ORF,LGA,1307,296.0,-4.0,0
2024,2,18,7,OH,CLT,BHM,2238,350.0,98.0,1
2024,8,18,7,B6,JFK,TPA,630,1005.0,16.0,0
2024,10,24,4,WN,TUL,MDW,1400,583.0,-5.0,0
2024,3,17,7,DL,JFK,MSP,1800,1029.0,11.0,0
2024,11,30,6,B6,RSW,BOS,2130,1249.0,8.0,0
2024,9,8,7,OO,SLC,WYS,1115,273.0,-7.0,0
2024,9,25,3,MQ,MOB,DFW,1221,539.0,-1.0,0
2024,7,15,1,WN,AUS,BNA,1815,756.0,39.0,1
2024,8,21,3,WN,BNA,DEN,1220,1014.0,4.0,0
2024,6,4,2,WN,MCO,HOU,610,849.0,0.0,0
2024,8,7,3,DL,MEM,ATL,1615,332.0,-5.0,0
2024,3,17,7,OH,MKE,DCA,602,634.0,-8.0,0
2024,8,14,3,WN,MCI,DEN,735,533.0,-1.0,0
2024,2,26,1,9E,LGA,RDU,820,431.0,-11.0,0
2024,10,16,3,AA,TUL,CLT,712,842.0,-3.0,0
2024,2,12,1,OO,IAH,MKE,1200,984.0,-3.0,0
2024,11,10,7,WN,STL,DEN,745,770.0,-5.0,0
2024,3,9,6,WN,LAS,BOI,2020,519.0,21.0,1
2024,8,31,6,B6,PBI,DCA,845,857.0,-8.0,0
2024,5,3,5,WN,AUS,PHX,1110,872.0,-5.0,0
2024,2,21,3,AA,LAX,DFW,1621,1235.0,12.0,0
2024,4,13,6,UA,RDU,IAD,1026,224.0,48.0,1
2024,9,7,6,OO,PDX,FAT,1805,626.0,-2.0,0
2024,7,4,4,B6,JFK,SJU,2150,1598.0,-1.0,0
2024,6,18,2,YX,LGA,BUF,1619,292.0,-9.0,0
2024,5,7,2,WN,OKC,HOU,1435,419.0,-6.0,0
2024,10,28,1,DL,ATL,JAX,909,270.0,-9.0,0
2024,9,19,4,UA,IAH,SAT,720,191.0,-7.0,0
2024,5,6,1,WN,HOU,OKC,1325,419.0,-1.0,0
2024,12,8,7,UA,DEN,JAX,1746,1447.0,4.0,0
2024,7,8,1,DL,SAN,DTW,2205,1956.0,-7.0,0
2024,9,25,3,DL,GEG,SEA,615,224.0,-8.0,0
2024,8,23,5,F9,DFW,DEN,917,641.0,-9.0,0
2024,2,2,5,WN,BOI,LAS,640,519.0,3.0,0
2024,11,25,1,AA,BOS,CLT,830,728.0,-3.0,0
2024,8,26,1,DL,DTW,MSP,1750,528.0,0.0,0
2024,6,28,5,UA,ORD,PHL,1830,678.0,-1.0,0
2024,10,20,7,OO,ORD,FAR,1250,557.0,-8.0,0
2024,9,29,7,WN,STL,DSM,1020,259.0,-8.0,0
2024,5,30,4,WN,SAN,SMF,1030,480.0,6.0,0
2024,5,6,1,YX,ROC,DCA,530,296.0,-9.0,0
2024,7,16,2,UA,DEN,PHL,1010,1558.0,-5.0,0
2024,12,14,6,F9,ELP,LAS,1146,583.0,-9.0,0
2024,8,11,7,OO,GEG,SEA,1305,224.0,-1.0,0
2024,11,17,7,DL,CVG,LAS,705,1678.0,-6.0,0
2024,12,9,1,DL,VPS,ATL,1700,250.0,-1.0,0
2024,5,29,3,WN,DEN,ATL,555,1199.0,-2.0,0
2024,6,18,2,UA,TPA,IAD,1340,811.0,-2.0,0
2024,6,20,4,B6,FLL,DCA,730,899.0,-12.0,0
2024,12,8,7,HA,LIH,HNL,1345,102.0,4.0,0
2024,7,28,7,OO,CRW,ORD,1741,416.0,115.0,1
2024,12,25,3,MQ,MIA,SYR,1942,1217.0,-2.0,0
2024,11,21,4,WN,MIA,STL,1540,1068.0,-3.0,0
2024,12,20,5,WN,OKC,STL,520,462.0,13.0,0
2024,11,30,6,YX,OKC,MIA,710,1222.0,-5.0,0
2024,1,24,3,AA,RDU,PHX,715,1891.0,-9.0,0
2024,6,27,4,DL,ATL,SEA,1630,2182.0,3.0,1
2024,8,21,3,B6,SJU,MCO,600,1189.0,-12.0,0
2024,8,18,7,OH,BNA,CLT,1528,328.0,143.0,1
2024,9,30,1,DL,ALB,ATL,1856,853.0,-10.0,0
2024,8,29,4,AA,CLT,SLC,1926,1727.0,26.0,0
2024,5,4,6,DL,DTW,LAX,845,1979.0,-4.0,0
2024,10,3,4,AA,EWR,MIA,510,1085.0,7.0,0
2024,5,13,1,AA,LGA,CLT,1734,544.0,-1.0,0
2024,4,30,2,WN,SJC,LAX,720,308.0,0.0,0
2024,8,4,7,YX,BOS,PIT,755,496.0,198.0,1
2024,12,29,7,DL,STL,SLC,1415,1156.0,-3.0,0
2024,10,3,4,DL,TVC,DTW,620,207.0,-8.0,0
2024,4,23,2,DL,PDX,JFK,720,2454.0,-10.0,0
2024,3,5,2,AA,ORD,LAX,1208,1744.0,-4.0,0
2024,11,29,5,DL,SFO,DTW,1214,2079.0,-4.0,0
2024,10,20,7,DL,ATL,FLL,1645,581.0,0.0,0
2024,8,16,5,F9,RDU,MCO,2020,534.0,-3.0,0
2024,4,10,3,OH,ORF,PHL,736,212.0,-11.0,0
2024,3,31,7,WN,TUL,STL,600,351.0,-6.0,0
2024,7,18,4,DL,IAH,SLC,715,1195.0,-17.0,0
2024,3,19,2,B6,LGA,FLL,900,1076.0,83.0,1
2024,1,23,2,DL,JFK,TPA,1200,1005.0,0.0,0
2024,12,25,3,OO,LBF,DEN,1110,228.0,-10.0,0
2024,11,8,5,YX,ORD,PWM,1105,900.0,-7.0,0
2024,5,13,1,WN,JAX,BWI,1520,663.0,-1.0,0
2024,5,6,1,DL,TPA,ATL,1448,406.0,-1.0,0
2024,6,13,4,B6,MKE,BOS,955,860.0,-12.0,0
2024,7,18,4,OO,ROW,DFW,545,435.0,-7.0,1
2024,11,26,2,OO,MSP,SYR,2015,860.0,-4.0,0
2024,1,2,2,UA,EWR,SFO,1400,2565.0,2.0,0
2024,3,21,4,HA,HNL,OGG,1200,100.0,3.0,0
2024,7,31,3,UA,LGA,DEN,1228,1620.0,86.0,1
2024,8,25,7,DL,ATL,ECP,1837,240.0,-6.0,0
2024,4,11,4,DL,ATL,SLC,1000,1590.0,4.0,0
2024,7,21,7,G4,HOU,DSM,2119,825.0,8.0,0
2024,1,25,4,B6,RSW,JFK,2029,1074.0,-8.0,0
2024,7,2,2,AA,DFW,DCA,1640,1192.0,280.0,1
2024,10,7,1,MQ,SHV,DFW,1018,190.0,0.0,0
2024,11,7,4,AA,TPA,MIA,1515,204.0,4.0,0
2024,8,12,1,OO,ORD,CHO,1823,566.0,-6.0,0
2024,6,16,7,B6,BOS,JFK,1440,187.0,58.0,1
2024,9,30,1,G4,FSD,BNA,1349,741.0,-7.0,0
2024,9,17,2,MQ,SGF,ORD,1330,438.0,0.0,0
2024,11,14,4,UA,SFO,DEN,1425,967.0,-8.0,0
2024,7,25,4,DL,SEA,ATL,2217,2182.0,-4.0,0
2024,9,23,1,F9,SJU,MCO,1805,1189.0,5.0,0
2024,12,16,1,MQ,ORD,IAH,950,925.0,-5.0,0
2024,8,5,1,AA,PHX,JAX,1543,1786.0,-6.0,0
2024,12,5,4,B6,EWR,PBI,1700,1023.0,5.0,0
2024,8,16,5,NK,IAH,MIA,1148,964.0,-11.0,0
2024,12,7,6,OH,CLT,ILM,920,185.0,25.0,1
2024,10,14,1,F9,PBI,PHL,1010,951.0,-14.0,0
2024,11,1,5,WN,PHX,DEN,1555,602.0,-2.0,0
2024,8,22,4,UA,DEN,RAP,2048,300.0,-6.0,0
2024,9,6,5,MQ,DFW,MHK,1005,431.0,-3.0,0
2024,5,24,5,AS,LAX,PDX,1200,834.0,-3.0,0
2024,9,12,4,AA,DFW,SAN,2257,1171.0,19.0,0
2024,8,2,5,DL,ATL,STL,2259,484.0,9.0,0
2024,12,22,7,F9,MCO,SYR,641,1053.0,-10.0,0
2024,10,11,5,WN,HOU,MDW,1355,937.0,-3.0,0
2024,7,21,7,WN,BZN,LAS,1905,701.0,36.0,1
2024,4,2,2,AA,DFW,JAX,2025,918.0,0.0,0
2024,12,7,6,WN,SAV,MDW,1515,758.0,-9.0,0
2024,9,5,4,OO,SFO,LAX,1425,337.0,-1.0,0
2024,9,14,6,DL,JFK,PHX,835,2153.0,-5.0,0
2024,5,21,2,YX,CLT,BOS,1050,728.0,136.0,1
2024,1,27,6,WN,COS,MDW,705,917.0,17.0,1
2024,7,3,3,B6,SJU,EWR,1953,1608.0,-8.0,0
2024,6,14,5,WN,HNL,PHX,1100,2917.0,-2.0,0
2024,6,7,5,AS,DFW,SEA,1940,1660.0,105.0,1
2024,1,6,6,MQ,CRP,DFW,741,354.0,-8.0,0
2024,10,6,7,DL,FLL,BOS,1050,1237.0,-5.0,0
2024,1,13,6,MQ,GSP,CLT,1121,75.0,-3.0,0
2024,7,18,4,AS,SFO,HNL,1138,2398.0,0.0,0
2024,10,31,4,B6,BOS,MCO,1009,1121.0,-12.0,0
2024,1,18,4,DL,MIA,MCO,1925,192.0,26.0,1
2024,10,20,7,UA,MSN,ORD,1730,108.0,-4.0,0
2024,6,2,7,OO,DEN,MLI,1740,752.0,7.0,0
2024,5,9,4,OO,BIL,SLC,1835,387.0,-4.0,0
2024,7,6,6,HA,HNL,LIH,820,102.0,-3.0,0
2024,7,13,6,WN,FLL,DCA,635,899.0,-5.0,0
2024,10,24,4,B6,TPA,BDL,1045,1111.0,11.0,0
2024,2,28,3,DL,BOS,FLL,1200,1237.0,2.0,0
2024,1,26,5,OO,MDW,MSP,1128,349.0,-6.0,0
2024,4,25,4,G4,PGD,CVG,1146,850.0,-9.0,0
2024,10,1,2,WN,MSY,DCA,1025,969.0,-1.0,0
2024,8,19,1,OO,DEN,GUC,1120,152.0,-5.0,0
2024,7,4,4,WN,HOU,OAK,1620,1642.0,0.0,0
2024,7,27,6,WN,SJU,BNA,1510,1753.0,27.0,1
2024,5,14,2,AA,ORD,PHX,615,1440.0,-4.0,0
2024,6,19,3,WN,PHX,LAX,1220,370.0,-3.0,0
2024,8,18,7,F9,PHL,ATL,1053,666.0,-4.0,0
2024,11,30,6,B6,JFK,SFO,1000,2586.0,-4.0,0
2024,2,19,1,9E,LGA,ORH,1329,146.0,-9.0,0
2024,9,9,1,WN,SJC,PHX,1630,621.0,0.0,0
2024,3,28,4,B6,RSW,BOS,1603,1249.0,120.0,1
2024,10,3,4,9E,CAE,LGA,600,617.0,-7.0,0
2024,8,25,7,WN,SAN,LAS,1445,258.0,-9.0,0
2024,1,11,4,HA,HNL,OGG,635,100.0,-6.0,0
2024,4,25,4,DL,AUS,SEA,1425,1770.0,3.0,0
2024,7,6,6,DL,FLL,SLC,715,2084.0,0.0,0
2024,12,8,7,DL,BNA,ATL,1452,214.0,0.0,0
2024,1,12,5,WN,FLL,BWI,2020,925.0,9.0,0
2024,7,28,7,DL,MSP,DFW,655,852.0,0.0,0
2024,7,25,4,WN,MDW,AUS,525,972.0,-2.0,0
2024,10,25,5,F9,DFW,LAS,2257,1055.0,-5.0,0
2024,8,15,4,YX,LGA,SDF,915,659.0,-6.0,0
2024,5,16,4,OO,DEN,PSP,2030,776.0,12.0,0
2024,12,4,3,B6,SJU,EWR,1545,1608.0,-5.0,0
2024,12,29,7,MQ,GSO,MIA,525,710.0,0.0,0
2024,3,15,5,OO,IAH,MAF,1420,429.0,-4.0,1
2024,1,1,1,AA,BZN,DFW,1147,1163.0,-6.0,0
2024,10,23,3,DL,DTW,FLL,1830,1127.0,-5.0,0
2024,4,4,4,9E,CLT,JFK,1642,541.0,117.0,1
2024,11,25,1,9E,IND,JFK,1250,665.0,46.0,1
2024,12,29,7,WN,SFO,SAN,620,447.0,0.0,0
2024,1,6,6,WN,DAL,MSY,750,436.0,-4.0,0
2024,8,7,3,DL,ORD,MSP,1715,334.0,-8.0,0
2024,3,17,7,AA,FLL,DFW,1915,1119.0,78.0,1
2024,4,15,1,WN,CMH,MCO,1120,802.0,-2.0,0
2024,1,24,3,OO,LAX,SFO,930,337.0,41.0,1
2024,5,4,6,WN,PHX,STL,1135,1262.0,0.0,0
2024,1,9,2,UA,BNA,EWR,937,748.0,45.0,1
2024,12,6,5,OO,SEA,EUG,2140,234.0,11.0,0
2024,12,29,7,OO,SLC,BIL,1623,387.0,-6.0,0
2024,6,5,3,WN,BHM,DAL,1640,587.0,51.0,1
2024,3,22,5,OH,MLI,CLT,1628,674.0,15.0,1
2024,6,25,2,F9,SJU,RDU,1100,1433.0,-6.0,0
2024,6,13,4,WN,AUS,TPA,1530,928.0,2.0,0
2024,1,25,4,WN,RDU,BNA,1925,442.0,89.0,1
2024,10,30,3,OO,GTF,SLC,1140,463.0,-4.0,0
2024,8,4,7,OH,DCA,AGS,2000,468.0,136.0,1
2024,10,2,3,DL,DCA,LAX,1710,2311.0,-6.0,0
2024,3,5,2,DL,SLC,ATL,1740,1590.0,-1.0,0
2024,11,13,3,OO,LAX,BOI,1835,674.0,-5.0,0
2024,12,25,3,9E,LGA,TYS,1250,647.0,-6.0,0
2024,9,29,7,DL,ATL,LEX,1355,304.0,-5.0,0
2024,5,1,3,AA,BDL,CLT,951,644.0,1.0,0
2024,7,29,1,DL,AUS,JFK,1545,1521.0,32.0,0
2024,9,5,4,WN,ONT,SMF,1625,390.0,-3.0,0
2024,9,9,1,YX,LGA,CLE,1259,419.0,-6.0,0
2024,9,2,1,YX,EWR,DTW,1630,488.0,-6.0,1
2024,8,16,5,G4,TUL,LAX,2146,1283.0,9.0,0
2024,12,12,4,OO,PSP,SFO,1311,421.0,-9.0,1
2024,9,1,7,WN,PHX,MDW,1830,1444.0,42.0,1
2024,9,11,3,WN,LAS,OAK,920,407.0,47.0,1
2024,12,6,5,UA,EWR,SLC,1915,1969.0,-6.0,0
2024,3,22,5,AA,PHX,CLT,1222,1773.0,4.0,0
2024,4,3,3,DL,ATL,BHM,1910,134.0,-4.0,0
2024,7,30,2,OH,CLT,GNV,2221,388.0,81.0,1
2024,11,26,2,OO,SMF,LAX,1455,373.0,0.0,0
2024,3,5,2,WN,OMA,DCA,1225,1012.0,3.0,1
2024,9,7,6,DL,CVG,SEA,1843,1965.0,-6.0,0
2024,4,19,5,AA,ORD,FLL,829,1182.0,0.0,0
2024,2,29,4,AA,DTW,PHL,1717,453.0,-6.0,0
2024,1,12,5,AA,JAX,DFW,807,918.0,89.0,1
2024,6,29,6,UA,DEN,SFO,2120,967.0,57.0,1
2024,4,16,2,WN,BNA,AUS,1745,756.0,4.0,0
2024,6,12,3,WN,HOU,JAX,1510,816.0,12.0,0
2024,2,28,3,YX,EWR,RDU,1206,416.0,-11.0,0
2024,4,10,3,DL,ATL,DFW,1115,731.0,48.0,1
2024,1,11,4,9E,LGA,CLT,600,544.0,-6.0,0
2024,2,8,4,F9,DFW,DEN,1008,641.0,-13.0,0
2024,3,27,3,AA,BOS,PHL,1211,280.0,-9.0,0
2024,7,16,2,AS,SFO,PDX,2159,550.0,55.0,1
2024,8,24,6,NK,FLL,IAH,2058,966.0,-4.0,0
2024,8,9,5,DL,RDU,ATL,1129,356.0,-4.0,0
2024,4,18,4,WN,SFO,SAN,1235,447.0,32.0,1
2024,7,29,1,G4,MFE,SFB,1832,1059.0,-5.0,0
2024,8,23,5,OO,ASE,LAX,2015,737.0,-21.0,0
2024,5,1,3,F9,LAS,DEN,1903,628.0,-1.0,0
2024,2,21,3,YX,SYR,DCA,1148,298.0,-5.0,0
2024,5,26,7,OH,RIC,CLT,1630,257.0,154.0,1
2024,2,7,3,WN,MCO,PIT,920,834.0,30.0,1
2024,9,14,6,NK,MCO,SJU,700,1189.0,-7.0,0
2024,1,11,4,F9,PHL,MCO,1123,861.0,-8.0,0
2024,6,21,5,WN,MDW,PDX,810,1751.0,28.0,1
2024,12,19,4,F9,BWI,MIA,919,946.0,-7.0,0
2024,1,19,5,WN,MDW,MCI,1000,405.0,-5.0,0
2024,10,20,7,WN,FAT,LAS,1755,259.0,-2.0,0
2024,6,30,7,B6,BUF,FLL,857,1166.0,89.0,1
2024,5,19,7,B6,TPA,JFK,1929,1005.0,159.0,1
2024,12,5,4,OO,DEN,GJT,1550,212.0,-6.0,0
2024,6,29,6,WN,SAT,ATL,610,874.0,7.0,0
2024,4,3,3,WN,LAS,BOI,1530,519.0,-1.0,0
2024,12,7,6,AS,SEA,SAT,1229,1774.0,-6.0,0
2024,1,6,6,AA,JFK,DFW,1621,1391.0,-1.0,1
2024,2,9,5,B6,PSE,MCO,310,1179.0,-18.0,0
2024,7,16,2,YX,JFK,RDU,1729,427.0,-10.0,0
2024,12,5,4,MQ,PIA,DFW,626,672.0,-7.0,0
2024,11,23,6,NK,LAS,ABQ,1604,486.0,-7.0,0
2024,6,19,3,WN,HOU,DAL,1000,239.0,2.0,0
2024,1,9,2,OO,SLC,OAK,1530,588.0,385.0,1
2024,3,6,3,WN,DAL,AUS,1235,189.0,-3.0,0
2024,3,30,6,AA,PBI,DFW,1531,1102.0,-10.0,0
2024,8,9,5,DL,MSP,SMF,2155,1517.0,56.0,1
2024,9,10,2,UA,ICT,DEN,950,420.0,-1.0,0
2024,12,30,1,DL,MCO,JFK,825,944.0,-3.0,0
2024,3,12,2,WN,DEN,PHX,800,602.0,-4.0,0
2024,7,12,5,AA,ORD,AUS,1318,977.0,10.0,1
2024,2,16,5,WN,AUS,CMH,1350,1073.0,-7.0,0
2024,6,18,2,NK,SJU,TPA,1230,1237.0,-7.0,0
2024,8,31,6,UA,EWR,MSY,1300,1167.0,-9.0,0
2024,10,24,4,AA,SFO,JFK,1319,2586.0,-6.0,0
2024,7,29,1,F9,CLT,BWI,1733,361.0,51.0,1
2024,3,26,2,AA,JFK,MIA,1729,1089.0,-6.0,0
2024,3,22,5,AS,JFK,PDX,2000,2454.0,140.0,1
2024,1,12,5,9E,PIT,MSP,645,726.0,-6.0,0
2024,4,18,4,WN,RSW,IND,940,945.0,-1.0,0
2024,7,6,6,OO,DTW,ELM,2134,332.0,-9.0,0
2024,8,30,5,NK,AUS,LAS,600,1090.0,-2.0,0
2024,8,27,2,MQ,MIA,JAX,1340,335.0,-2.0,0
2024,12,27,5,AA,PHX,ONT,2140,325.0,-7.0,0
2024,9,11,3,OH,CLT,ECP,1527,437.0,3.0,0
2024,9,7,6,DL,MIA,BOS,1107,1258.0,-7.0,0
2024,12,9,1,UA,FLL,EWR,2030,1065.0,-3.0,0
2024,10,4,5,OO,LAX,SBA,1035,89.0,-6.0,0
2024,8,5,1,DL,SEA,RDU,1535,2354.0,10.0,0
2024,12,5,4,DL,SEA,SLC,1910,689.0,-4.0,0
2024,6,14,5,WN,JAX,DEN,1205,1447.0,-2.0,0
2024,12,27,5,G4,SAV,PIT,625,579.0,-13.0,0
2024,6,30,7,WN,LAS,LAX,725,236.0,17.0,0
2024,12,8,7,MQ,DFW,CID,1102,685.0,-4.0,0
2024,8,4,7,WN,SJC,SAN,1340,417.0,7.0,0
2024,3,17,7,DL,JAN,ATL,1217,341.0,-4.0,0
2024,12,18,3,OH,ICT,DFW,500,328.0,-3.0,0
2024,4,11,4,DL,LAS,ATL,1655,1747.0,14.0,0
2024,10,7,1,DL,ATL,TUL,815,674.0,-8.0,0
2024,8,5,1,NK,MCO,EWR,1522,937.0,227.0,1
2024,5,19,7,DL,RDU,MCO,1205,534.0,-2.0,0
2024,5,28,2,AA,FLL,CLT,1143,632.0,6.0,0
2024,1,5,5,DL,ATL,RSW,2235,515.0,3.0,0
2024,4,8,1,AA,MIA,SAT,2120,1143.0,58.0,1
2024,8,10,6,AA,SFO,PHX,1210,651.0,-5.0,0
2024,3,20,3,YX,ILM,LGA,1712,500.0,-8.0,0
2024,3,10,7,9E,SGF,ATL,1711,563.0,-3.0,0
2024,12,14,6,WN,MSY,DAL,1605,436.0,27.0,0
2024,5,13,1,WN,PIT,BNA,645,462.0,4.0,0
2024,8,23,5,DL,ATL,IAD,825,534.0,-5.0,0
2024,1,26,5,WN,HNL,ITO,1715,216.0,28.0,1
2024,11,30,6,G4,IND,SFB,1342,807.0,48.0,1
2024,9,19,4,WN,RDU,BWI,1525,255.0,22.0,0
2024,2,3,6,AS,SEA,TUS,1330,1216.0,-2.0,0
2024,6,25,2,OO,PDX,SEA,1737,129.0,-3.0,0
2024,12,9,1,F9,MCO,MSY,1306,551.0,-11.0,0
2024,10,7,1,DL,ATL,PDX,835,2172.0,-8.0,0
2024,8,8,4,DL,SLC,STL,950,1156.0,-12.0,0
2024,4,8,1,DL,JAX,DTW,1836,813.0,-4.0,0
2024,6,28,5,DL,ATL,PBI,1530,545.0,1.0,0
2024,8,16,5,DL,DEN,LGA,1031,1620.0,-10.0,0
2024,1,15,1,WN,DSM,DEN,1525,589.0,373.0,1
2024,8,12,1,WN,BWI,MYR,1510,399.0,-5.0,0
2024,10,14,1,WN,DSM,STL,1820,259.0,-3.0,0
2024,9,13,5,AA,CLT,JAX,1135,328.0,21.0,0
2024,4,16,2,DL,ATL,DSM,1605,743.0,-4.0,0
2024,6,16,7,DL,SAT,MSP,1134,1097.0,-3.0,0
2024,4,18,4,DL,ATL,GNV,1345,300.0,-5.0,0
2024,3,10,7,AA,CLT,RSW,900,600.0,163.0,1
2024,11,21,4,F9,LAS,DEN,1230,628.0,-5.0,0
2024,8,4,7,WN,BUR,BNA,810,1791.0,-1.0,0
2024,5,9,4,AA,RSW,CLT,1740,600.0,136.0,1
2024,5,11,6,AA,JFK,PHX,836,2153.0,-6.0,0
2024,4,10,3,OO,IAD,DTW,1808,383.0,-3.0,0
2024,6,19,3,UA,SEA,SFO,1143,679.0,14.0,1
2024,1,21,7,F9,TTN,TPA,1718,955.0,57.0,1
2024,7,15,1,DL,DTW,IAH,1609,1075.0,-3.0,0
2024,7,19,5,AA,BWI,CLT,1333,361.0,161.0,1
2024,10,4,5,OO,LEX,DEN,900,1086.0,118.0,1
2024,4,12,5,WN,DEN,DAL,1550,651.0,7.0,0
2024,12,22,7,OO,HRL,DFW,1959,461.0,-1.0,0
2024,9,5,4,NK,CLT,LAX,814,2125.0,-1.0,0
2024,7,29,1,OO,ACT,DFW,1032,89.0,-4.0,0
2024,11,9,6,DL,PHX,MSP,1506,1276.0,0.0,0
2024,6,1,6,DL,DTW,DFW,1250,986.0,4.0,1
2024,5,6,1,WN,MCO,MSY,805,551.0,-4.0,0
2024,9,28,6,WN,ELP,AUS,1510,528.0,0.0,0
2024,6,23,7,NK,LAS,BUR,1226,223.0,89.0,1
2024,11,19,2,AA,CLT,FLL,1924,632.0,-5.0,0
2024,4,27,6,AA,DCA,ORD,659,612.0,-9.0,0
2024,1,4,4,HA,OGG,HNL,930,100.0,-2.0,0
2024,10,7,1,UA,AUS,EWR,1840,1504.0,4.0,0
2024,4,10,3,UA,CLT,EWR,1130,529.0,-7.0,0
2024,4,18,4,WN,AUS,IND,1800,919.0,5.0,0
2024,4,4,4,WN,MDW,MSY,805,825.0,0.0,0
2024,8,14,3,OH,DCA,PVD,1253,356.0,-6.0,0
2024,4,21,7,DL,SLC,BWI,2330,1865.0,-11.0,0
2024,1,11,4,WN,BWI,PHX,645,1999.0,14.0,1
2024,6,18,2,DL,SAN,SEA,1920,1050.0,-6.0,0
2024,10,13,7,WN,BWI,ATL,1940,577.0,-4.0,0
2024,3,19,2,OO,ATW,ORD,1040,160.0,-10.0,0
2024,11,16,6,WN,ITO,HNL,840,216.0,-7.0,0
2024,8,12,1,WN,HOU,DEN,545,883.0,-1.0,0
2024,12,7,6,DL,DCA,LAX,1710,2311.0,230.0,1
2024,4,30,2,NK,EWR,MCO,559,937.0,-10.0,0
2024,4,12,5,OO,FAR,ORD,730,557.0,114.0,1
2024,3,3,7,WN,LIH,HNL,1430,102.0,18.0,0
2024,2,19,1,G4,SFB,CAK,1511,837.0,-1.0,0
2024,9,1,7,AA,SYR,CLT,1718,603.0,20.0,1
2024,6,9,7,UA,LAX,IAH,1312,1379.0,-4.0,0
2024,5,21,2,NK,MSY,LAX,1443,1670.0,2.0,0
2024,6,21,5,WN,MCI,DEN,1705,533.0,82.0,1
2024,6,30,7,9E,RDU,BNA,725,442.0,-10.0,0
2024,5,17,5,F9,ORD,ATL,1637,606.0,58.0,1
2024,4,26,5,UA,HNL,LAX,2140,2556.0,-4.0,0
2024,10,27,7,DL,ATL,LAX,1535,1947.0,22.0,0
2024,8,12,1,YX,CMH,EWR,1312,463.0,-5.0,0
2024,2,7,3,DL,IAH,ATL,600,689.0,-7.0,0
2024,6,11,2,WN,DEN,DAL,715,651.0,-5.0,0
2024,8,29,4,9E,CVG,DCA,1351,411.0,2.0,0
2024,6,14,5,AA,OKC,DCA,1721,1158.0,-8.0,0
2024,10,2,3,AA,PHX,PHL,715,2075.0,-3.0,0
2024,9,25,3,UA,IAH,DFW,1441,224.0,105.0,1
2024,1,12,5,NK,PBI,LGA,1805,1035.0,9.0,0
2024,6,11,2,OO,SFO,SNA,1320,372.0,-7.0,0
2024,4,21,7,MQ,ILM,DFW,645,1106.0,-1.0,0
2024,7,21,7,OO,ALW,SEA,500,213.0,-4.0,0
2024,6,28,5,WN,BNA,BWI,510,587.0,-4.0,0
2024,1,14,7,WN,KOA,HNL,1035,163.0,-4.0,0
2024,9,28,6,AA,CLT,XNA,1115,754.0,1.0,0
2024,1,19,5,WN,MAF,HOU,1300,441.0,-8.0,0
2024,8,27,2,WN,HOU,HRL,900,277.0,4.0,0
2024,4,26,5,AA,LAX,MCO,2228,2218.0,20.0,0
2024,11,14,4,9E,CHS,JFK,1651,636.0,15.0,0
2024,2,10,6,YX,DCA,BNA,1728,562.0,-11.0,0
2024,9,20,5,WN,OAK,PHX,1145,646.0,1.0,0
2024,6,14,5,AA,RIC,CLT,635,257.0,4.0,0
2024,9,7,6,F9,DEN,PHX,1445,602.0,-1.0,0
2024,4,23,2,WN,SMF,LGB,1720,387.0,-5.0,0
2024,11,21,4,B6,JFK,SYR,944,209.0,-9.0,0
2024,9,26,4,WN,SAN,SFO,945,447.0,56.0,1
2024,3,16,6,UA,DEN,LAX,1330,862.0,-2.0,0
2024,3,18,1,YX,ORD,BOS,1320,867.0,-5.0,0
2024,6,10,1,UA,ORD,ALB,710,723.0,-3.0,0
2024,10,23,3,WN,PHX,ELP,1845,347.0,22.0,0
2024,11,30,6,UA,FLL,EWR,1256,1065.0,119.0,1
2024,5,23,4,OO,ATL,SBN,950,566.0,-3.0,0
2024,9,17,2,DL,DTW,MCI,1215,629.0,-3.0,0
2024,11,22,5,F9,PBI,PHL,1253,951.0,-6.0,0
2024,6,29,6,AA,CLT,LAS,2033,1916.0,-1.0,0
2024,7,31,3,WN,DEN,MCI,830,533.0,-2.0,0
2024,8,14,3,AA,PBI,CLT,1341,590.0,43.0,1
2024,2,18,7,DL,ATL,OKC,1745,761.0,-7.0,0
2024,10,24,4,AS,SEA,MSP,1845,1399.0,20.0,0
2024,6,1,6,OO,PDX,FAT,1805,626.0,-9.0,0
2024,6,24,1,OO,LAX,SMF,1300,373.0,-7.0,0
2024,3,3,7,AA,MIA,MSP,2102,1501.0,34.0,1
2024,3,24,7,G4,CVG,PBI,630,892.0,-1.0,0
2024,2,20,2,OO,SFO,RDM,1625,462.0,14.0,0
2024,6,8,6,NK,LAS,LAX,610,236.0,-7.0,0
2024,9,24,2,WN,ITO,HNL,615,216.0,-4.0,0
2024,1,31,3,F9,SJU,PHL,59,1576.0,19.0,1
2024,4,18,4,DL,LAX,LAS,825,236.0,-6.0,0
2024,10,11,5,YX,LGA,PIT,1057,335.0,-5.0,0
2024,12,1,7,WN,LAS,SAN,1845,258.0,-2.0,0
2024,4,24,3,OO,SFO,LAX,1150,337.0,-7.0,0
2024,4,9,2,AS,BNA,SEA,900,1978.0,3.0,0
2024,8,12,1,AA,EWR,PHX,1732,2133.0,0.0,0
2024,11,17,7,OO,DTW,MBS,1619,98.0,-9.0,0
2024,1,12,5,AA,LAX,DFW,705,1235.0,89.0,1
2024,2,16,5,WN,MDW,PIT,1315,402.0,3.0,0
2024,2,20,2,AA,MIA,PIT,2101,1013.0,0.0,0
2024,10,15,2,AA,PHL,RDU,1604,337.0,-6.0,0
2024,2,26,1,AA,DCA,MCO,816,759.0,-10.0,0
2024,2,6,2,9E,JAX,LGA,1918,833.0,-10.0,0
2024,8,1,4,WN,TPA,CMH,555,829.0,-1.0,0
2024,11,5,2,UA,DEN,AUS,1325,775.0,2.0,0
2024,5,7,2,OO,LAX,SLC,1601,590.0,-7.0,0
2024,5,25,6,B6,SRQ,JFK,1330,1041.0,2.0,0
2024,2,5,1,DL,PHX,SEA,1420,1107.0,-2.0,0
2024,8,19,1,OH,DCA,GSO,1359,248.0,0.0,0
2024,5,17,5,AA,ECP,DFW,655,685.0,-3.0,0
2024,7,18,4,AA,PHL,LAX,1030,2402.0,-4.0,0
2024,5,9,4,WN,ORD,DEN,2100,888.0,-3.0,0
2024,7,9,2,DL,ATL,RNO,1933,1993.0,18.0,1
2024,10,21,1,DL,MSP,MCO,710,1310.0,14.0,0
2024,12,19,4,AA,DEN,PHL,1213,1558.0,9.0,0
2024,7,23,2,UA,ORD,MDT,1825,594.0,94.0,1
2024,12,29,7,OH,BHM,CLT,826,350.0,68.0,1
2024,12,28,6,UA,SRQ,ORD,1227,1050.0,0.0,1
2024,9,10,2,DL,ORD,MSP,1540,334.0,4.0,0
2024,4,25,4,WN,MDW,MSP,740,349.0,-5.0,0
2024,5,5,7,AA,AUS,DFW,600,190.0,-2.0,0
2024,4,14,7,WN,MDW,LGA,1815,725.0,6.0,1
2024,4,25,4,AA,LGA,CLT,1325,544.0,-4.0,0
2024,1,16,2,OO,SFO,PSP,1025,421.0,-3.0,0
2024,4,7,7,OO,BHM,DEN,1513,1083.0,4.0,0
2024,9,18,3,AA,CLT,ILM,1826,185.0,5.0,0
2024,9,9,1,OH,CLT,ABE,1450,481.0,-5.0,0
2024,4,13,6,OO,SEA,BLI,2305,93.0,-10.0,0
2024,11,7,4,YX,JFK,CVG,1315,589.0,-9.0,0
2024,7,16,2,AS,PDX,LAS,1330,763.0,0.0,0
2024,7,23,2,WN,RDU,STL,1950,667.0,48.0,1
2024,11,7,4,YX,DCA,LGA,845,214.0,-4.0,0
2024,9,19,4,MQ,MIA,EYW,1629,126.0,46.0,1
2024,6,13,4,AA,LAS,CLT,1401,1916.0,-1.0,0
2024,7,17,3,YX,PIT,BOS,1726,496.0,193.0,1
2024,1,6,6,OO,GSO,DEN,826,1370.0,-4.0,0
2024,2,19,1,AA,BWI,MIA,600,946.0,-4.0,0
2024,6,28,5,NK,DFW,MCO,710,985.0,-4.0,0
2024,9,22,7,OO,RDM,LAX,1552,726.0,3.0,0
2024,7,31,3,WN,BNA,MCI,1210,491.0,9.0,0
2024,10,7,1,AA,GRR,DFW,527,931.0,-5.0,0
2024,7,22,1,B6,SJU,JFK,1225,1598.0,569.0,1
2024,12,15,7,DL,MCO,LGA,1740,950.0,0.0,0
2024,9,8,7,AA,TPA,PHL,1733,920.0,-7.0,0
2024,1,2,2,HA,HNL,KOA,540,163.0,6.0,0
2024,1,2,2,DL,LAX,JFK,1530,2475.0,12.0,0
2024,12,30,1,DL,MSP,SFO,2130,1589.0,59.0,1
2024,10,4,5,AA,PHX,ORD,941,1440.0,-7.0,0
2024,5,26,7,B6,RIC,FLL,600,805.0,-10.0,0
2024,7,10,3,B6,EWR,SJU,1735,1608.0,24.0,1
2024,6,19,3,AS,SEA,OMA,854,1368.0,13.0,1
2024,9,2,1,DL,BOS,RSW,700,1249.0,-5.0,0
2024,2,8,4,UA,EWR,CLE,1729,404.0,0.0,0
2024,3,12,2,OH,CLT,GSO,2254,83.0,-5.0,0
2024,12,4,3,WN,LAS,PHX,1745,255.0,3.0,0
2024,8,15,4,WN,SAN,SFO,800,447.0,13.0,1
2024,6,27,4,OH,MLI,CLT,705,674.0,-13.0,0
2024,3,21,4,AA,DFW,SAN,831,1171.0,-5.0,0
2024,3,27,3,NK,MCO,BOS,1602,1121.0,-2.0,1
2024,11,19,2,OO,AUS,BNA,738,756.0,-5.0,0
2024,5,27,1,WN,ABQ,OAK,600,889.0,100.0,1
2024,6,30,7,NK,DTW,BOS,550,632.0,-2.0,0
2024,7,9,2,UA,ROC,EWR,640,246.0,31.0,0
2024,5,9,4,DL,BOS,MSY,720,1368.0,-2.0,0
2024,5,28,2,MQ,ORD,TUL,2030,585.0,79.0,1
2024,12,11,3,OO,PHX,DRO,1635,351.0,44.0,1
2024,12,8,7,OO,BFL,DEN,525,845.0,-9.0,0
2024,8,15,4,WN,MDW,STL,730,251.0,-5.0,0
2024,12,12,4,F9,OKC,LAS,1823,986.0,-12.0,0
2024,12,24,2,DL,ATL,ONT,855,1900.0,0.0,0
2024,12,30,1,OO,GTF,SLC,530,463.0,223.0,1
2024,3,3,7,OO,CMH,MSP,1643,626.0,-1.0,0
2024,11,17,7,WN,SJC,ONT,2050,333.0,0.0,0
2024,9,28,6,WN,SJU,BWI,1605,1565.0,2.0,0
2024,5,31,5,OH,LEX,CLT,640,281.0,-10.0,0
2024,2,27,2,DL,LIT,ATL,940,453.0,-7.0,0
2024,11,14,4,OH,LEX,CLT,811,281.0,-12.0,0
2024,5,20,1,WN,BWI,SYR,935,273.0,-2.0,0
2024,10,8,2,OH,PNS,CLT,1256,488.0,4.0,1
2024,10,9,3,AA,LAX,PHX,950,370.0,-3.0,0
2024,5,14,2,DL,CHS,ATL,647,259.0,-9.0,0
2024,8,5,1,WN,BNA,AUS,2115,756.0,10.0,0
2024,4,13,6,UA,SFO,IAD,1648,2419.0,10.0,0
2024,10,24,4,9E,ATL,CAE,900,192.0,-6.0,0
2024,9,7,6,AA,LAS,PHX,1310,255.0,10.0,0
2024,4,8,1,UA,CLT,EWR,600,529.0,-6.0,0
2024,3,30,6,WN,TPA,MKE,940,1075.0,4.0,0
2024,11,4,1,B6,LAX,JFK,1400,2475.0,-9.0,0
2024,9,20,5,OO,BIS,MSP,1319,386.0,7.0,0
2024,10,21,1,DL,LGA,ORD,1800,733.0,-10.0,1
2024,7,9,2,AS,EWR,SFO,900,2565.0,-16.0,0
2024,2,1,4,DL,MSP,LAX,1055,1535.0,-5.0,0
2024,6,3,1,WN,PHX,OAK,605,646.0,-2.0,0
2024,1,14,7,F9,FAR,DEN,1427,627.0,-10.0,0
2024,3,5,2,AA,MCI,DFW,713,460.0,-4.0,0
2024,9,2,1,OO,PDX,SJC,610,569.0,-6.0,0
2024,11,1,5,G4,TYS,EWR,810,631.0,13.0,0
2024,5,31,5,WN,CMH,MDW,615,283.0,-5.0,0
2024,12,22,7,WN,CMH,BWI,600,337.0,2.0,0
2024,4,7,7,WN,BUF,LAS,640,1986.0,-4.0,0
2024,5,19,7,YX,IND,EWR,850,645.0,-8.0,0
2024,8,22,4,WN,BWI,RDU,1805,255.0,-9.0,0
2024,8,25,7,YX,BTV,IAD,545,441.0,-5.0,0
2024,3,5,2,OO,DEN,FSD,2044,483.0,8.0,0
2024,10,15,2,WN,SLC,DAL,1030,999.0,-3.0,0
2024,11,5,2,OH,SAV,DCA,900,519.0,-7.0,0
2024,10,17,4,AA,DFW,LAS,700,1055.0,-8.0,0
2024,1,30,2,AA,GRR,DFW,1516,931.0,-8.0,0
2024,12,17,2,UA,SFO,PDX,1825,550.0,2.0,0
2024,4,25,4,WN,MDW,HOU,720,937.0,-1.0,0
2024,9,14,6,WN,PDX,SJC,815,569.0,-4.0,0
2024,6,6,4,MQ,ORD,XNA,1830,522.0,-1.0,0
2024,6,29,6,DL,CHA,ATL,1555,106.0,-5.0,1
2024,2,16,5,9E,OMA,DTW,1200,651.0,-10.0,0
2024,12,16,1,DL,ATL,TLH,1755,223.0,-9.0,0
2024,1,29,1,HA,SAN,HNL,915,2614.0,-5.0,0
2024,10,11,5,OH,DCA,MSP,1523,931.0,-12.0,0
2024,8,23,5,UA,IAH,SAT,1810,191.0,1.0,0
2024,8,28,3,YX,PWM,LGA,1119,269.0,-3.0,0
2024,6,19,3,DL,PHX,MSP,600,1276.0,-3.0,0
2024,11,28,4,DL,SAN,SEA,1115,1050.0,-10.0,0
2024,9,10,2,AA,MIA,JFK,634,1089.0,-5.0,0
2024,11,17,7,WN,ORD,PHX,1455,1440.0,6.0,0
2024,2,10,6,AA,DFW,MFE,1735,469.0,18.0,1
2024,3,26,2,9E,AUS,CVG,1015,958.0,25.0,0
2024,12,25,3,AA,DFW,AUS,1720,190.0,-4.0,0
2024,10,11,5,WN,SMF,SAN,730,480.0,-1.0,1
2024,6,6,4,G4,GEG,LAS,943,806.0,2.0,0
2024,3,18,1,YX,LGA,DCA,1645,214.0,-1.0,0
2024,2,4,7,UA,EWR,TPA,1620,997.0,0.0,0
2024,3,3,7,AA,MIA,DCA,810,919.0,0.0,0
2024,6,19,3,AA,DFW,MIA,2041,1121.0,25.0,0
2024,9,3,2,WN,HOU,MAF,900,441.0,-1.0,0
2024,9,18,3,DL,DTW,CLT,730,500.0,-9.0,0
2024,6,26,3,OH,ABE,CLT,1222,481.0,-4.0,0
2024,1,13,6,AS,FLL,SAN,1650,2269.0,-7.0,1
2024,10,25,5,DL,ATL,VPS,1115,250.0,-6.0,0
2024,5,12,7,B6,SFO,JFK,2214,2586.0,6.0,0
2024,11,13,3,YX,GRR,EWR,600,605.0,24.0,0
2024,9,25,3,WN,BWI,DAL,1840,1209.0,2.0,0
2024,7,1,1,9E,CHA,ATL,535,106.0,-4.0,0
2024,12,15,7,YX,JFK,IND,945,665.0,-6.0,0
2024,7,28,7,DL,SNA,SLC,1710,588.0,-7.0,0
2024,9,14,6,UA,EWR,MCO,615,937.0,-14.0,0
2024,7,11,4,OO,ATL,CRW,2132,363.0,-5.0,0
2024,5,15,3,WN,MDW,DCA,1155,601.0,-1.0,0
2024,4,24,3,F9,ATL,BUF,725,712.0,-8.0,0
2024,11,26,2,WN,COS,DEN,605,73.0,1.0,0
2024,10,31,4,OO,MSP,GRB,1945,252.0,5.0,0
2024,1,10,3,YX,CVG,EWR,1921,569.0,-10.0,0
2024,10,12,6,B6,TPA,BOS,725,1185.0,-8.0,0
2024,2,19,1,AS,SEA,SAN,1845,1050.0,-5.0,1
2024,10,18,5,DL,MSP,PHX,1147,1276.0,-2.0,0
2024,12,29,7,9E,LGA,CVG,850,585.0,-8.0,0
2024,4,23,2,9E,ATL,TRI,1712,227.0,-5.0,0
2024,10,18,5,OO,FLG,PHX,826,119.0,156.0,1
2024,7,5,5,WN,MDW,RDU,1455,632.0,20.0,0
2024,9,25,3,F9,DFW,ATL,959,731.0,31.0,1
2024,1,10,3,YX,DCA,BOS,1700,399.0,-4.0,0
2024,10,14,1,DL,ATL,ORD,715,606.0,-2.0,0
2024,1,31,3,YX,BNA,DCA,1818,562.0,-10.0,0
2024,7,4,4,UA,BTV,ORD,630,763.0,-4.0,0
2024,12,30,1,OO,SAF,PHX,1831,370.0,31.0,1
2024,10,4,5,UA,BOS,EWR,1805,200.0,-4.0,0
2024,11,22,5,HA,LAS,HNL,915,2762.0,-5.0,0
2024,10,5,6,DL,BIS,MSP,750,386.0,14.0,0
2024,9,10,2,DL,ATL,DTW,920,594.0,-6.0,0
2024,7,26,5,B6,SFO,JFK,1220,2586.0,-7.0,0
2024,5,12,7,AA,LGA,MIA,653,1096.0,-9.0,0
2024,5,27,1,DL,ATL,MDW,1705,591.0,5.0,0
2024,8,9,5,AA,PNS,DFW,705,604.0,-2.0,0
2024,4,11,4,DL,DTW,DFW,843,986.0,22.0,1
2024,1,3,3,OH,SAV,DCA,739,519.0,-9.0,0
2024,8,24,6,NK,CLE,MCO,2152,895.0,-17.0,0
2024,8,19,1,NK,ACY,MYR,1657,466.0,-4.0,0
2024,12,18,3,UA,DEN,IAD,800,1452.0,-6.0,0
2024,5,9,4,WN,LAS,ABQ,2105,486.0,4.0,0
2024,4,6,6,AA,SAN,MIA,630,2267.0,-5.0,0
2024,12,20,5,DL,MCO,ATL,700,404.0,157.0,1
2024,12,20,5,HA,OGG,HNL,1100,100.0,5.0,0
2024,5,25,6,AA,BNA,DFW,1331,631.0,41.0,1
2024,7,5,5,WN,ISP,BWI,1425,220.0,31.0,1
2024,5,27,1,DL,ILM,ATL,1428,377.0,76.0,1
2024,6,10,1,HA,OGG,HNL,1900,100.0,-7.0,0
2024,8,4,7,WN,ELP,HOU,1655,677.0,6.0,0
2024,7,3,3,DL,IND,ATL,1827,432.0,-2.0,0
2024,5,10,5,UA,EWR,MCO,933,937.0,-4.0,0
2024,11,18,1,MQ,RDU,ORD,727,646.0,-8.0,0
2024,12,16,1,OH,RSW,DCA,1854,892.0,315.0,1
2024,10,20,7,AA,MSY,CLT,1835,651.0,-1.0,0
2024,10,30,3,OO,SAN,MRY,1231,375.0,33.0,1
2024,5,20,1,WN,BWI,RSW,1535,919.0,26.0,0
2024,6,18,2,AA,CLT,MSP,2135,930.0,-6.0,0
2024,2,29,4,G4,SFB,IND,1307,807.0,-13.0,0
2024,10,29,2,OH,PWM,DCA,1700,482.0,95.0,1
2024,4,26,5,AA,CLT,AUS,810,1032.0,-3.0,0
2024,6,6,4,WN,BNA,OAK,1710,1959.0,-3.0,0
2024,6,26,3,YX,LGA,IND,1115,660.0,56.0,1
2024,6,7,5,UA,IAH,EWR,600,1400.0,7.0,0
2024,8,14,3,B6,DCA,FLL,1045,899.0,1.0,0
2024,6,27,4,UA,DCA,ORD,1800,612.0,25.0,1
2024,2,9,5,F9,BNA,PHX,1324,1449.0,-3.0,0
2024,12,23,1,DL,SLC,ATL,1750,1590.0,-6.0,0
2024,8,11,7,DL,ATL,PHL,1010,666.0,-6.0,0
2024,12,14,6,DL,ATL,DEN,1646,1199.0,-4.0,0
2024,4,22,1,OH,CLT,MLB,1120,490.0,-2.0,0
2024,2,9,5,NK,PHL,BNA,1159,675.0,-5.0,0
2024,7,11,4,WN,OAK,HNL,925,2409.0,3.0,0
2024,7,30,2,UA,EWR,LAX,1400,2454.0,1.0,0
2024,11,10,7,AS,EWR,SEA,702,2402.0,-8.0,0
2024,3,22,5,WN,SJC,SAN,1800,417.0,-6.0,0
2024,7,11,4,F9,SJU,PHL,2009,1576.0,26.0,1
2024,2,5,1,AS,SEA,PHX,1705,1107.0,-9.0,0
2024,3,1,5,UA,PBI,IAD,1335,859.0,-10.0,0
2024,6,22,6,UA,DEN,LAS,745,628.0,-9.0,0
2024,12,21,6,DL,ATL,PBI,715,545.0,0.0,0
2024,2,26,1,YX,BOS,DCA,1201,399.0,-9.0,0
2024,3,21,4,DL,DTW,DCA,1759,405.0,-7.0,0
2024,5,14,2,AA,MEM,PHX,735,1264.0,15.0,0
2024,12,22,7,AA,DTW,DFW,1555,986.0,24.0,0
2024,3,13,3,WN,IND,RSW,700,945.0,2.0,0
2024,7,14,7,B6,JFK,DEN,2020,1626.0,54.0,1
2024,4,4,4,OO,DFW,SAF,1127,551.0,-1.0,0
2024,3,29,5,WN,DEN,MCI,1050,533.0,-2.0,0
2024,6,19,3,YX,LGA,GSP,1240,610.0,-5.0,0
2024,12,22,7,AA,LGA,CLT,700,544.0,154.0,1
2024,4,26,5,UA,DEN,IAH,746,862.0,477.0,1
2024,6,6,4,WN,AUS,PHX,1930,872.0,26.0,0
2024,9,4,3,WN,BUR,DEN,1535,850.0,20.0,1
2024,7,30,2,AA,OMA,ORD,1741,416.0,-9.0,1
2024,3,26,2,9E,PIT,LGA,1000,335.0,-9.0,0
2024,5,6,1,DL,PNS,ATL,1921,271.0,0.0,0
2024,5,4,6,OO,ELP,ORD,1240,1236.0,54.0,1
2024,7,14,7,AA,DEN,DFW,1445,641.0,9.0,0
2024,4,1,1,WN,BHM,MCO,1840,479.0,-7.0,0
2024,5,22,3,B6,SYR,BOS,900,265.0,-8.0,0
2024,8,5,1,UA,DEN,LAX,1901,862.0,87.0,1
2024,10,29,2,UA,ORD,LGA,710,733.0,-4.0,0
2024,3,25,1,DL,STL,ATL,1421,484.0,135.0,1
2024,4,1,1,WN,AUS,HOU,845,148.0,-2.0,0
2024,8,17,6,AA,EGE,DFW,832,721.0,5.0,0
2024,8,11,7,AA,PHL,TPA,1859,920.0,7.0,0
2024,10,9,3,OO,SMF,SAN,1035,480.0,-8.0,0
2024,12,28,6,OO,MDT,DTW,1219,371.0,-10.0,0
2024,2,22,4,DL,ABQ,SLC,530,493.0,0.0,0
2024,10,8,2,DL,JFK,SFO,1950,2586.0,-2.0,0
2024,7,11,4,WN,LAX,MCI,1840,1363.0,141.0,1
2024,8,18,7,NK,ACY,MCO,705,852.0,-8.0,0
2024,3,23,6,9E,LGA,GSP,940,610.0,80.0,1
2024,12,16,1,B6,MCO,HPN,1100,972.0,-4.0,0
2024,12,11,3,OH,DCA,MYR,1730,372.0,167.0,1
2024,12,9,1,OO,MAF,IAH,1510,429.0,-12.0,0
2024,6,1,6,WN,ORD,MCO,1330,1005.0,-2.0,0
2024,3,9,6,B6,MCO,BOS,844,1121.0,27.0,1
2024,11,16,6,HA,SMF,OGG,700,2404.0,3.0,0
2024,12,20,5,UA,SFO,IAH,715,1635.0,-6.0,0
2024,10,12,6,AA,SNA,CLT,740,2099.0,-6.0,0
2024,12,25,3,B6,RSW,HPN,1605,1102.0,74.0,1
2024,4,18,4,DL,SFO,SLC,1325,599.0,59.0,1
2024,7,25,4,DL,BUF,ATL,1559,712.0,0.0,0
2024,5,11,6,DL,DTW,IAH,1259,1075.0,-6.0,0
2024,4,7,7,9E,LGA,PVD,2159,143.0,-5.0,0
2024,8,25,7,DL,MSP,MKE,1008,297.0,-6.0,0
2024,7,5,5,WN,ORD,MCO,600,1005.0,-1.0,0
2024,6,25,2,AA,DFW,TPA,726,929.0,0.0,0
2024,11,23,6,OO,LAS,SAN,1745,258.0,49.0,1
2024,9,28,6,UA,IAH,BOS,1830,1597.0,-10.0,0
2024,1,24,3,DL,LGA,PBI,1108,1035.0,5.0,0
2024,8,20,2,UA,IAH,DCA,730,1208.0,-2.0,0
2024,8,9,5,WN,BWI,DEN,2040,1491.0,58.0,1
2024,9,18,3,WN,HOU,DCA,730,1218.0,-3.0,0
2024,1,6,6,OO,DEN,BIS,1000,516.0,-5.0,0
2024,6,21,5,AA,CLE,DFW,1516,1021.0,0.0,0
2024,6,29,6,WN,ORF,MDW,1900,704.0,36.0,1
2024,2,16,5,WN,FLL,BWI,1745,925.0,7.0,0
2024,7,31,3,UA,DEN,SAN,745,853.0,-9.0,0
2024,2,7,3,UA,DTW,EWR,1211,488.0,-10.0,0
2024,10,13,7,NK,FLL,DFW,1300,1119.0,-6.0,0
2024,12,18,3,WN,PHX,LGB,1640,355.0,2.0,0
2024,11,9,6,UA,TPA,EWR,1114,997.0,-14.0,0
2024,5,18,6,YX,BOS,ORD,1000,867.0,-11.0,0
2024,6,18,2,UA,ORD,IAH,1245,925.0,-1.0,0
2024,9,10,2,YX,ORD,SDF,1959,286.0,-1.0,0
2024,11,18,1,NK,FLL,PNS,700,525.0,12.0,0
2024,1,16,2,WN,CHS,BNA,625,439.0,1.0,0
2024,4,21,7,UA,ONT,DEN,1336,819.0,0.0,0
2024,9,3,2,AA,ORD,EWR,704,719.0,-5.0,0
2024,8,25,7,AA,ORD,PHL,510,678.0,-3.0,0
2024,6,11,2,AS,DFW,SEA,906,1660.0,-2.0,1
2024,1,21,7,YX,DCA,DTW,600,405.0,5.0,0
2024,8,22,4,NK,LAS,ABQ,1935,486.0,115.0,1
2024,3,17,7,UA,MFR,SFO,600,329.0,-5.0,0
2024,2,13,2,DL,SMF,SLC,1330,532.0,-8.0,0
2024,9,30,1,DL,DFW,ATL,1758,731.0,-7.0,0
2024,3,14,4,DL,LAX,PDX,2025,834.0,90.0,1
2024,2,10,6,AA,CLT,AUS,1100,1032.0,-4.0,1
2024,4,20,6,WN,PHX,LAS,1855,255.0,18.0,0
2024,3,7,4,DL,JFK,SFO,1915,2586.0,0.0,0
2024,4,1,1,WN,OMA,DEN,2155,472.0,-2.0,0
2024,8,21,3,YX,IND,IAD,545,476.0,7.0,0
2024,7,1,1,WN,DEN,DAL,1545,651.0,25.0,1
2024,3,17,7,NK,LGA,FLL,1209,1076.0,35.0,1
2024,7,19,5,AA,ATL,MIA,700,594.0,29.0,1
2024,11,18,1,MQ,DFW,CRP,1016,354.0,54.0,1
2024,5,22,3,DL,SAN,MSP,1152,1532.0,-1.0,0
2024,5,5,7,AA,DFW,SMF,2231,1431.0,7.0,0
2024,1,5,5,WN,FLL,TPA,1900,197.0,-3.0,0
2024,5,25,6,DL,PHL,ATL,745,666.0,8.0,0
2024,6,8,6,DL,ATL,DEN,1620,1199.0,-1.0,1
2024,6,30,7,UA,DSM,IAH,605,802.0,15.0,0
2024,1,21,7,G4,SFB,PIT,1759,809.0,-9.0,0
2024,7,18,4,OO,AUS,CVG,859,958.0,44.0,1
2024,5,18,6,9E,ROC,JFK,502,264.0,-2.0,0
2024,1,29,1,UA,IAD,MCO,2200,758.0,-2.0,0
2024,9,1,7,WN,MDW,CMH,1045,283.0,-10.0,0
2024,6,28,5,DL,LAS,SEA,1940,867.0,-1.0,0
2024,3,28,4,AA,DFW,RIC,1936,1158.0,104.0,1
2024,3,22,5,DL,LAX,JFK,700,2475.0,2.0,0
2024,4,29,1,DL,LAS,MSP,1356,1299.0,-5.0,0
2024,6,30,7,WN,CLE,BNA,615,448.0,-1.0,0
2024,8,5,1,DL,ATL,SAV,2250,214.0,24.0,1
2024,5,10,5,NK,RNO,LAS,2124,345.0,24.0,0
2024,12,26,4,NK,BWI,LAS,844,2106.0,22.0,0
2024,7,23,2,YX,IND,PHL,540,588.0,-8.0,0
2024,5,16,4,DL,LAS,JFK,1540,2248.0,0.0,0
2024,3,24,7,UA,ATL,ORD,1010,606.0,1.0,0
2024,12,15,7,WN,BDL,BNA,1140,852.0,6.0,0
2024,11,5,2,DL,BWI,MSP,1500,936.0,179.0,1
2024,11,6,3,DL,DTW,ATL,1105,594.0,28.0,1
2024,9,8,7,WN,STL,LGA,1820,888.0,-4.0,0
2024,10,6,7,NK,MCO,IND,910,829.0,-12.0,0
2024,5,2,4,AA,MIA,SJU,830,1045.0,-7.0,0
2024,7,27,6,WN,AUS,PHX,1715,872.0,25.0,1
2024,9,11,3,AA,LAX,ORD,605,1744.0,-6.0,0
2024,7,25,4,UA,EWR,BZN,952,1882.0,-9.0,0
2024,7,5,5,DL,ATL,BOI,1010,1838.0,1.0,0
2024,11,14,4,9E,JFK,BUF,1739,301.0,-10.0,0
2024,1,1,1,DL,SLC,SNA,1531,588.0,-6.0,0
2024,7,7,7,OO,LAX,SMF,2100,373.0,56.0,1
2024,5,11,6,OH,ILM,CLT,919,185.0,8.0,0
2024,10,4,5,YX,JFK,RDU,1130,427.0,-9.0,0
2024,2,27,2,WN,IAD,DEN,1550,1452.0,38.0,1
2024,12,5,4,WN,ATL,MIA,1750,594.0,85.0,1
2024,3,25,1,AA,ORD,MIA,1540,1197.0,32.0,1
2024,2,24,6,DL,JFK,DFW,1821,1391.0,22.0,0
2024,8,6,2,NK,SMF,LAS,1924,397.0,3.0,0
2024,5,22,3,YX,IAD,CVG,832,388.0,-3.0,0
2024,8,13,2,OO,RST,MSP,1129,76.0,-12.0,0
2024,8,29,4,MQ,ORD,MSP,1415,334.0,-4.0,0
2024,9,28,6,AA,FLL,DFW,1145,1119.0,-7.0,0
2024,4,4,4,DL,MEM,ATL,600,332.0,-1.0,0
2024,6,3,1,OH,DAY,CLT,840,370.0,-12.0,0
2024,6,26,3,G4,SRQ,CVG,1723,812.0,30.0,1
2024,7,6,6,YX,JAX,ORD,1617,864.0,-11.0,0
2024,6,10,1,UA,ORD,IAD,847,588.0,1.0,0
2024,7,10,3,B6,TPA,BOS,1925,1185.0,7.0,1
2024,10,16,3,AA,SMF,DFW,545,1431.0,-4.0,0
2024,4,1,1,9E,DTW,MCI,1221,629.0,-9.0,0
2024,3,1,5,G4,CVG,PIE,1410,776.0,-8.0,0
2024,12,21,6,AA,RNO,DFW,600,1345.0,-3.0,0
2024,2,22,4,AA,BOS,MIA,1246,1258.0,-2.0,0
2024,7,29,1,WN,MDW,BWI,730,611.0,-3.0,0
2024,11,8,5,OO,ELP,PHX,1530,347.0,-9.0,0
2024,6,23,7,DL,SLC,SFO,2045,599.0,4.0,0
2024,10,30,3,WN,DTW,STL,730,440.0,-6.0,0
2024,6,2,7,9E,DTW,CLE,845,95.0,-3.0,0
2024,4,19,5,AS,SEA,RNO,1303,564.0,57.0,1
2024,8,9,5,WN,MCO,ORF,1030,655.0,-2.0,0
2024,12,31,2,NK,FLL,DFW,934,1119.0,-1.0,0
2024,7,18,4,DL,MIA,BOS,1945,1258.0,18.0,0
2024,6,18,2,MQ,CLE,ORD,1301,316.0,-6.0,0
2024,4,9,2,AA,CLT,ATL,1826,226.0,31.0,1
2024,2,19,1,YX,ORD,GRB,858,173.0,-10.0,0
2024,6,2,7,AA,CLT,SYR,1500,603.0,-3.0,0
2024,9,13,5,OO,COS,DEN,1715,73.0,-9.0,0
2024,6,20,4,OH,SDF,PHL,1555,576.0,73.0,1
2024,8,8,4,DL,SLC,GEG,1159,546.0,-3.0,0
2024,2,13,2,WN,ABQ,DEN,1225,349.0,0.0,0
2024,1,20,6,OH,CLT,MKE,1641,651.0,73.0,1
2024,3,9,6,F9,PHL,RDU,540,337.0,8.0,0
2024,8,8,4,9E,ATL,AEX,1515,500.0,-3.0,0
2024,4,19,5,OO,LAX,SJC,820,308.0,-6.0,0
2024,12,20,5,NK,LAX,MSY,1527,1670.0,12.0,1
2024,3,28,4,9E,ATL,AGS,1110,143.0,-6.0,0
2024,12,15,7,F9,DEN,SAN,2215,853.0,-10.0,0
2024,11,21,4,OO,HLN,DEN,1432,594.0,-7.0,0
2024,12,22,7,WN,DAL,SAT,745,247.0,3.0,0
2024,9,12,4,UA,ORD,DFW,1045,802.0,-5.0,1
2024,5,23,4,DL,SLC,LAS,1745,368.0,-8.0,1
2024,2,18,7,AS,BOI,SEA,800,399.0,-5.0,0
2024,3,10,7,UA,AUS,DEN,2036,775.0,-8.0,0
2024,12,27,5,DL,LAS,SLC,625,368.0,-7.0,0
2024,1,10,3,WN,BUR,SMF,1755,358.0,10.0,0
2024,12,21,6,WN,HOU,JAX,2050,816.0,83.0,1
2024,3,15,5,MQ,BOS,ORD,1548,867.0,0.0,0
2024,3,1,5,DL,JFK,ATL,1940,760.0,7.0,0
2024,9,24,2,DL,MCI,ATL,805,692.0,-8.0,0
2024,9,4,3,AA,CLE,CLT,1016,430.0,-3.0,0
2024,4,6,6,DL,LAS,SLC,600,368.0,-8.0,0
2024,6,4,2,UA,SFO,SAN,1035,447.0,-7.0,0
2024,7,8,1,9E,ABE,ATL,1751,692.0,-5.0,0
2024,12,6,5,DL,SMF,MSP,615,1517.0,-9.0,0
2024,2,2,5,AS,KOA,SEA,2207,2688.0,-6.0,0
2024,6,30,7,UA,IAH,STT,946,2070.0,-3.0,0
2024,3,6,3,DL,SEA,LAX,1035,954.0,-3.0,0
2024,11,30,6,MQ,MIA,MSY,932,675.0,-2.0,0
2024,1,14,7,OO,MFR,SEA,500,352.0,0.0,0
2024,7,16,2,WN,BWI,DEN,2125,1491.0,85.0,1
2024,5,14,2,MQ,AUS,ORD,1505,977.0,0.0,0
2024,8,30,5,WN,MKE,BWI,505,641.0,-6.0,0
2024,8,9,5,B6,SJU,MCO,1430,1189.0,21.0,1
2024,1,31,3,9E,CHA,ATL,1213,106.0,-10.0,0
2024,9,7,6,WN,DAL,TUL,1020,238.0,-5.0,0
2024,6,14,5,WN,HOU,SAN,2155,1313.0,-4.0,0
2024,12,7,6,9E,RIC,JFK,1150,288.0,-3.0,0
2024,9,28,6,B6,TPA,BOS,725,1185.0,-7.0,0
2024,2,1,4,HA,HNL,LIH,1440,102.0,7.0,0
2024,7,28,7,UA,DEN,CID,1115,692.0,23.0,0
2024,10,22,2,WN,OAK,BUR,905,325.0,-9.0,0
2024,7,19,5,WN,SAN,OAK,1740,446.0,19.0,1
2024,7,22,1,AA,JAX,DFW,745,918.0,115.0,1
2024,6,18,2,OH,DCA,MYR,1705,372.0,-7.0,0
2024,1,20,6,WN,ALB,BWI,1125,289.0,5.0,0
2024,11,17,7,OO,GRK,DFW,1826,134.0,-15.0,0
2024,6,30,7,UA,BNA,EWR,730,748.0,14.0,0
2024,8,2,5,WN,DAL,MSY,600,436.0,-6.0,0
2024,3,24,7,AA,MCO,DFW,802,985.0,-6.0,0
2024,12,6,5,MQ,DFW,TLH,1755,767.0,-4.0,0
2024,6,17,1,AA,LAX,KOA,1001,2504.0,-6.0,0
2024,7,14,7,UA,ORD,LAS,1545,1514.0,185.0,1
2024,6,11,2,MQ,DFW,XNA,1020,280.0,0.0,0
2024,11,11,1,WN,SAN,DAL,1340,1182.0,29.0,0
2024,10,4,5,WN,STL,AUS,940,721.0,0.0,0
2024,6,27,4,F9,IAH,MDW,1112,917.0,0.0,0
2024,4,11,4,WN,HOU,ATL,1745,696.0,-5.0,0
2024,12,10,2,WN,SLC,LAS,1610,368.0,-6.0,0
2024,3,26,2,WN,MCO,PIT,1630,834.0,10.0,0
2024,5,28,2,B6,MCO,JFK,1030,944.0,-2.0,0
2024,12,6,5,YX,RDU,PHL,1310,337.0,-9.0,0
2024,10,3,4,DL,ATL,ICT,2050,782.0,-2.0,0
2024,3,5,2,UA,EWR,FLL,1429,1065.0,-4.0,0
2024,3,15,5,AA,DFW,TUS,2258,813.0,84.0,1
2024,7,15,1,DL,TPA,CVG,1815,773.0,4.0,0
2024,9,1,7,OO,MAF,DFW,1605,309.0,-13.0,0
2024,5,29,3,AA,JFK,SFO,600,2586.0,-7.0,0
2024,8,15,4,NK,MCO,BOS,1435,1121.0,10.0,1
2024,2,8,4,AA,RDU,LAX,1806,2239.0,-9.0,0
2024,4,15,1,OO,TUS,SLC,1705,601.0,-15.0,0
2024,3,20,3,OO,PHX,PDX,1417,1009.0,5.0,0
2024,8,26,1,OH,CAE,CLT,1615,88.0,-14.0,0
2024,11,4,1,AA,DTW,MIA,600,1145.0,-2.0,0
2024,8,12,1,WN,PHX,LAX,1150,370.0,0.0,0
2024,9,12,4,OO,DEN,JAC,1540,406.0,-1.0,0
2024,10,7,1,DL,DFW,SLC,1245,989.0,3.0,0
2024,7,10,3,AA,LAS,CLT,1159,1916.0,-1.0,0
2024,11,18,1,UA,SLC,IAH,700,1195.0,224.0,1
2024,6,28,5,OO,SAN,STS,2021,508.0,-2.0,0
2024,11,1,5,AA,MCO,CLT,1042,468.0,-9.0,0
2024,2,18,7,WN,DEN,AUS,2000,775.0,25.0,1
2024,8,3,6,AA,LIH,PHX,2110,2979.0,-7.0,0
2024,5,23,4,OO,MTJ,DEN,1340,196.0,-10.0,0
2024,10,4,5,WN,BUF,BWI,540,281.0,-4.0,0
2024,1,24,3,AA,BOS,DFW,1146,1562.0,-6.0,1
2024,5,5,7,DL,DTW,RDU,1540,501.0,-6.0,0
2024,8,11,7,OO,SGU,DEN,1727,517.0,32.0,1
2024,5,7,2,YX,BOS,DCA,1930,399.0,-8.0,0
2024,3,30,6,WN,RSW,BWI,510,919.0,-5.0,0
2024,8,10,6,AA,CLT,DCA,1834,331.0,-3.0,0
2024,10,6,7,WN,ROC,LAS,1650,2040.0,20.0,0
2024,4,7,7,UA,IAH,AUS,1700,140.0,43.0,1
2024,5,23,4,YX,ORF,IAD,1030,157.0,-8.0,0
2024,9,28,6,OH,CLT,LEX,1313,281.0,293.0,1
2024,12,5,4,UA,MCO,ORD,1800,1005.0,5.0,1
2024,11,3,7,AA,ELP,PHX,1538,347.0,-10.0,0
2024,9,28,6,OO,ORD,FWA,1050,157.0,23.0,1
2024,6,27,4,WN,ELP,SAT,1650,496.0,28.0,1
2024,4,23,2,YX,SDF,IAD,935,451.0,7.0,0
2024,5,10,5,HA,HNL,OGG,945,100.0,3.0,0
2024,5,21,2,WN,LIT,STL,625,296.0,0.0,0
2024,10,11,5,WN,STL,MCI,940,237.0,-5.0,0
2024,1,28,7,YX,BOS,CVG,545,752.0,-12.0,0
2024,4,20,6,NK,BOS,RSW,520,1249.0,-3.0,0
2024,5,27,1,DL,LGA,DFW,820,1389.0,-14.0,0
2024,4,21,7,OO,MDT,ORD,1046,594.0,-11.0,0
2024,9,9,1,OO,BIS,MSP,1119,386.0,-9.0,0
2024,9,27,5,F9,DTW,ATL,1602,594.0,32.0,1
2024,10,24,4,OO,LCH,DFW,1208,295.0,9.0,0
2024,6,14,5,UA,DEN,MTJ,1905,196.0,40.0,1
2024,3,13,3,WN,SAN,OAK,1350,446.0,-1.0,0
2024,2,6,2,WN,DEN,MDW,1900,895.0,0.0,0
2024,5,12,7,G4,LAX,MEM,730,1619.0,-6.0,0
2024,4,24,3,AA,DFW,SAT,1225,247.0,-3.0,0
2024,9,8,7,DL,SAT,DTW,515,1214.0,-13.0,0
2024,6,14,5,WN,SJU,MCO,1130,1189.0,-2.0,0
2024,2,5,1,OO,DFW,TYR,1647,102.0,-7.0,0
2024,7,20,6,WN,TUL,AUS,1245,426.0,-5.0,0
2024,8,20,2,9E,ATL,TRI,904,227.0,-5.0,0
2024,5,25,6,UA,IAD,DEN,2015,1452.0,-10.0,0
2024,12,8,7,OO,SFO,LAS,1016,414.0,-8.0,0
2024,5,27,1,AA,EWR,DFW,847,1372.0,0.0,0
2024,11,11,1,OH,BGR,DCA,1243,590.0,-11.0,0
2024,7,3,3,WN,BNA,HOU,1500,670.0,-9.0,0
2024,10,20,7,NK,MCO,DTW,1720,957.0,-4.0,0
2024,5,17,5,AA,RDU,DCA,655,227.0,4.0,0
2024,5,13,1,UA,IAD,EWR,2217,212.0,49.0,1
2024,2,13,2,HA,SMF,OGG,725,2404.0,8.0,0
2024,9,26,4,UA,IAH,BOS,740,1597.0,-1.0,0
2024,8,20,2,WN,PVD,MCO,1330,1072.0,76.0,1
2024,10,2,3,MQ,DFW,CMI,1315,693.0,-4.0,0
2024,4,26,5,AA,PHX,LAX,1404,370.0,3.0,0
2024,2,24,6,MQ,BWI,ORD,1147,622.0,-7.0,0
2024,3,27,3,B6,SFO,LAX,1403,337.0,-3.0,0
2024,9,20,5,WN,MDW,PIT,825,402.0,31.0,0
2024,10,14,1,NK,IAH,MCO,1346,854.0,-4.0,0
2024,3,8,5,WN,MSP,MDW,1015,349.0,6.0,0
2024,1,17,3,WN,OAK,LAX,945,337.0,24.0,0
2024,12,17,2,DL,PBI,BOS,1115,1197.0,-7.0,0
2024,1,22,1,WN,RSW,IND,1615,945.0,1.0,0
2024,8,1,4,WN,DEN,MCI,800,533.0,-2.0,0
2024,8,24,6,AA,RDU,DFW,655,1061.0,-2.0,0
2024,5,1,3,AA,LGA,MIA,645,1096.0,-4.0,0
2024,10,2,3,WN,SJC,AUS,1140,1476.0,7.0,0
2024,10,30,3,WN,HOU,DEN,1430,883.0,-3.0,0
2024,1,4,4,AA,GSP,DFW,1617,862.0,3.0,0
2024,5,6,1,NK,FLL,LGA,605,1076.0,0.0,0
2024,5,25,6,WN,ONT,PHX,635,325.0,-5.0,0
2024,3,21,4,NK,ACY,MYR,1912,466.0,60.0,1
2024,8,8,4,AA,PHX,SBP,1350,509.0,0.0,0
2024,5,28,2,B6,EWR,FLL,1810,1065.0,12.0,0
2024,10,10,4,F9,SFO,SAN,1538,447.0,-6.0,0
2024,5,7,2,AA,ORD,PHX,615,1440.0,-6.0,1
2024,12,23,1,OO,LAX,SFO,1441,337.0,47.0,1
2024,5,6,1,NK,LAX,LAS,1936,236.0,-4.0,0
2024,11,24,7,WN,OAK,BUR,1115,325.0,4.0,0
2024,12,2,1,UA,SEA,ORD,2355,1721.0,-4.0,0
2024,9,6,5,UA,ORD,BDL,1818,783.0,7.0,0
2024,2,26,1,WN,ICT,DEN,1450,420.0,66.0,1
2024,4,3,3,UA,SFO,PHL,850,2521.0,17.0,1
2024,1,2,2,UA,IAD,AUS,815,1297.0,-3.0,0
2024,6,25,2,OH,DCA,ALB,1017,318.0,23.0,0
2024,7,7,7,WN,SJC,SAN,735,417.0,-8.0,0
2024,3,19,2,OO,CHA,ORD,1208,501.0,121.0,1
2024,7,19,5,AA,DFW,STL,1502,550.0,17.0,0
2024,5,24,5,DL,DCA,ATL,1600,547.0,0.0,0
2024,5,12,7,G4,AZA,XNA,1727,1006.0,-3.0,0
2024,12,2,1,NK,CMH,LGA,1009,479.0,-6.0,0
2024,4,9,2,HA,OGG,HNL,1410,100.0,-6.0,0
2024,12,6,5,WN,PHX,DEN,1220,602.0,18.0,1
2024,7,12,5,AA,MSP,DFW,1907,852.0,-2.0,0
2024,3,26,2,WN,CVG,DEN,1250,1069.0,-2.0,0
2024,2,2,5,OO,SMF,SAN,1715,480.0,76.0,1
2024,11,11,1,OO,DFW,SJT,1645,229.0,-5.0,0
2024,5,10,5,DL,BOS,LAS,1945,2381.0,-4.0,0
2024,5,29,3,AA,ICT,DFW,1833,328.0,27.0,1
2024,9,8,7,OO,SAN,FAT,2029,314.0,-1.0,0
2024,4,19,5,AA,PHX,PSP,1030,261.0,-7.0,0
2024,8,6,2,DL,ATL,BWI,1957,577.0,105.0,1
2024,11,3,7,WN,LGB,PHX,655,355.0,-3.0,0
2024,11,18,1,WN,BDL,BWI,740,283.0,41.0,1
2024,11,22,5,AA,CHS,PHL,1106,550.0,-2.0,0
2024,8,5,1,MQ,BOS,CMH,1145,640.0,4.0,0
2024,6,29,6,UA,EWR,RDU,748,416.0,-2.0,0
2024,3,7,4,AA,SAT,MIA,523,1143.0,-4.0,0
2024,1,4,4,UA,ORD,SRQ,1825,1050.0,54.0,1
2024,12,27,5,DL,ATL,RNO,957,1993.0,69.0,1
2024,3,24,7,DL,MSP,PHL,713,980.0,-3.0,0
2024,10,25,5,WN,DAL,DEN,1530,651.0,34.0,1
2024,9,5,4,AA,DFW,ONT,1852,1188.0,-5.0,0
2024,7,16,2,WN,TPA,ATL,1100,406.0,31.0,1
2024,7,28,7,DL,ATL,DAB,911,366.0,-4.0,0
2024,5,19,7,AA,PHL,MCO,1353,861.0,12.0,1
2024,9,10,2,MQ,ORD,MSP,1356,334.0,-2.0,0
2024,6,6,4,G4,CVG,LAS,1124,1678.0,-7.0,0
2024,1,27,6,WN,RNO,PHX,505,601.0,-3.0,0
2024,4,11,4,OO,DTW,LEX,1614,296.0,-4.0,0
2024,12,6,5,WN,ISP,MCO,1210,971.0,8.0,0
2024,2,12,1,NK,SJU,ORD,1525,2072.0,-8.0,0
2024,7,18,4,AA,SEA,DFW,114,1660.0,37.0,1
2024,6,13,4,YX,BOS,PHL,810,280.0,-7.0,0
2024,11,15,5,NK,TPA,LAS,700,1984.0,-6.0,0
2024,11,16,6,WN,LAS,DAL,1805,1067.0,10.0,0
2024,6,18,2,AA,FLL,DFW,657,1119.0,-6.0,0
2024,12,1,7,OO,DEN,HYS,2104,298.0,-7.0,0
2024,1,26,5,OO,SFO,PSP,1515,421.0,-7.0,0
2024,10,30,3,9E,BTR,ATL,1700,448.0,-1.0,1
2024,4,17,3,AS,BOS,SEA,1100,2496.0,70.0,1
2024,3,5,2,DL,PHX,JFK,1249,2153.0,4.0,0
2024,9,12,4,F9,DEN,DSM,1450,589.0,20.0,1
2024,6,28,5,UA,EWR,ORD,900,719.0,7.0,0
2024,3,20,3,AA,EYW,DFW,1315,1089.0,34.0,1
2024,3,23,6,DL,PWM,ATL,600,1027.0,85.0,1
2024,9,28,6,DL,MCO,ATL,1205,404.0,4.0,0
2024,6,24,1,AA,CLT,EWR,1649,529.0,4.0,1
2024,11,26,2,UA,LAX,LAS,1654,236.0,8.0,1
2024,10,13,7,YX,BWI,BOS,1955,369.0,-1.0,0
2024,8,16,5,DL,JFK,DTW,1929,509.0,15.0,0
2024,4,15,1,WN,DAL,LIT,900,296.0,-4.0,0
2024,2,21,3,WN,MDW,TPA,750,997.0,-2.0,0
2024,1,17,3,OO,DEN,SGU,2050,517.0,9.0,0
2024,7,2,2,YX,EYW,DCA,1205,1023.0,-5.0,0
2024,6,26,3,DL,DEN,MSP,1426,680.0,47.0,1
2024,2,7,3,OO,OKC,ORD,743,693.0,-7.0,0
2024,11,15,5,DL,MOB,ATL,1735,302.0,-8.0,0
2024,5,5,7,AS,SEA,SJC,1545,696.0,24.0,1
2024,4,22,1,WN,ATL,SRQ,1100,444.0,-5.0,0
2024,7,28,7,AS,SEA,ANC,1339,1448.0,41.0,1
2024,5,24,5,UA,TPA,DEN,824,1506.0,-6.0,0
2024,11,22,5,MQ,STL,ORD,1719,258.0,34.0,1
2024,10,19,6,WN,LAX,PHX,1805,370.0,-6.0,0
2024,1,2,2,OO,MDT,ORD,1734,594.0,1.0,0
2024,9,11,3,AA,DFW,PIT,1041,1067.0,-4.0,0
2024,4,3,3,WN,SAV,BNA,1730,417.0,3.0,0
2024,7,15,1,9E,TYS,MSP,633,792.0,35.0,1
2024,6,9,7,HA,KOA,HNL,2025,163.0,2.0,0
2024,12,26,4,WN,ATL,DAL,1040,721.0,196.0,1
2024,9,22,7,NK,CHS,EWR,1302,628.0,-11.0,1
2024,9,4,3,AS,BOS,SEA,1000,2496.0,-8.0,0
2024,2,29,4,AA,PHX,PSP,1751,261.0,-7.0,0
2024,8,2,5,DL,ATL,DCA,917,547.0,0.0,0
2024,3,17,7,DL,JFK,SLC,1730,1990.0,-6.0,0
2024,12,6,5,OO,ORD,SBN,1935,84.0,10.0,0
2024,8,16,5,UA,DEN,IAD,1600,1452.0,168.0,1
2024,6,6,4,DL,MSP,BIL,2150,748.0,46.0,1
2024,12,24,2,OH,CAK,DCA,602,274.0,-8.0,0
2024,10,4,5,DL,AUS,ATL,1802,813.0,2.0,0
2024,3,1,5,UA,HDN,DEN,710,141.0,-9.0,0
2024,4,4,4,OO,ORD,MSN,1540,108.0,126.0,1
2024,6,20,4,WN,COS,LAS,1535,604.0,32.0,1
2024,6,11,2,AA,PHL,DFW,1725,1303.0,72.0,1
2024,1,15,1,F9,PDX,PHX,916,1009.0,0.0,0
2024,3,14,4,OO,MSP,GRB,1010,252.0,-4.0,0
2024,12,24,2,OO,ORD,PIA,1000,130.0,5.0,0
2024,7,7,7,UA,IAH,RSW,1815,861.0,45.0,1
2024,5,30,4,UA,AUS,SFO,2000,1504.0,7.0,0
2024,10,21,1,MQ,MLU,DFW,550,293.0,-5.0,0
2024,11,21,4,F9,PHL,MCO,1921,861.0,8.0,0
2024,4,21,7,NK,ORD,RSW,819,1120.0,1.0,0
2024,10,15,2,OO,PHX,SMF,1348,647.0,-2.0,0
2024,10,17,4,AS,SMF,SEA,1650,605.0,-9.0,0
2024,6,10,1,WN,PHX,ELP,830,347.0,-2.0,0
2024,3,5,2,AA,EWR,DFW,900,1372.0,-4.0,0
2024,5,19,7,UA,SFO,KOA,855,2367.0,-2.0,0
2024,5,24,5,DL,CVG,ATL,1831,373.0,28.0,0
2024,10,11,5,DL,BOS,ATL,1220,946.0,-4.0,0
2024,10,7,1,9E,IAD,MSP,1829,908.0,-10.0,0
2024,12,28,6,F9,LAS,DEN,1440,628.0,-6.0,0
2024,5,1,3,B6,EWR,TPA,1635,997.0,14.0,0
2024,1,11,4,NK,MCO,MCI,2001,1072.0,4.0,1
2024,5,29,3,DL,ATL,VPS,1022,250.0,-5.0,0
2024,9,7,6,AA,SAT,CLT,629,1095.0,-7.0,0
2024,6,30,7,DL,MSY,LAX,1955,1670.0,-5.0,0
2024,3,25,1,DL,ATL,HPN,940,780.0,-4.0,0
2024,9,22,7,WN,MSY,ATL,1040,425.0,-7.0,0
2024,5,8,3,DL,ATL,SJU,1300,1547.0,-2.0,0
2024,10,29,2,WN,DEN,MDW,1720,895.0,-4.0,0
2024,5,14,2,WN,MSY,HOU,1415,302.0,9.0,0
2024,1,25,4,NK,ATL,MCO,640,404.0,0.0,0
2024,8,17,6,AA,CLT,AVP,2225,509.0,33.0,1
2024,9,9,1,MQ,HHH,CLT,1217,207.0,-5.0,0
2024,3,19,2,WN,CMH,RSW,1525,930.0,-5.0,0
2024,7,31,3,DL,ATL,TPA,1825,406.0,4.0,1
2024,3,11,1,AA,CLT,LGA,1446,544.0,41.0,1
2024,12,18,3,OO,BNA,DFW,800,631.0,-10.0,0
2024,10,9,3,YX,BOS,CVG,845,752.0,-2.0,0
2024,4,21,7,UA,SFO,LAX,600,337.0,9.0,0
2024,3,29,5,F9,ORD,MCO,1821,1005.0,-8.0,0
2024,10,7,1,UA,DEN,OMA,1342,472.0,-6.0,0
2024,9,19,4,9E,JFK,IAD,1545,228.0,-4.0,0
2024,9,26,4,UA,SFO,DEN,1425,967.0,5.0,0
2024,4,2,2,UA,TPA,ORD,2050,1012.0,-8.0,0
2024,9,24,2,OH,CLE,PHL,1243,363.0,-2.0,0
2024,8,16,5,UA,BUF,ORD,700,474.0,7.0,1
2024,3,4,1,AA,MCO,PHX,1729,1849.0,2.0,0
2024,12,29,7,WN,RSW,MKE,1625,1183.0,89.0,1
2024,11,29,5,OO,SBN,ATL,630,566.0,0.0,1
2024,2,2,5,UA,SYR,EWR,600,195.0,-9.0,0
2024,3,18,1,AA,PNS,DFW,700,604.0,-7.0,0
2024,4,13,6,WN,LAX,OAK,830,337.0,-5.0,0
2024,2,23,5,WN,TPA,SJU,1420,1237.0,0.0,0
2024,11,7,4,HA,ITO,HNL,1030,216.0,-4.0,1
2024,8,19,1,OO,SYR,DTW,947,374.0,-3.0,0
2024,9,23,1,F9,CLT,ORD,1226,599.0,16.0,1
2024,12,12,4,WN,SAN,MSY,1115,1599.0,1.0,0
2024,8,21,3,B6,ACK,LGA,1345,202.0,-7.0,0
2024,8,25,7,AS,DLG,ANC,1114,329.0,-10.0,0
2024,7,15,1,AS,SEA,OAK,2144,672.0,36.0,1
2024,5,29,3,AA,DTW,DFW,1243,986.0,138.0,1
2024,12,8,7,UA,TPA,ORD,1435,1012.0,-5.0,0
2024,5,24,5,WN,SMF,GEG,1105,649.0,2.0,0
2024,4,26,5,UA,SEA,SFO,1630,679.0,-1.0,0
2024,4,25,4,WN,ROC,MCO,1255,1033.0,-4.0,0
2024,9,10,2,YX,LGA,IND,1110,660.0,-12.0,0
2024,1,9,2,WN,ELP,DAL,950,562.0,0.0,0
2024,10,3,4,DL,JFK,MCO,1940,944.0,-1.0,0
2024,4,25,4,MQ,DFW,LFT,2110,351.0,-2.0,0
2024,9,27,5,AS,ANC,PDX,131,1542.0,-2.0,0
2024,10,12,6,WN,DEN,BOS,925,1754.0,0.0,0
2024,10,18,5,AA,JFK,MIA,1825,1089.0,-2.0,0
2024,4,27,6,DL,BUF,ATL,600,712.0,116.0,1
2024,6,4,2,OO,DEN,BIL,1532,455.0,3.0,0
2024,8,31,6,NK,BWI,DFW,1812,1217.0,-6.0,1
2024,9,12,4,YX,RIC,LGA,600,292.0,-4.0,1
2024,9,20,5,UA,PHL,DEN,1556,1558.0,3.0,0
2024,10,1,2,MQ,DFW,XNA,1647,280.0,-3.0,0
2024,12,27,5,AA,PVD,CLT,1508,683.0,3.0,0
2024,2,10,6,UA,TPA,EWR,1804,997.0,-5.0,0
2024,7,4,4,YX,ORD,IND,1810,177.0,13.0,0
2024,3,24,7,WN,ORF,BWI,1000,159.0,-5.0,0
2024,12,30,1,MQ,ORD,AVP,1314,632.0,21.0,0
2024,8,28,3,OO,BIS,DEN,1720,516.0,0.0,0
2024,10,6,7,UA,ORD,BDL,1050,783.0,9.0,0
2024,2,17,6,AS,BOS,SEA,700,2496.0,-5.0,0
2024,3,28,4,9E,ATL,CHO,1510,457.0,-7.0,0
2024,5,21,2,AA,PHL,PHX,1744,2075.0,0.0,0
2024,10,17,4,DL,MCO,JFK,1129,944.0,-1.0,0
2024,10,3,4,AA,ORD,FCA,813,1352.0,-4.0,0
2024,12,3,2,NK,DTW,ATL,1356,594.0,-8.0,0
2024,2,15,4,WN,HOU,OKC,1225,419.0,-6.0,0
2024,10,17,4,WN,DAL,HOU,700,239.0,-2.0,0
2024,11,7,4,WN,ABQ,PHX,1600,328.0,12.0,0
2024,8,28,3,AA,EWR,DFW,1652,1372.0,-4.0,0
2024,11,7,4,OO,ATW,ORD,1545,160.0,-11.0,1
2024,3,22,5,WN,SMF,DAL,1105,1442.0,0.0,0
2024,1,21,7,OH,LEX,CLT,2011,281.0,25.0,0
2024,8,15,4,OO,LAX,SFO,1850,337.0,27.0,1
2024,3,26,2,YX,ORD,IND,900,177.0,-6.0,0
2024,4,12,5,WN,MDW,PHL,1930,668.0,17.0,0
2024,10,7,1,DL,ATL,LAX,2259,1947.0,0.0,0
2024,7,10,3,DL,SAN,ATL,2230,1892.0,-3.0,0
2024,6,6,4,DL,ATL,LEX,1342,304.0,8.0,0
2024,10,20,7,AA,RIC,CLT,1817,257.0,-6.0,0
2024,6,11,2,MQ,DFW,ILM,1230,1106.0,-4.0,0
2024,5,16,4,WN,LAS,BOI,900,519.0,-1.0,0
2024,6,6,4,NK,LAX,IAH,34,1379.0,-8.0,0
2024,11,18,1,OO,LAX,SFO,1800,337.0,0.0,0
2024,2,16,5,UA,SBA,DEN,1306,916.0,147.0,1
2024,8,26,1,UA,SFO,BOS,1514,2704.0,10.0,0
2024,6,2,7,NK,LAS,MIA,926,2174.0,8.0,1
2024,3,5,2,NK,FLL,LGA,822,1076.0,-6.0,0
2024,2,15,4,MQ,CVG,ORD,718,264.0,-5.0,0
2024,11,27,3,UA,LAX,IAD,1300,2288.0,-3.0,0
2024,5,25,6,MQ,ECP,DFW,1738,685.0,2.0,0
2024,2,27,2,DL,BUF,DTW,1320,241.0,-1.0,0
2024,7,20,6,WN,BUR,LAS,1240,223.0,70.0,1
2024,12,7,6,DL,DTW,MCO,1909,957.0,-2.0,0
2024,2,8,4,DL,FLL,JFK,1128,1069.0,-7.0,0
2024,2,8,4,HA,HNL,OGG,1123,100.0,1.0,0
2024,7,31,3,WN,LGB,SMF,710,387.0,-4.0,0
2024,2,8,4,DL,ATL,HSV,1925,151.0,-1.0,0
2024,10,24,4,AA,DFW,MCI,900,460.0,-2.0,0
2024,5,3,5,DL,HNL,ATL,1533,4502.0,-2.0,0
2024,9,5,4,AS,LAX,PDX,1600,834.0,-10.0,0
2024,2,7,3,WN,DCA,MDW,2040,601.0,-7.0,0
2024,7,13,6,MQ,JAN,DFW,854,408.0,-4.0,0
2024,11,29,5,AS,SEA,LAX,800,954.0,-5.0,0
2024,3,12,2,G4,FNT,SRQ,800,1075.0,-15.0,0
2024,8,1,4,G4,PVU,LAS,830,341.0,-10.0,0
2024,9,20,5,OO,CPR,DEN,530,230.0,74.0,1
2024,7,14,7,WN,DAL,MCO,2000,973.0,-3.0,0
2024,5,5,7,MQ,ORD,MSN,1619,108.0,-1.0,0
2024,8,26,1,DL,DTW,PHL,1025,453.0,-10.0,0
2024,8,22,4,B6,JFK,BQN,1650,1576.0,23.0,1
2024,1,22,1,9E,DTW,ROC,1000,296.0,-4.0,0
2024,6,8,6,DL,ATL,PVD,929,903.0,12.0,0
2024,5,3,5,WN,BWI,CMH,2200,337.0,8.0,0
2024,8,5,1,OO,DLH,ORD,1824,397.0,83.0,1
2024,11,28,4,WN,RDU,DEN,1225,1436.0,40.0,1
2024,1,6,6,UA,LAX,IAD,1240,2288.0,-6.0,0
2024,1,2,2,DL,ATL,STL,1509,484.0,-11.0,0
2024,4,8,1,WN,PDX,OAK,855,543.0,-10.0,0
2024,10,19,6,AS,PDX,SEA,500,129.0,-7.0,0
2024,5,27,1,DL,MSP,EWR,718,1008.0,-9.0,0
2024,5,19,7,UA,BNA,EWR,1445,748.0,-2.0,0
2024,1,29,1,YX,PHL,BOS,1705,280.0,-9.0,0
2024,8,23,5,UA,EWR,BNA,1515,748.0,-4.0,0
2024,10,24,4,F9,DEN,TPA,2359,1506.0,16.0,0
2024,9,9,1,AS,SEA,DFW,1807,1660.0,33.0,1
2024,6,9,7,MQ,ORD,RAP,1242,779.0,16.0,0
2024,1,8,1,YX,JFK,BOS,1010,187.0,-1.0,0
2024,12,9,1,B6,LGA,PBI,1320,1035.0,-5.0,0
2024,12,11,3,AA,PHL,CLT,832,449.0,16.0,0
2024,7,18,4,UA,SAN,SFO,1045,447.0,-1.0,0
2024,12,8,7,F9,DEN,LAS,1320,628.0,-1.0,0
2024,11,11,1,MQ,DTW,ORD,830,235.0,-3.0,0
2024,10,26,6,DL,ATL,CHA,1935,106.0,-6.0,0
2024,5,3,5,WN,HNL,LAS,700,2762.0,-1.0,0
2024,7,1,1,WN,ONT,DEN,510,819.0,-4.0,0
2024,8,24,6,AA,LAX,HNL,1418,2556.0,1.0,0
2024,10,24,4,HA,OGG,HNL,800,100.0,-5.0,0
2024,4,18,4,WN,SLC,DEN,2155,391.0,-15.0,0
2024,12,21,6,DL,DTW,SLC,1955,1481.0,72.0,1
2024,9,7,6,DL,JFK,AUS,1820,1521.0,10.0,1
2024,12,1,7,OH,CLT,GPT,1040,577.0,-6.0,0
2024,4,24,3,WN,LAS,DSM,1135,1216.0,-8.0,0
2024,7,1,1,DL,BOS,MSP,1509,1124.0,-5.0,0
2024,6,6,4,AA,JFK,CLT,1759,541.0,23.0,1
2024,10,2,3,DL,ATL,XNA,2023,589.0,-7.0,0
2024,11,23,6,AA,SAN,ORD,645,1723.0,-6.0,0
2024,9,12,4,DL,ATL,MSY,2255,425.0,-2.0,0
2024,12,20,5,F9,RDU,TPA,1617,587.0,225.0,1
2024,3,13,3,WN,BNA,PHX,545,1449.0,-2.0,0
2024,11,8,5,DL,PBI,LGA,1859,1035.0,-2.0,0
2024,7,13,6,WN,SJC,RNO,2025,188.0,13.0,0
2024,3,25,1,AA,STL,PHL,635,814.0,-8.0,0
2024,2,9,5,WN,PHX,MDW,1840,1444.0,38.0,1
2024,12,20,5,G4,PIE,GRR,1708,1044.0,-14.0,0
2024,8,22,4,DL,MSP,ORD,1945,334.0,-2.0,0
2024,12,2,1,UA,EWR,STL,2129,872.0,-8.0,0
2024,3,25,1,AA,LIT,CLT,1105,640.0,43.0,1
2024,9,11,3,OO,OKC,IAH,1330,395.0,-3.0,0
2024,6,11,2,UA,SMF,ORD,1410,1781.0,-5.0,0
2024,11,21,4,9E,LGA,CLT,1659,544.0,-5.0,0
2024,4,7,7,DL,HPN,MCO,729,972.0,-5.0,0
2024,4,9,2,DL,IAH,SLC,1155,1195.0,52.0,1
2024,3,11,1,OO,MSP,DLH,910,144.0,-2.0,0
2024,4,16,2,OO,DEN,HLN,1909,594.0,-1.0,0
2024,1,28,7,OO,MSO,SLC,1810,436.0,-12.0,0
2024,4,20,6,MQ,RAP,DFW,1219,835.0,197.0,1
2024,12,23,1,DL,SAN,SEA,1126,1050.0,-1.0,0
2024,11,3,7,OO,ORD,LEX,1045,323.0,-11.0,0
2024,4,30,2,AA,ONT,PHX,1555,325.0,-9.0,0
2024,5,29,3,WN,SAT,ATL,635,874.0,6.0,0
2024,6,5,3,WN,DAL,HOU,1600,239.0,24.0,1
2024,7,28,7,OO,GRB,ORD,1052,173.0,-5.0,0
2024,3,29,5,NK,MCO,BWI,2130,787.0,-3.0,0
2024,5,19,7,AA,BOS,MIA,900,1258.0,-6.0,0
2024,3,10,7,AA,DCA,ORD,1230,612.0,1.0,0
2024,11,25,1,DL,ATL,LAX,915,1947.0,5.0,0
2024,11,30,6,OO,FAT,SLC,600,501.0,-6.0,0
2024,11,16,6,YX,DLH,ORD,1506,397.0,-3.0,0
2024,8,12,1,OO,CIU,MSP,710,435.0,0.0,0
2024,2,20,2,DL,DTW,CMH,2145,155.0,-4.0,0
2024,10,18,5,AS,DFW,SEA,1253,1660.0,-5.0,0
2024,12,18,3,WN,GSP,ATL,1405,153.0,-4.0,0
2024,12,11,3,OH,CLT,CVG,1000,335.0,-6.0,0
2024,9,22,7,OO,SFO,TUS,1015,751.0,16.0,0
2024,8,28,3,DL,ATL,BUF,1443,712.0,-2.0,0
2024,10,29,2,AA,PHX,TPA,922,1788.0,-8.0,0
2024,8,5,1,OO,PDX,BOI,1450,344.0,-7.0,0
2024,10,27,7,DL,JFK,MIA,700,1089.0,8.0,0
2024,7,14,7,WN,TPA,SAT,615,972.0,-2.0,0
2024,5,24,5,UA,DEN,SAN,2100,853.0,95.0,1
2024,1,23,2,AA,DFW,BNA,2130,631.0,67.0,1
2024,6,3,1,DL,ATL,ECP,821,240.0,-7.0,0
2024,8,5,1,WN,BNA,MKE,2035,475.0,8.0,0
2024,9,26,4,AA,PHL,AUS,1047,1430.0,0.0,0
2024,9,15,7,DL,HSV,ATL,1449,151.0,32.0,0
2024,10,1,2,DL,ATL,TUL,1702,674.0,-9.0,0
2024,11,16,6,OO,CVG,AUS,826,958.0,-11.0,0
2024,11,14,4,AA,DFW,LAS,2040,1055.0,44.0,1
2024,3,15,5,UA,EWR,TPA,1603,997.0,-3.0,0
2024,12,29,7,MQ,DFW,HRL,2235,461.0,11.0,0
2024,1,24,3,MQ,DFW,FSD,1959,737.0,-5.0,0
2024,8,27,2,DL,MCI,ATL,955,692.0,-6.0,0
2024,12,20,5,WN,BWI,ROC,2235,277.0,77.0,1
2024,3,18,1,WN,OKC,AUS,1635,358.0,35.0,1
2024,10,7,1,WN,LAS,MKE,805,1524.0,2.0,0
2024,6,9,7,YX,BUF,LGA,1020,292.0,-4.0,0
2024,9,21,6,AA,DFW,TUL,1635,237.0,27.0,1
2024,6,12,3,OH,PHL,SDF,1321,576.0,16.0,0
2024,9,16,1,AA,SBA,DFW,1219,1316.0,8.0,0
2024,6,20,4,WN,DEN,SAN,750,853.0,7.0,0
2024,10,11,5,OO,PSC,SEA,1745,172.0,-9.0,0
2024,12,11,3,UA,SFO,IAH,500,1635.0,-9.0,0
2024,4,29,1,MQ,ORD,EWR,1931,719.0,0.0,0
2024,10,14,1,AA,PVD,CLT,608,683.0,-4.0,0
2024,9,10,2,UA,DEN,LAX,1610,862.0,1.0,0
2024,2,20,2,DL,ATL,PBI,2240,545.0,-9.0,0
2024,9,13,5,DL,FLL,ATL,1110,581.0,-2.0,0
2024,1,12,5,WN,BWI,CMH,1010,337.0,7.0,0
2024,9,1,7,WN,BUR,SMF,1850,358.0,-9.0,0
2024,1,19,5,DL,ATL,GPT,924,352.0,-2.0,0
2024,5,23,4,WN,PDX,DEN,1205,991.0,10.0,0
2024,11,1,5,WN,PIT,STL,1330,554.0,1.0,0
2024,3,12,2,NK,ACY,MYR,1912,466.0,-7.0,0
2024,7,5,5,OO,DFW,IDA,1935,1095.0,-6.0,0
2024,2,27,2,DL,BNA,ATL,1113,214.0,-7.0,0
2024,9,2,1,AA,DFW,OMA,1339,583.0,-6.0,0
2024,8,16,5,WN,SMF,SAN,1000,480.0,-5.0,0
2024,9,26,4,DL,ATL,SDF,2115,321.0,112.0,1
2024,5,10,5,UA,LAX,IAD,1205,2288.0,1.0,0
2024,11,20,3,MQ,DFW,FAR,1911,968.0,-2.0,0
2024,10,15,2,OO,SBN,ORD,1308,84.0,7.0,0
2024,4,9,2,AA,DFW,ORF,1051,1212.0,29.0,1
2024,1,18,4,WN,HNL,KOA,1550,163.0,70.0,1
2024,8,12,1,9E,LIT,LGA,717,1085.0,-10.0,0
2024,7,12,5,AA,PIT,PHL,1846,268.0,139.0,1
2024,1,30,2,UA,DFW,DEN,1651,641.0,-8.0,0
2024,6,15,6,WN,BUR,ABQ,810,672.0,-7.0,0
2024,8,29,4,UA,DEN,DSM,2100,589.0,21.0,1
2024,12,17,2,DL,BDL,ATL,1430,859.0,-6.0,0
2024,3,18,1,WN,OGG,HNL,1905,100.0,-3.0,0
2024,4,22,1,WN,SMF,SAN,1800,480.0,-2.0,0
2024,1,29,1,OH,DCA,CHS,1232,444.0,8.0,0
2024,1,17,3,OO,PSP,SFO,1545,421.0,-7.0,0
2024,4,5,5,YX,PIT,EWR,600,319.0,-7.0,0
2024,4,1,1,OO,SEA,PSP,1925,987.0,-3.0,0
2024,7,12,5,DL,IAH,ATL,1149,689.0,-7.0,0
2024,12,12,4,MQ,ORD,ROC,1510,528.0,63.0,1
2024,7,6,6,AA,TPA,PHX,1800,1788.0,268.0,1
2024,11,24,7,WN,DAL,SAT,715,247.0,-5.0,0
2024,4,17,3,OO,ORD,CAK,1435,343.0,-6.0,1
2024,6,14,5,AA,PHX,SNA,1019,338.0,11.0,1
2024,6,29,6,AA,PNS,DFW,1558,604.0,86.0,1
2024,9,14,6,OH,MLI,CLT,1330,674.0,-8.0,0
2024,7,8,1,NK,ATL,DTW,1254,594.0,37.0,1
2024,9,14,6,WN,HNL,SJC,1210,2417.0,0.0,0
2024,12,31,2,UA,DEN,PDX,1920,991.0,20.0,1
2024,11,5,2,DL,EWR,DTW,1300,488.0,8.0,0
2024,4,17,3,DL,SEA,ANC,1130,1448.0,-9.0,0
2024,7,10,3,AA,CLE,DFW,1517,1021.0,0.0,0
2024,9,10,2,UA,GUM,HNL,700,3801.0,162.0,1
2024,10,10,4,UA,EWR,IAH,800,1400.0,2.0,0
2024,11,24,7,WN,BWI,RDU,1840,255.0,13.0,0
2024,2,27,2,MQ,FAT,PHX,1915,493.0,-3.0,0
2024,4,25,4,NK,RIC,MCO,1435,667.0,-9.0,0
2024,10,2,3,YX,BOS,SDF,935,829.0,-5.0,0
2024,4,28,7,AS,PDX,SNA,700,859.0,-7.0,0
2024,3,29,5,UA,SJU,EWR,1835,1608.0,6.0,0
2024,10,29,2,UA,IAD,EWR,600,212.0,5.0,0
2024,9,2,1,DL,JAX,ATL,956,270.0,-4.0,0
2024,5,6,1,F9,LAS,DEN,1900,628.0,-6.0,0
2024,1,31,3,WN,DEN,MCI,850,533.0,-1.0,0
2024,11,20,3,DL,ORD,ATL,1200,606.0,2.0,0
2024,2,23,5,WN,MDW,LAX,930,1750.0,1.0,0
2024,7,22,1,AA,MIA,PHX,1615,1972.0,18.0,1
2024,1,27,6,AS,MCO,SFO,1849,2446.0,-12.0,0
2024,11,29,5,DL,MSP,FLL,755,1487.0,-3.0,0
2024,7,19,5,AA,PHX,ATL,1547,1587.0,32.0,1
2024,1,6,6,WN,SJU,MCO,1755,1189.0,28.0,1
2024,9,3,2,WN,MCO,LAS,850,2039.0,-3.0,0
2024,10,21,1,AS,OAK,SEA,600,672.0,-14.0,0
2024,11,11,1,OO,VCT,IAH,530,123.0,317.0,1
2024,2,15,4,YX,LGA,TYS,1559,647.0,-4.0,0
2024,9,12,4,NK,BOS,MYR,2042,738.0,-2.0,0
2024,8,29,4,YX,EWR,ORF,915,284.0,-8.0,0
2024,6,3,1,AA,JFK,PHX,900,2153.0,-3.0,0
2024,5,9,4,WN,HNL,OGG,1620,100.0,-7.0,0
2024,2,18,7,DL,SMF,SLC,530,532.0,-4.0,0
2024,10,25,5,WN,BUR,OAK,1645,325.0,3.0,0
2024,4,22,1,AA,DFW,LAS,1656,1055.0,30.0,1
2024,10,2,3,AA,DFW,PHX,1405,868.0,-5.0,0
2024,2,19,1,DL,ATL,CHS,1340,259.0,-3.0,0
2024,7,20,6,OO,SEA,GEG,1025,224.0,22.0,0
2024,5,17,5,NK,RSW,ORD,1646,1120.0,10.0,0
2024,10,18,5,WN,MDW,MSP,1730,349.0,6.0,0
2024,1,2,2,WN,OGG,HNL,900,100.0,106.0,1
2024,7,2,2,AA,BNA,DFW,1556,631.0,62.0,1
2024,7,25,4,YX,MCI,EWR,1513,1092.0,-2.0,0
2024,12,9,1,YX,LGA,RDU,655,431.0,-5.0,0
2024,11,21,4,WN,MCO,PIT,710,834.0,-2.0,0
2024,6,23,7,F9,DFW,ATL,505,731.0,-7.0,1
2024,7,15,1,AA,JAC,DFW,1305,1047.0,-9.0,0
2024,6,2,7,WN,MSP,DEN,1530,680.0,21.0,1
2024,10,13,7,UA,LGA,ORD,1634,733.0,-4.0,1
2024,2,22,4,AA,CHS,PHL,1106,550.0,-8.0,0
2024,5,19,7,UA,SAN,IAH,800,1303.0,-10.0,0
2024,10,20,7,B6,FLL,JAX,700,319.0,-8.0,0
2024,2,21,3,AS,SFO,JFK,1434,2586.0,-8.0,0
2024,10,25,5,AA,ORD,PHL,630,678.0,-7.0,0
2024,12,20,5,AA,XNA,CLT,503,754.0,-2.0,0
2024,8,5,1,DL,BNA,DTW,600,456.0,-9.0,0
2024,12,12,4,YX,JAX,EWR,1844,820.0,14.0,1
2024,1,7,7,WN,MDW,BNA,515,395.0,-2.0,0
2024,1,28,7,WN,LAS,DEN,1150,628.0,3.0,0
2024,1,1,1,MQ,BMI,DFW,1540,690.0,5.0,0
2024,8,16,5,DL,MCI,BOS,1115,1256.0,-3.0,0
2024,10,3,4,YX,BOS,CMH,1941,640.0,-8.0,0
2024,8,7,3,UA,IND,DEN,1545,977.0,0.0,0
2024,5,9,4,AA,CLT,BWI,1106,361.0,19.0,1
2024,12,5,4,OH,ICT,DCA,1732,1110.0,10.0,0
2024,11,8,5,WN,PHX,STL,1750,1262.0,18.0,0
2024,8,11,7,DL,MIA,ATL,700,594.0,-5.0,0
2024,9,6,5,UA,SFO,SAN,1050,447.0,-1.0,0
2024,2,5,1,DL,BOS,TPA,710,1185.0,5.0,0
2024,8,31,6,WN,COS,MDW,1205,917.0,1.0,0
2024,6,20,4,WN,LAS,LGB,740,231.0,-5.0,0
2024,8,20,2,WN,LAX,STL,720,1592.0,18.0,0
2024,4,26,5,OO,DTW,SYR,710,374.0,3.0,0
2024,9,6,5,OO,SFO,BOI,1632,522.0,-6.0,0
2024,10,27,7,B6,JFK,ATL,830,760.0,-1.0,0
2024,1,24,3,DL,SFO,DTW,2230,2079.0,-7.0,0
2024,11,22,5,NK,IAH,ATL,640,689.0,-7.0,1
2024,6,25,2,WN,AUS,ATL,610,813.0,-4.0,0
2024,11,21,4,MQ,ORD,HPN,1839,738.0,31.0,1
2024,10,14,1,DL,ATL,PBI,1656,545.0,-1.0,0
2024,10,16,3,MQ,DFW,COS,1313,592.0,-3.0,0
2024,7,16,2,AA,ATL,DFW,1648,731.0,208.0,1
2024,8,23,5,DL,ATL,IND,725,432.0,-6.0,0
2024,2,8,4,WN,DAL,OMA,1005,586.0,-4.0,0
2024,5,29,3,AA,MCO,PHL,1717,861.0,55.0,1
2024,2,5,1,OO,FAR,ORD,730,557.0,190.0,1
2024,2,13,2,9E,GSO,LGA,1813,461.0,-5.0,0
2024,2,28,3,YX,LGA,SDF,1800,659.0,-7.0,0
2024,6,9,7,UA,ORD,EWR,710,719.0,-3.0,0
2024,4,27,6,WN,DAL,ATL,640,721.0,-5.0,0
2024,1,30,2,B6,LGA,PBI,1700,1035.0,-3.0,0
2024,7,13,6,OO,DEN,HDN,1335,141.0,85.0,1
2024,3,8,5,DL,ORF,ATL,1300,516.0,-5.0,0
2024,11,19,2,DL,BWI,ATL,800,577.0,-12.0,0
2024,4,29,1,OH,BHM,DFW,1936,597.0,91.0,1
2024,9,6,5,AA,BOS,PHX,1316,2300.0,-6.0,0
2024,3,24,7,DL,MSP,FLL,722,1487.0,6.0,1
2024,6,1,6,G4,IND,FLL,1537,1005.0,182.0,1
2024,4,28,7,WN,RDU,BWI,1415,255.0,38.0,1
2024,1,8,1,WN,MDW,CLT,910,584.0,-3.0,0
2024,10,7,1,WN,BUR,LAS,1420,223.0,3.0,0
2024,12,23,1,9E,DTW,CVG,1025,229.0,114.0,1
2024,10,30,3,WN,DEN,SMF,755,909.0,-9.0,0
2024,12,8,7,YX,BOS,CLE,2054,563.0,-5.0,0
2024,8,6,2,F9,CLE,RDU,1408,416.0,-14.0,0
2024,11,23,6,WN,SNA,LAS,815,226.0,-5.0,0
2024,2,25,7,DL,MSP,SAN,1025,1532.0,-4.0,0
2024,2,17,6,DL,LAX,MCI,855,1363.0,-3.0,0
2024,8,31,6,AA,SNA,JFK,1251,2454.0,5.0,1
2024,9,30,1,DL,RDU,ATL,1721,356.0,-2.0,0
2024,2,24,6,WN,DEN,MTJ,1405,196.0,4.0,0
2024,10,1,2,OO,DEN,RAP,1325,300.0,-10.0,0
2024,10,3,4,WN,BUR,PHX,1950,369.0,-4.0,0
2024,4,14,7,NK,STT,MCO,1534,1246.0,-12.0,0
2024,9,18,3,OO,PHX,LAX,1615,370.0,-10.0,0
2024,9,7,6,AS,OGG,PDX,1317,2562.0,-10.0,0
2024,9,2,1,WN,PHX,DEN,1105,602.0,0.0,0
2024,12,29,7,AA,DFW,MSP,1113,852.0,-5.0,0
2024,5,20,1,F9,MIA,SJU,2245,1045.0,156.0,1
2024,12,1,7,OO,BNA,ORD,800,409.0,-5.0,0
2024,6,26,3,AA,MIA,LGA,1823,1096.0,92.0,1
2024,2,18,7,DL,KOA,SEA,2332,2688.0,12.0,0
2024,6,30,7,UA,SJU,EWR,105,1608.0,4.0,0
2024,3,5,2,UA,DEN,GEG,1925,836.0,40.0,1
2024,5,2,4,WN,SAT,DEN,1755,794.0,15.0,0
2024,4,23,2,DL,SRQ,LGA,1535,1047.0,-14.0,0
2024,12,19,4,MQ,COU,DFW,1211,490.0,-5.0,0
2024,11,25,1,AA,EGE,DFW,1241,721.0,-2.0,0
2024,5,21,2,UA,DEN,ABQ,1552,349.0,0.0,0
2024,6,26,3,DL,LAS,SEA,1355,867.0,-4.0,0
2024,9,30,1,AA,CLT,FLL,2138,632.0,71.0,1
2024,9,26,4,WN,LAS,SJC,1405,386.0,-5.0,0
2024,6,17,1,UA,IAH,IND,2008,844.0,84.0,1
2024,8,14,3,YX,MEM,LGA,1404,963.0,-4.0,0
2024,10,14,1,NK,LAX,PHL,555,2402.0,-9.0,0
2024,3,6,3,OO,PHX,SJC,816,621.0,-4.0,0
2024,8,9,5,DL,JNU,SEA,712,909.0,-6.0,0
2024,2,6,2,UA,ORD,DCA,600,612.0,-11.0,0
2024,2,12,1,WN,OGG,LIH,1545,201.0,-4.0,0
2024,11,16,6,YX,JFK,SAV,1820,718.0,-11.0,0
2024,1,20,6,DL,SFO,DTW,2230,2079.0,-4.0,0
2024,5,18,6,OH,LIT,DFW,1011,304.0,-7.0,0
2024,9,6,5,DL,ATL,DAB,1357,366.0,-7.0,0
2024,3,6,3,NK,PDX,LAS,1209,763.0,-5.0,0
2024,6,27,4,DL,ATL,SAT,1425,874.0,22.0,1
2024,2,15,4,F9,SJU,MCO,359,1189.0,-2.0,0
2024,7,3,3,OO,SDF,DTW,1027,306.0,-8.0,0
2024,5,21,2,9E,ITH,JFK,1546,189.0,-8.0,0
2024,2,8,4,WN,MDW,MSP,1310,349.0,-3.0,0
2024,11,14,4,OH,CLT,CAE,939,88.0,-7.0,0
2024,11,28,4,YX,RDU,IAD,1500,224.0,-2.0,0
2024,6,14,5,WN,DAL,TPA,1240,917.0,-2.0,0
2024,1,22,1,F9,TPA,CVG,608,773.0,-9.0,0
2024,10,3,4,UA,DEN,PHL,1004,1558.0,4.0,0
2024,9,9,1,B6,DCA,PBI,1345,857.0,-10.0,0
2024,11,12,2,HA,PDX,OGG,840,2562.0,-4.0,0
2024,9,4,3,UA,DEN,SFO,2103,967.0,-2.0,0
2024,11,26,2,AA,DFW,SAN,2245,1171.0,3.0,0
2024,5,10,5,F9,DFW,PHX,1042,868.0,-3.0,0
2024,8,30,5,UA,ORD,SMF,910,1781.0,50.0,1
2024,10,30,3,G4,MLI,PIE,834,1033.0,-10.0,0
2024,8,20,2,OO,DEN,LBF,745,228.0,-5.0,0
2024,12,11,3,YX,PIT,RDU,600,328.0,-1.0,0
2024,9,26,4,WN,BUR,SMF,1250,358.0,-2.0,0
2024,2,6,2,OO,SAN,SMF,1930,480.0,-4.0,0
2024,9,26,4,OO,VCT,IAH,530,123.0,-10.0,0
2024,2,20,2,NK,IAH,MCO,1324,854.0,-4.0,0
2024,9,2,1,YX,BOS,MCI,1610,1256.0,-8.0,0
2024,2,17,6,OO,AMA,IAH,1202,517.0,-10.0,0
2024,7,28,7,OO,FWA,ATL,1117,508.0,-10.0,1
2024,10,25,5,OO,GRB,ORD,1320,173.0,-10.0,0
2024,1,31,3,DL,IAH,LAX,605,1379.0,-11.0,0
2024,2,4,7,AA,PHX,ONT,1132,325.0,4.0,0
2024,1,25,4,G4,PIE,LEX,630,707.0,-16.0,0
2024,3,27,3,B6,TPA,BOS,600,1185.0,-10.0,0
2024,7,3,3,AA,DFW,PHX,1228,868.0,35.0,0
2024,8,11,7,WN,LAS,SJC,1715,386.0,259.0,1
2024,5,10,5,9E,LGA,RIC,1610,292.0,110.0,1
2024,9,25,3,AA,SFO,DFW,540,1464.0,14.0,1
2024,4,16,2,OO,SMF,SEA,1353,605.0,27.0,1
2024,12,30,1,WN,MAF,AUS,1430,294.0,1.0,0
2024,4,14,7,AA,MFE,DFW,1937,469.0,-8.0,0
2024,7,22,1,AA,SAN,PHX,1931,304.0,45.0,1
2024,5,7,2,WN,HNL,LAX,1310,2556.0,-4.0,0
2024,1,14,7,WN,DEN,MSY,1410,1062.0,35.0,1
2024,11,10,7,AA,LAX,JFK,700,2475.0,-4.0,0
2024,10,3,4,OH,BUF,DCA,1725,296.0,-11.0,0
2024,11,2,6,AA,BOS,DFW,528,1562.0,-3.0,0
2024,5,4,6,B6,DCA,BOS,1130,399.0,-7.0,0
2024,1,6,6,UA,MTJ,ORD,1250,1081.0,35.0,1
2024,1,20,6,WN,MCI,DAL,1035,461.0,-1.0,0
2024,11,29,5,MQ,MIA,BHM,1635,661.0,-4.0,0
2024,8,30,5,OO,DEN,SGF,1730,637.0,12.0,1
2024,2,13,2,UA,SDF,DEN,1635,1024.0,-11.0,0
2024,4,11,4,WN,MCI,STL,1710,237.0,5.0,0
2024,12,11,3,WN,RNO,LAX,1010,391.0,-3.0,0
2024,4,24,3,WN,PHX,MCI,920,1044.0,0.0,0
2024,10,25,5,UA,GEG,DEN,1332,836.0,-8.0,0
2024,12,10,2,WN,HNL,OGG,2000,100.0,-4.0,0
2024,8,19,1,9E,MSP,DSM,1000,232.0,-1.0,0
2024,9,30,1,DL,CMH,ATL,705,447.0,-5.0,0
2024,1,14,7,UA,DEN,TPA,1743,1506.0,58.0,1
2024,4,14,7,OO,XWA,DEN,1515,582.0,-11.0,0
2024,8,16,5,OO,DEN,COS,1630,73.0,21.0,0
2024,3,1,5,OO,OKC,PHX,1411,833.0,-7.0,0
2024,3,26,2,UA,LAS,SFO,1810,414.0,-5.0,0
2024,7,19,5,MQ,CVG,BOS,905,752.0,114.0,1
2024,11,18,1,AA,CLT,STT,720,1520.0,-2.0,0
2024,8,28,3,OH,MHT,CLT,535,737.0,-9.0,0
2024,8,11,7,AA,ORD,GRR,2120,137.0,69.0,1
2024,1,20,6,WN,OAK,EUG,1915,445.0,38.0,1
2024,1,29,1,B6,LGA,FLL,600,1076.0,-10.0,0
2024,12,8,7,DL,DCA,ATL,600,547.0,-3.0,0
2024,4,12,5,OH,GSP,CLT,605,75.0,-3.0,0
2024,9,2,1,DL,GEG,ATL,2259,1969.0,-2.0,0
2024,4,11,4,AA,BNA,MIA,1831,806.0,114.0,1
2024,7,26,5,MQ,TYR,DFW,605,102.0,-5.0,0
2024,10,11,5,WN,IND,SAN,1510,1782.0,9.0,0
2024,8,20,2,WN,MDW,SRQ,1225,1035.0,7.0,0
2024,8,4,7,DL,SMF,ATL,2259,2092.0,5.0,0
2024,1,29,1,WN,BUR,AUS,1000,1241.0,-6.0,0
2024,7,15,1,OH,DCA,BTV,2202,437.0,-5.0,0
2024,6,3,1,B6,MIA,JFK,953,1089.0,-11.0,0
2024,12,10,2,WN,HOU,AUS,900,148.0,-5.0,0
2024,10,20,7,YX,DTW,JFK,1005,509.0,-10.0,0
2024,8,4,7,HA,LIH,HNL,600,102.0,-4.0,0
2024,1,22,1,OO,SEA,MFR,1515,352.0,-3.0,0
2024,7,17,3,AA,ORD,MIA,1220,1197.0,70.0,1
2024,3,9,6,WN,OAK,BUR,810,325.0,-5.0,0
2024,1,14,7,B6,ATL,LGA,1653,762.0,81.0,1
2024,1,25,4,DL,GRR,DTW,1813,120.0,58.0,1
2024,3,27,3,WN,FLL,MDW,1110,1167.0,43.0,0
2024,7,26,5,WN,HNL,OGG,1435,100.0,-1.0,0
2024,4,25,4,NK,BWI,FLL,651,925.0,-3.0,0
2024,10,26,6,9E,MSP,TYS,1951,792.0,-2.0,0
2024,7,19,5,B6,BOS,DCA,600,399.0,-8.0,0
2024,1,16,2,WN,PSP,LAS,1050,173.0,-2.0,0
2024,3,16,6,WN,FLL,CMH,2050,973.0,23.0,1
2024,7,15,1,DL,LAX,LAS,2240,236.0,22.0,1
2024,8,16,5,AS,CLE,SEA,1827,2021.0,25.0,1
2024,6,16,7,WN,AUS,OKC,1835,358.0,69.0,1
2024,5,28,2,OO,AVL,ORD,700,536.0,0.0,0
2024,1,5,5,WN,BNA,MKE,1015,475.0,75.0,1
2024,9,4,3,WN,MCO,PVD,725,1072.0,-4.0,0
2024,12,1,7,AA,CLT,AUS,1500,1032.0,16.0,1
2024,3,25,1,AA,MKE,DFW,619,853.0,72.0,1
2024,8,22,4,OH,CLT,HPN,1825,564.0,0.0,0
2024,10,4,5,OO,SEA,GEG,1130,224.0,42.0,1
2024,10,14,1,AA,PHL,BNA,916,675.0,0.0,0
2024,11,6,3,AA,DFW,DEN,2057,641.0,17.0,0
2024,10,17,4,UA,PSP,SFO,1535,421.0,-10.0,0
2024,2,13,2,AA,BZN,DFW,1554,1163.0,-7.0,0
2024,7,10,3,AA,PHX,BFL,2040,425.0,-7.0,0
2024,12,22,7,YX,MCI,LGA,700,1107.0,-1.0,0
2024,3,23,6,WN,LAX,OAK,745,337.0,-6.0,0
2024,10,15,2,OO,GRB,ORD,1046,173.0,-9.0,0
2024,9,27,5,UA,IAH,LAS,2130,1222.0,-1.0,0
2024,4,6,6,UA,EWR,MCO,830,937.0,-4.0,0
2024,2,2,5,UA,ORD,EWR,1545,719.0,-5.0,0
2024,8,23,5,WN,MSY,BWI,610,998.0,6.0,0
2024,8,6,2,OO,ORD,ATW,1805,160.0,-8.0,0
2024,1,17,3,UA,CHS,ORD,1130,760.0,107.0,1
2024,6,10,1,AA,DEN,DFW,1040,641.0,26.0,1
2024,1,11,4,WN,MCO,MSY,1100,551.0,-2.0,0
2024,12,21,6,OO,MSP,ABR,1245,257.0,-1.0,0
2024,3,2,6,B6,PSP,JFK,2149,2378.0,174.0,1
2024,5,2,4,DL,ATL,MCO,1555,404.0,0.0,0
2024,3,17,7,YX,ATL,DCA,1940,547.0,-6.0,0
2024,1,7,7,UA,IAD,SEA,1745,2306.0,41.0,1
2024,2,21,3,NK,MCO,EWR,1824,937.0,32.0,1
2024,10,25,5,UA,IAH,BOS,1225,1597.0,-1.0,0
2024,4,21,7,DL,ATL,ABQ,1050,1269.0,-2.0,0
2024,3,17,7,OO,LAX,RNO,959,391.0,-5.0,0
2024,10,2,3,OO,BUF,ORD,1055,474.0,3.0,0
2024,9,29,7,DL,MSP,CLT,705,930.0,-8.0,0
2024,3,18,1,DL,MSP,RDU,1357,980.0,-6.0,0
2024,11,20,3,OO,PSC,SEA,1126,172.0,27.0,0
2024,2,13,2,WN,DCA,OMA,1630,1012.0,-8.0,0
2024,3,22,5,UA,PHL,IAH,1737,1325.0,51.0,0
2024,12,1,7,WN,SMF,BUR,2035,358.0,-6.0,0
2024,11,8,5,WN,HOU,MCI,815,666.0,10.0,0
2024,11,13,3,AA,TPA,DFW,519,929.0,-10.0,0
2024,7,14,7,WN,SAN,LAS,1645,258.0,4.0,0
2024,2,3,6,AA,MCO,MIA,2018,192.0,1.0,0
2024,10,26,6,UA,LAX,IAD,815,2288.0,-4.0,1
2024,8,30,5,OO,HLN,SLC,1311,402.0,-5.0,0
2024,2,25,7,NK,FLL,LGA,1925,1076.0,0.0,0
2024,3,7,4,AS,LAX,PDX,1630,834.0,69.0,1
2024,12,5,4,G4,CHA,LAS,1409,1682.0,15.0,0
2024,3,28,4,WN,OAK,HOU,1920,1642.0,-1.0,0
2024,1,1,1,DL,ORD,ATL,541,606.0,8.0,0
2024,11,20,3,YX,PWM,ORD,1630,900.0,-10.0,0
2024,11,20,3,UA,DEN,TUS,1400,639.0,7.0,0
2024,12,28,6,NK,ATL,FLL,1944,581.0,64.0,1
2024,2,29,4,YX,GSP,DCA,1929,396.0,-5.0,0
2024,4,15,1,UA,LAX,HNL,835,2556.0,7.0,0
2024,5,12,7,WN,FLL,DAL,605,1108.0,-5.0,0
2024,10,3,4,AS,MKE,SEA,1431,1694.0,16.0,1
2024,1,18,4,F9,LAS,SEA,1729,867.0,-8.0,0
2024,4,8,1,B6,FLL,JAX,1651,319.0,-10.0,0
2024,6,24,1,UA,SFO,EWR,2340,2565.0,-8.0,0
2024,8,7,3,AA,DFW,GEG,1001,1477.0,111.0,1
2024,10,11,5,NK,FLL,PNS,920,525.0,-6.0,0
2024,11,2,6,AA,RNO,DFW,1110,1345.0,1.0,1
2024,8,21,3,NK,CLT,EWR,1446,529.0,30.0,1
2024,6,24,1,WN,SYR,BWI,610,273.0,-1.0,0
2024,3,1,5,NK,ABQ,LAS,2005,486.0,32.0,1
2024,3,20,3,UA,LGA,ORD,805,733.0,-15.0,0
2024,3,21,4,WN,SMF,SNA,955,404.0,-5.0,0
2024,6,18,2,AA,LGA,CLT,1120,544.0,6.0,0
2024,2,5,1,AA,JFK,LAX,700,2475.0,37.0,1
2024,7,25,4,YX,EWR,MKE,943,725.0,-3.0,0
2024,3,28,4,F9,TPA,LAS,800,1984.0,49.0,1
2024,12,18,3,AA,PHX,MSN,941,1396.0,-8.0,0
2024,3,12,2,B6,DCA,BOS,1335,399.0,-15.0,0
2024,6,14,5,WN,MCO,STL,2015,882.0,0.0,0
2024,1,6,6,B6,HPN,PBI,1025,1056.0,2.0,1
2024,11,7,4,AA,DFW,CMH,2040,926.0,-5.0,0
2024,8,2,5,NK,MSY,LAS,1128,1500.0,11.0,0
2024,4,19,5,OO,SMF,SEA,945,605.0,-8.0,0
2024,1,11,4,OO,ATL,ASE,1220,1304.0,113.0,1
2024,7,18,4,OH,VPS,CLT,1759,460.0,183.0,1
2024,2,2,5,OH,MLI,CLT,655,674.0,-12.0,0
2024,11,29,5,B6,LAX,JFK,2040,2475.0,-11.0,0
2024,8,24,6,B6,SRQ,JFK,1055,1041.0,-5.0,0
2024,11,18,1,WN,BWI,DTW,2220,409.0,-5.0,0
2024,7,13,6,MQ,DTW,ORD,1250,235.0,-5.0,0
2024,12,15,7,WN,TPA,MSY,1315,488.0,10.0,0
2024,7,1,1,F9,FSD,DEN,1440,483.0,66.0,1
2024,4,5,5,WN,MDW,ORF,1240,704.0,-1.0,0
2024,8,10,6,WN,DEN,COS,1400,73.0,-2.0,0
2024,8,26,1,WN,RNO,SAN,1350,488.0,-7.0,0
2024,5,15,3,WN,MCO,PIT,1100,834.0,21.0,1
2024,8,30,5,DL,MSP,IAH,1045,1034.0,-5.0,0
2024,10,17,4,F9,FLL,SJU,946,1046.0,28.0,1
2024,12,6,5,YX,RIC,LGA,1007,292.0,42.0,1
2024,5,19,7,OO,IND,ORD,1556,177.0,-2.0,0
2024,8,4,7,UA,PWM,ORD,605,900.0,10.0,0
2024,3,9,6,AA,DFW,JFK,904,1391.0,-2.0,0
2024,9,28,6,DL,ATL,TUL,819,674.0,-6.0,0
2024,8,7,3,MQ,BHM,CLT,1907,350.0,9.0,0
2024,2,9,5,WN,MKE,LAS,1045,1524.0,-4.0,0
2024,12,26,4,WN,DEN,HOU,2005,883.0,30.0,1
2024,3,27,3,WN,OGG,OAK,850,2349.0,-9.0,0
2024,11,21,4,9E,MSP,MEM,930,700.0,-2.0,0
2024,12,11,3,DL,SLC,SNA,1725,588.0,-6.0,0
2024,8,26,1,YX,CVG,ORD,1120,264.0,-10.0,0
2024,10,14,1,OO,ORD,CHO,1835,566.0,19.0,0
2024,5,4,6,DL,PNS,ATL,1351,271.0,-8.0,0
2024,10,29,2,DL,ATL,DFW,1731,731.0,-7.0,0
2024,3,27,3,B6,SJU,BOS,1452,1674.0,4.0,0
2024,5,27,1,WN,KOA,OAK,930,2378.0,-7.0,0
2024,7,8,1,DL,SNA,SLC,1001,588.0,-8.0,0
2024,5,14,2,F9,MDW,ATL,700,591.0,-7.0,0
2024,8,10,6,DL,LAS,ATL,1250,1747.0,1.0,0
2024,2,12,1,AA,MIA,PHL,1950,1013.0,-4.0,0
2024,7,24,3,NK,FLL,DFW,710,1119.0,-1.0,0
2024,2,20,2,UA,MIA,ORD,715,1197.0,7.0,0
2024,4,29,1,WN,PDX,PHX,715,1009.0,-4.0,0
2024,12,21,6,B6,BQN,MCO,245,1129.0,-9.0,0
2024,1,11,4,F9,MCO,IAH,2253,854.0,19.0,0
2024,9,18,3,OH,CVG,PHL,1258,507.0,-3.0,0
2024,2,2,5,OO,LBF,DEN,610,228.0,13.0,0
2024,12,9,1,AA,FAT,DFW,1238,1313.0,17.0,0
2024,7,30,2,DL,DCA,ATL,659,547.0,9.0,0
2024,10,18,5,WN,AUS,DEN,1025,775.0,4.0,0
2024,7,5,5,WN,STL,MCO,1625,882.0,-5.0,0
2024,12,13,5,DL,ATL,MCI,1441,692.0,-2.0,0
2024,10,4,5,DL,MSP,TPA,705,1306.0,-5.0,0
2024,10,17,4,WN,DEN,RNO,1700,804.0,42.0,1
2024,4,17,3,B6,FLL,BUF,704,1166.0,-10.0,0
2024,8,18,7,HA,SFO,HNL,755,2398.0,-3.0,0
2024,9,27,5,DL,LAX,SAT,830,1211.0,-7.0,0
2024,7,27,6,OH,AVP,CLT,1916,509.0,-3.0,0
2024,7,12,5,WN,HNL,LIH,1240,102.0,10.0,0
2024,9,29,7,AS,ANC,BET,1027,399.0,-8.0,0
2024,3,13,3,DL,MSP,SFO,1545,1589.0,-5.0,0
2024,8,5,1,WN,BWI,ORF,1305,159.0,24.0,0
2024,8,12,1,HA,LIH,OGG,1555,201.0,-8.0,0
2024,2,29,4,UA,ORD,FLL,1355,1182.0,-7.0,0
2024,4,11,4,AA,BNA,PHL,600,675.0,-13.0,0
2024,9,13,5,HA,LGB,HNL,750,2569.0,-7.0,0
2024,1,16,2,WN,BNA,ATL,1205,214.0,85.0,1
2024,3,18,1,YX,IAD,PIT,1708,182.0,-4.0,0
2024,2,7,3,AA,MIA,LGA,1215,1096.0,5.0,0
2024,6,21,5,DL,SEA,SLC,530,689.0,-8.0,0
2024,2,6,2,WN,LAX,STL,645,1592.0,0.0,0
2024,1,1,1,DL,MLB,ATL,1123,442.0,-9.0,0
2024,3,19,2,DL,PHX,MSP,1715,1276.0,-4.0,0
2024,10,30,3,OO,RDU,CVG,600,390.0,-5.0,0
2024,3,6,3,AA,SAN,PHX,620,304.0,-10.0,0
2024,3,16,6,9E,MCI,DTW,1800,629.0,-4.0,0
2024,1,29,1,NK,TPA,ORD,1418,1012.0,-10.0,0
2024,3,18,1,OH,DCA,BNA,1739,562.0,2.0,0
2024,9,30,1,DL,DTW,MIA,1955,1145.0,2.0,0
2024,1,30,2,WN,LAX,DEN,1145,862.0,-1.0,0
2024,11,8,5,WN,TUL,PHX,1525,935.0,7.0,0
2024,6,25,2,WN,SAT,STL,1635,786.0,-3.0,1
2024,4,9,2,WN,MDW,PHX,945,1444.0,11.0,0
2024,3,9,6,OH,IAD,CLT,1750,322.0,-6.0,0
2024,9,4,3,WN,HNL,OGG,1830,100.0,-1.0,0
2024,8,19,1,AA,PHX,CLT,620,1773.0,-1.0,0
2024,7,5,5,AS,GST,JNU,1740,41.0,-6.0,0
2024,12,1,7,9E,JFK,DTW,710,509.0,-7.0,0
2024,6,2,7,DL,SRQ,ATL,1239,444.0,-7.0,0
2024,3,4,1,HA,PHX,HNL,755,2917.0,-3.0,1
2024,7,9,2,AS,SEA,EUG,1940,234.0,34.0,1
2024,8,20,2,UA,SFO,IAD,2135,2419.0,0.0,0
2024,8,25,7,AA,PHX,LAX,1025,370.0,1.0,0
2024,10,4,5,MQ,DFW,TXK,1938,181.0,-1.0,0
2024,7,8,1,9E,JFK,CLT,805,541.0,-3.0,0
2024,7,2,2,WN,OKC,HOU,615,419.0,-7.0,0
2024,5,19,7,9E,AUS,CVG,1915,958.0,7.0,0
2024,6,5,3,OO,SGF,ORD,1520,438.0,29.0,1
2024,1,22,1,WN,SJC,PHX,1705,621.0,68.0,1
2024,9,8,7,B6,HPN,TPA,834,1032.0,-10.0,0
2024,3,9,6,NK,LAS,DTW,1250,1749.0,3.0,0
2024,5,30,4,AA,OKC,CLT,637,940.0,-3.0,0
2024,8,13,2,B6,BNA,JFK,1925,765.0,-14.0,0
2024,6,5,3,YX,BUF,LGA,633,292.0,0.0,0
2024,8,31,6,OO,GEG,SEA,1738,224.0,-9.0,0
2024,7,27,6,AA,COS,DFW,1654,592.0,-8.0,0
2024,1,1,1,WN,DAL,PHX,1800,879.0,-5.0,0
2024,8,17,6,DL,ATL,ECP,1332,240.0,-4.0,0
2024,12,11,3,AA,PHX,HNL,1207,2917.0,2.0,0
2024,10,22,2,AA,LAX,ORD,2308,1744.0,-6.0,0
2024,10,2,3,MQ,ALB,ORD,712,723.0,2.0,0
2024,2,7,3,UA,DEN,LAX,1932,862.0,-5.0,0
2024,1,18,4,AA,LAX,CLT,640,2125.0,-9.0,0
2024,8,18,7,UA,IAH,DCA,952,1208.0,-6.0,0
2024,10,17,4,AA,PHX,SBP,1009,509.0,43.0,1
2024,6,17,1,WN,MSY,HOU,1125,302.0,46.0,1
2024,7,22,1,DL,PIT,ATL,1634,526.0,369.0,1
2024,5,8,3,YX,EWR,BOS,837,200.0,-9.0,1
2024,5,6,1,AA,MCI,ORD,720,403.0,38.0,1
2024,3,17,7,UA,FLL,EWR,1703,1065.0,-2.0,0
2024,12,30,1,NK,BWI,ATL,854,577.0,3.0,0
2024,7,11,4,UA,IAH,EWR,1830,1400.0,-3.0,0
2024,7,28,7,DL,JFK,LAX,1355,2475.0,11.0,1
2024,5,5,7,DL,LAS,MSP,45,1299.0,26.0,1
2024,2,18,7,YX,BOS,JFK,1905,187.0,-4.0,0
2024,2,18,7,F9,BOS,MCO,1131,1121.0,-3.0,0
2024,6,29,6,UA,ORD,LGA,1400,733.0,-3.0,0
2024,3,25,1,AA,EWR,CLT,659,529.0,1.0,0
2024,4,14,7,WN,PHX,TUL,940,935.0,2.0,0
2024,1,22,1,F9,SAN,DFW,836,1171.0,-9.0,0
2024,8,20,2,AA,PHX,ORD,655,1440.0,-3.0,0
2024,9,24,2,AA,MIA,PIT,2106,1013.0,-4.0,0
2024,7,31,3,DL,LAX,JFK,900,2475.0,-2.0,0
2024,4,22,1,AA,IND,DFW,1418,761.0,-5.0,0
2024,12,9,1,DL,ATL,MEM,1500,332.0,2.0,0
2024,4,7,7,YX,EWR,MEM,1920,946.0,-2.0,0
2024,4,26,5,OO,CID,PHX,1429,1252.0,-9.0,0
2024,7,3,3,WN,TPA,ATL,520,406.0,-1.0,0
2024,3,21,4,OO,DTW,GRB,1020,287.0,-6.0,0
2024,3,20,3,WN,MDW,MHT,1345,838.0,14.0,0
2024,10,13,7,AA,DFW,SAT,2024,247.0,27.0,1
2024,9,8,7,WN,BUR,SJC,835,296.0,-12.0,0
2024,8,12,1,OH,ECP,DCA,1041,769.0,-12.0,0
2024,4,29,1,YX,LGA,CMH,1705,479.0,0.0,0
2024,8,8,4,AS,SEA,SJC,622,696.0,-8.0,0
2024,8,31,6,B6,JFK,SAN,1555,2446.0,-8.0,0
2024,8,3,6,WN,BNA,ECP,1155,401.0,-1.0,0
2024,12,11,3,AA,ORD,BOS,1414,867.0,135.0,1
2024,4,22,1,UA,EWR,TPA,900,997.0,150.0,1
2024,3,28,4,MQ,MIA,BNA,1354,806.0,24.0,1
2024,10,12,6,OO,ORD,DAY,1035,240.0,-3.0,0
2024,10,28,1,AA,LAX,DFW,800,1235.0,-4.0,0
2024,12,18,3,F9,DEN,PHX,530,602.0,9.0,0
2024,8,18,7,AS,PHX,ANC,1815,2552.0,-15.0,0
2024,10,9,3,UA,DEN,DTW,1010,1123.0,-10.0,0
2024,5,16,4,AA,MCO,CLT,1626,468.0,18.0,0
2024,10,10,4,WN,PHX,SLC,600,507.0,-8.0,0
2024,4,28,7,B6,FLL,JAX,1651,319.0,0.0,0
2024,8,6,2,AA,CLT,PHL,856,449.0,21.0,0
2024,7,4,4,NK,LAX,LAS,2041,236.0,-3.0,0
2024,5,21,2,F9,PHX,LAS,1037,255.0,-4.0,0
2024,8,10,6,UA,SAT,ORD,700,1041.0,-3.0,0
2024,7,12,5,UA,DEN,SMF,2120,909.0,14.0,0
2024,11,5,2,UA,BWI,SFO,840,2457.0,-10.0,0
2024,8,15,4,WN,ATL,TPA,1215,406.0,0.0,0
2024,10,28,1,HA,HNL,OGG,1635,100.0,-6.0,0
2024,5,11,6,F9,SAN,DFW,1120,1171.0,5.0,1
2024,5,15,3,WN,DAL,ABQ,1240,580.0,-3.0,0
2024,10,6,7,DL,MCO,ATL,1759,404.0,-7.0,0
2024,8,22,4,MQ,DFW,ELP,1441,551.0,-4.0,0
2024,1,8,1,9E,LGA,BGR,941,378.0,-9.0,0
2024,10,21,1,9E,ATL,AEX,1511,500.0,-5.0,0
2024,1,18,4,UA,IAH,DEN,720,862.0,-3.0,0
2024,1,11,4,AA,CLT,AUS,923,1032.0,-7.0,1
2024,7,24,3,AA,MIA,DFW,1148,1121.0,19.0,1
2024,6,19,3,UA,IAH,CLE,720,1091.0,2.0,0
2024,5,21,2,UA,EWR,FLL,1030,1065.0,-8.0,0
2024,6,17,1,WN,DEN,BNA,500,1014.0,-2.0,0
2024,7,24,3,WN,SAN,DEN,1715,853.0,74.0,1
2024,6,25,2,AA,BWI,DFW,1330,1217.0,-2.0,0
2024,6,4,2,WN,DAL,PHX,1645,879.0,24.0,1
2024,6,16,7,DL,SEA,SAN,1140,1050.0,40.0,1
2024,1,7,7,9E,LGA,CLT,1045,544.0,-5.0,0
2024,2,13,2,DL,MSO,MSP,800,1013.0,-10.0,0
2024,7,28,7,DL,MIA,ATL,1946,594.0,61.0,1
2024,12,17,2,WN,DCA,BNA,1905,562.0,1.0,0
2024,11,25,1,AA,MCO,DFW,515,985.0,-7.0,0
2024,4,18,4,B6,FLL,BNA,1152,793.0,6.0,0
2024,2,4,7,WN,DAL,SMF,1020,1442.0,7.0,0
2024,5,17,5,UA,DEN,ATL,1750,1199.0,-6.0,0
2024,9,15,7,OO,RAP,MSP,1629,489.0,-5.0,0
2024,1,12,5,9E,JFK,RDU,1300,427.0,-5.0,0
2024,7,15,1,OO,IAH,ASE,1155,913.0,-2.0,0
2024,6,6,4,DL,SJC,MSP,615,1575.0,-2.0,0
2024,8,1,4,9E,SYR,JFK,1058,209.0,-5.0,0
2024,10,9,3,OO,MLI,DEN,907,752.0,30.0,0
2024,8,14,3,UA,ATL,SFO,1936,2139.0,4.0,0
2024,3,21,4,AA,CLT,ILM,731,185.0,-5.0,0
2024,2,10,6,WN,IND,FLL,1210,1005.0,2.0,0
2024,5,19,7,UA,JAX,IAH,700,817.0,57.0,1
2024,7,5,5,AA,LAS,ORD,1005,1514.0,-3.0,0
2024,9,19,4,UA,EWR,SAT,900,1569.0,-12.0,0
2024,5,28,2,AS,PDX,SFO,1950,550.0,29.0,1
2024,7,3,3,AA,JAX,MIA,600,335.0,-2.0,0
2024,4,18,4,WN,HOU,MDW,1635,937.0,7.0,0
2024,11,28,4,B6,JFK,LAX,900,2475.0,-6.0,0
2024,11,29,5,B6,LAX,FLL,1355,2343.0,-12.0,0
2024,10,25,5,WN,ELP,DAL,530,562.0,-5.0,0
2024,11,18,1,DL,CLT,MSP,615,930.0,-4.0,0
2024,1,20,6,WN,DAL,ATL,1355,721.0,11.0,0
2024,2,9,5,MQ,DFW,CRP,2232,354.0,-2.0,0
2024,8,2,5,AS,HNL,PDX,1200,2603.0,-2.0,0
2024,11,7,4,OO,MFR,PHX,1430,854.0,-10.0,0
2024,1,24,3,UA,RIC,DEN,805,1482.0,-2.0,0
2024,7,31,3,YX,LGA,PHL,1833,96.0,-7.0,1
2024,7,2,2,YX,PWM,LGA,600,269.0,-8.0,0
2024,4,13,6,AA,PHX,STL,1219,1262.0,-5.0,0
2024,2,5,1,WN,MDW,PHL,1315,668.0,0.0,0
2024,3,17,7,B6,SJU,JFK,400,1598.0,51.0,1
2024,7,1,1,WN,BNA,SAV,1620,417.0,-4.0,0
2024,10,24,4,UA,ORD,RIC,1830,642.0,108.0,1
2024,12,28,6,G4,PGD,SPI,1545,994.0,72.0,1
2024,5,27,1,G4,FLL,SDF,810,895.0,-8.0,1
2024,5,10,5,DL,MCO,JFK,800,944.0,-1.0,0
2024,2,22,4,HA,HNL,OGG,1505,100.0,-2.0,0
2024,11,27,3,OO,LAX,DEN,1222,862.0,-3.0,0
2024,8,24,6,WN,SJC,SNA,705,342.0,-2.0,0
2024,9,27,5,9E,BDL,LGA,1010,101.0,-8.0,0
2024,10,15,2,AA,IND,PHL,1820,588.0,0.0,0
2024,2,20,2,OH,DCA,STL,1627,719.0,112.0,1
2024,1,19,5,DL,ATL,PDX,1645,2172.0,-1.0,0
2024,10,8,2,UA,MCO,DEN,1245,1546.0,24.0,0
2024,6,1,6,WN,CLE,MCO,1150,895.0,-6.0,0
2024,7,1,1,MQ,TRI,DFW,1631,868.0,-9.0,0
2024,8,16,5,YX,JFK,CMH,1510,483.0,-5.0,0
2024,3,22,5,DL,JFK,AUS,1850,1521.0,-4.0,0
2024,1,21,7,WN,MDW,TPA,840,997.0,-5.0,0
2024,8,28,3,NK,TPA,LAS,1901,1984.0,18.0,0
2024,2,22,4,DL,EWR,ATL,1959,746.0,23.0,0
2024,10,7,1,WN,BNA,MCI,740,491.0,-1.0,0
2024,6,24,1,WN,ATL,STL,1330,484.0,-2.0,0
2024,5,12,7,WN,SAN,STL,755,1557.0,2.0,0
2024,1,16,2,MQ,BWI,ORD,1204,622.0,30.0,1
2024,6,27,4,UA,LAX,ORD,816,1744.0,20.0,0
2024,11,15,5,YX,BOS,JFK,1035,187.0,-4.0,0
2024,9,12,4,OH,LAN,DCA,1725,479.0,-12.0,0
2024,8,27,2,WN,BWI,BUF,1640,281.0,-5.0,0
2024,3,22,5,DL,ATL,CAE,1935,192.0,1.0,0
2024,9,15,7,NK,LAX,CLT,2330,2125.0,15.0,0
2024,7,26,5,DL,JAX,ATL,1431,270.0,22.0,0
2024,11,13,3,MQ,ORD,CID,2125,196.0,-7.0,0
2024,11,2,6,UA,PDX,SFO,1950,550.0,-8.0,0
2024,9,16,1,UA,CHS,EWR,1115,628.0,2.0,0
2024,5,24,5,DL,DTW,RDU,1015,501.0,37.0,1
2024,5,25,6,F9,SAN,LAS,1058,258.0,0.0,0
2024,4,13,6,AA,ORD,PSP,816,1651.0,13.0,1
2024,6,17,1,UA,EWR,PBI,600,1023.0,-4.0,0
2024,6,5,3,OO,GRB,MSP,1150,252.0,26.0,1
2024,8,4,7,DL,ATL,CLT,732,226.0,6.0,0
2024,12,23,1,B6,JFK,LAX,905,2475.0,-5.0,0
2024,4,23,2,DL,ATL,DEN,1515,1199.0,-1.0,0
2024,1,1,1,WN,FLL,BWI,540,925.0,-2.0,0
2024,8,9,5,OO,DEN,TUL,2103,541.0,-9.0,0
2024,12,15,7,MQ,ABI,DFW,505,158.0,-9.0,0
2024,7,5,5,DL,ATL,DFW,1800,731.0,39.0,1
2024,3,10,7,UA,IAD,SEA,1728,2306.0,11.0,0
2024,5,19,7,DL,TPA,ATL,1859,406.0,-4.0,0
2024,11,7,4,UA,PIT,SFO,1740,2254.0,4.0,0
2024,11,18,1,NK,EWR,BNA,2218,748.0,54.0,1
2024,12,28,6,UA,ORD,FLL,1050,1182.0,51.0,1
2024,2,10,6,UA,DEN,IAH,2025,862.0,159.0,1
2024,2,16,5,AA,MIA,LGA,1036,1096.0,0.0,0
2024,9,10,2,OO,DFW,ICT,1420,328.0,-7.0,0
2024,9,7,6,WN,BUR,SJC,800,296.0,-6.0,0
2024,4,17,3,UA,MSY,IAD,800,955.0,-10.0,0
2024,11,25,1,OH,FWA,CLT,1205,460.0,5.0,0
2024,2,8,4,9E,FWA,ATL,1646,508.0,0.0,0
2024,10,31,4,MQ,PWM,DCA,1357,482.0,-4.0,0
2024,6,19,3,AA,SNA,PHX,1925,338.0,-9.0,0
2024,4,21,7,DL,IAD,DTW,600,383.0,0.0,0
2024,9,7,6,DL,FLL,JFK,710,1069.0,-13.0,0
2024,10,6,7,HA,HNL,LIH,1446,102.0,-4.0,0
2024,2,3,6,MQ,HDN,ORD,1258,1009.0,-9.0,1
2024,11,15,5,B6,RDU,BOS,1305,612.0,42.0,1
2024,9,3,2,DL,ATL,TPA,1100,406.0,-7.0,0
2024,12,2,1,WN,DCA,CMH,1330,323.0,-4.0,0
2024,4,17,3,OO,SEA,PDX,1715,129.0,-1.0,0
2024,4,26,5,G4,FAT,LAS,2233,259.0,45.0,1
2024,6,30,7,AS,STL,SEA,1932,1709.0,-9.0,0
2024,2,26,1,AA,BUF,CLT,1847,546.0,-9.0,0
2024,7,3,3,AA,JAX,CLT,1331,328.0,9.0,0
2024,11,30,6,UA,DEN,ANC,1900,2405.0,23.0,1
2024,12,18,3,AS,TUS,SEA,700,1216.0,-6.0,0
2024,2,1,4,B6,BOS,MCO,1230,1121.0,7.0,0
2024,7,21,7,OO,SFO,MRY,2247,77.0,668.0,1
2024,10,10,4,OO,MSN,MSP,1049,228.0,-14.0,0
2024,6,23,7,OO,CID,PHX,750,1252.0,-6.0,0
2024,5,2,4,WN,LAS,SLC,1155,368.0,-3.0,0
2024,8,24,6,NK,CLT,DFW,1210,936.0,2.0,0
2024,12,22,7,WN,HOU,PHX,800,1020.0,7.0,1
2024,5,25,6,YX,MIA,DSM,2000,1327.0,-4.0,0
2024,7,28,7,G4,LCK,FLL,1153,961.0,-10.0,0
2024,9,10,2,UA,ORD,TPA,1120,1012.0,-4.0,0
2024,3,5,2,AA,DFW,BNA,1312,631.0,-4.0,0
2024,4,12,5,WN,DAL,MAF,840,319.0,0.0,0
2024,6,12,3,AA,LAX,DFW,1235,1235.0,62.0,1
2024,8,28,3,MQ,EYW,MIA,1130,126.0,-14.0,0
2024,6,28,5,UA,LAS,IAH,1200,1222.0,-7.0,0
2024,10,11,5,OH,ORF,PHL,1632,212.0,-12.0,0
2024,6,3,1,9E,GSO,LGA,615,461.0,-5.0,0
2024,7,4,4,B6,MCO,PSE,1800,1179.0,50.0,1
2024,6,6,4,MQ,PHX,YUM,2158,160.0,-4.0,0
2024,10,19,6,OO,BOI,LAX,1855,674.0,11.0,0
2024,4,24,3,UA,CVG,IAH,1658,871.0,-10.0,0
2024,3,27,3,WN,DEN,TPA,600,1506.0,26.0,1
2024,10,19,6,YX,BWI,BOS,1200,369.0,-5.0,0
2024,3,9,6,OH,MYR,CLT,635,157.0,-12.0,0
2024,10,23,3,UA,DEN,BOI,1610,649.0,-2.0,0
2024,8,2,5,WN,IND,DEN,1720,977.0,-3.0,1
2024,12,13,5,YX,MYR,EWR,1353,550.0,-3.0,0
2024,11,20,3,DL,IAD,ATL,1511,534.0,2.0,0
2024,12,12,4,OO,BOI,SAN,1529,749.0,-9.0,0
2024,11,3,7,NK,LAS,SNA,1456,226.0,33.0,1
2024,6,20,4,DL,ATL,MOB,1215,302.0,-2.0,0
2024,11,11,1,WN,DAL,AUS,600,189.0,-7.0,0
2024,11,29,5,DL,MEM,ATL,1746,332.0,1.0,0
2024,1,15,1,AS,SEA,ANC,1325,1448.0,34.0,1
2024,8,29,4,AS,ANC,ADQ,1345,253.0,-3.0,0
2024,12,7,6,MQ,FAR,DFW,1656,968.0,6.0,1
2024,7,10,3,WN,BUF,BWI,1200,281.0,-3.0,0
2024,4,10,3,UA,MCO,IAH,1315,854.0,-9.0,0
2024,6,12,3,WN,MKE,LAS,1105,1524.0,2.0,0
2024,6,16,7,OH,CLT,TYS,1305,177.0,-4.0,0
2024,9,21,6,OO,LAX,ABQ,829,677.0,49.0,1
2024,5,2,4,WN,LAS,SAT,1325,1069.0,5.0,0
2024,6,25,2,DL,TPA,ATL,625,406.0,0.0,0
2024,7,30,2,UA,SFO,RDM,1035,462.0,-6.0,0
2024,1,10,3,AA,DFW,MSP,915,852.0,9.0,0
2024,7,19,5,OO,SLC,FCA,1105,531.0,5.0,0
2024,12,23,1,B6,JFK,LAX,959,2475.0,0.0,0
2024,9,5,4,DL,RDU,LAX,735,2239.0,-5.0,0
2024,6,17,1,WN,BNA,AUS,1450,756.0,0.0,0
2024,6,7,5,DL,MSP,RDU,1420,980.0,5.0,0
2024,12,26,4,UA,BUR,DEN,1843,850.0,0.0,0
2024,10,6,7,UA,ATL,ORD,1846,606.0,-1.0,0
2024,6,14,5,MQ,DSM,ORD,1813,299.0,-5.0,0
2024,2,24,6,WN,HOU,DEN,650,883.0,1.0,0
2024,8,30,5,F9,MDW,DFW,630,797.0,105.0,1
2024,1,1,1,WN,OAK,PHX,850,646.0,0.0,0
2024,3,9,6,UA,DCA,ORD,800,612.0,-9.0,0
2024,6,6,4,DL,LGA,ATL,859,762.0,27.0,0
2024,6,22,6,UA,LAS,IAH,1515,1222.0,32.0,1
2024,10,8,2,OO,DEN,FAR,1330,627.0,-7.0,0
2024,4,24,3,OO,SUX,ORD,629,436.0,-1.0,0
2024,7,8,1,DL,ATL,RDU,1115,356.0,-7.0,0
2024,9,26,4,AS,BNA,PDX,1855,1973.0,-12.0,0
2024,11,1,5,WN,SAT,MDW,1645,1036.0,-5.0,0
2024,11,23,6,WN,SEA,MDW,955,1733.0,-5.0,0
2024,2,23,5,UA,IAH,CVG,1958,871.0,42.0,1
2024,10,13,7,AA,CLT,CHS,909,168.0,7.0,1
2024,10,7,1,OO,MOT,MSP,1248,449.0,12.0,1
2024,2,6,2,AA,PHX,DFW,1619,868.0,-5.0,0
2024,8,25,7,B6,JFK,FLL,1700,1069.0,10.0,0
2024,1,11,4,AA,BUF,CLT,549,546.0,-3.0,0
2024,9,25,3,OO,ORD,SGF,2010,438.0,-6.0,0
2024,7,15,1,UA,CLE,EWR,1920,404.0,19.0,1
2024,4,19,5,WN,STL,RDU,1625,667.0,12.0,0
2024,4,4,4,OO,LAX,TUS,1440,451.0,0.0,0
2024,8,11,7,WN,BUR,PHX,810,369.0,-6.0,0
2024,4,29,1,WN,BOI,DEN,1800,649.0,-5.0,0
2024,12,13,5,WN,SJC,ONT,715,333.0,-4.0,0
2024,2,13,2,MQ,CLT,SDF,1554,335.0,-4.0,0
2024,10,21,1,OO,ORD,PIA,1245,130.0,-8.0,0
2024,12,23,1,AA,DFW,LGA,1923,1389.0,11.0,0
2024,10,13,7,MQ,ORD,RST,1310,268.0,25.0,1
2024,8,13,2,NK,MCO,DFW,2037,985.0,39.0,0
2024,8,5,1,AA,PIT,ORD,1710,413.0,207.0,1
2024,6,10,1,DL,DTW,MKE,845,237.0,11.0,0
2024,7,26,5,AA,DFW,GSO,1945,999.0,39.0,1
2024,4,14,7,DL,MSP,PHX,1105,1276.0,11.0,0
2024,10,13,7,YX,IND,IAD,1010,476.0,-6.0,0
2024,1,26,5,G4,ATW,BNA,1551,570.0,-4.0,0
2024,4,3,3,OO,BOI,SEA,525,399.0,-4.0,0
2024,10,12,6,WN,ABQ,HOU,1040,759.0,0.0,0
2024,5,7,2,WN,SAN,PHX,715,304.0,-6.0,0
2024,1,2,2,DL,HSV,ATL,600,151.0,-10.0,0
2024,4,10,3,MQ,DFW,MOB,1739,539.0,27.0,1
2024,6,22,6,AA,PHX,BOS,850,2300.0,-6.0,1
2024,9,30,1,WN,ORF,MCO,1735,655.0,-3.0,0
2024,5,31,5,B6,EWR,FLL,600,1065.0,-8.0,0
2024,7,5,5,WN,HOU,OAK,715,1642.0,-4.0,0
2024,9,19,4,WN,MCO,PHX,1650,1849.0,5.0,0
2024,11,12,2,WN,DCA,HOU,600,1218.0,-7.0,0
2024,11,3,7,UA,HNL,GUM,1505,3801.0,34.0,0
2024,6,13,4,WN,SMF,LAS,825,397.0,-5.0,0
2024,9,8,7,WN,OAK,HNL,920,2409.0,12.0,0
2024,7,3,3,AA,DFW,SDF,1449,733.0,-6.0,0
2024,8,19,1,UA,BUR,DEN,1307,850.0,-4.0,0
2024,11,25,1,9E,EWR,RDU,945,416.0,-5.0,0
2024,12,5,4,OO,DEN,LNK,1730,423.0,-7.0,0
2024,6,22,6,AA,CVG,PHX,1830,1569.0,-5.0,0
2024,11,4,1,G4,PIE,FSD,1532,1334.0,-16.0,0
2024,1,26,5,DL,RDU,SEA,735,2354.0,-3.0,0
2024,12,19,4,UA,ORD,PHL,1830,678.0,67.0,1
2024,2,26,1,AA,LAS,LAX,1910,236.0,2.0,0
2024,1,1,1,F9,MCO,GRR,600,1024.0,32.0,1
2024,7,4,4,AA,DCA,PWM,1501,482.0,-6.0,0
2024,10,27,7,UA,LAS,EWR,709,2227.0,-10.0,0
2024,11,18,1,UA,PDX,DEN,1905,991.0,-11.0,0
2024,7,17,3,OO,IDA,DEN,1435,458.0,148.0,1
2024,2,7,3,DL,MCO,AUS,1145,994.0,-13.0,0
2024,11,4,1,OO,DEN,GJT,2104,212.0,-5.0,0
2024,5,13,1,WN,DAL,DEN,1025,651.0,-4.0,0
2024,9,14,6,UA,ORD,EWR,715,719.0,-4.0,0
2024,11,10,7,DL,DAL,ATL,602,721.0,-10.0,0
2024,5,19,7,AA,FLL,DFW,1744,1119.0,-2.0,1
2024,12,3,2,OO,EUG,SFO,1900,451.0,12.0,1
2024,3,24,7,UA,RDU,IAD,1025,224.0,-7.0,0
2024,4,3,3,OH,SDF,DCA,1120,474.0,-10.0,0
2024,1,15,1,AA,TPA,DCA,1134,814.0,-4.0,0
2024,11,7,4,DL,ATL,PHL,2249,666.0,-7.0,0
2024,11,5,2,UA,LIH,SFO,1420,2447.0,-12.0,0
2024,8,18,7,AS,ANC,ORD,2355,2846.0,3.0,0
2024,3,22,5,WN,LAS,PDX,650,763.0,60.0,1
2024,1,21,7,UA,SAV,DEN,1610,1414.0,-7.0,0
2024,10,11,5,AA,CLT,BUF,1530,546.0,23.0,1
2024,11,21,4,UA,LAX,CLE,815,2052.0,-6.0,0
2024,1,16,2,DL,ORD,ATL,930,606.0,51.0,1
2024,2,18,7,AA,TPA,DFW,1754,929.0,2.0,0
2024,3,21,4,UA,SFO,BZN,1157,807.0,48.0,1
2024,10,9,3,UA,FLL,IAH,700,966.0,-5.0,0
2024,10,11,5,DL,ATL,TUL,815,674.0,-7.0,0
2024,10,6,7,MQ,PHX,XNA,844,1023.0,-1.0,0
2024,3,18,1,WN,FLL,DCA,2005,899.0,46.0,1
2024,2,21,3,9E,RDU,AUS,710,1162.0,-3.0,1
2024,3,17,7,OO,DEN,BOI,745,649.0,-2.0,0
2024,11,11,1,AA,MCO,MIA,1852,192.0,8.0,0
2024,6,1,6,OO,MSP,ORD,1426,334.0,109.0,1
2024,10,15,2,WN,SJC,BUR,2010,296.0,-5.0,0
2024,10,19,6,AA,PHL,PHX,1849,2075.0,-3.0,0
2024,4,16,2,OO,XNA,DEN,1135,616.0,-3.0,0
2024,2,10,6,WN,PHX,SFO,1355,651.0,28.0,1
2024,4,2,2,AS,IAH,SEA,1859,1874.0,8.0,0
2024,6,8,6,DL,VPS,ATL,600,250.0,4.0,0
2024,3,23,6,OO,ASE,DFW,1235,701.0,41.0,0
2024,10,13,7,AA,CLT,PHL,1010,449.0,-3.0,0
2024,12,12,4,NK,LAS,OAK,1259,407.0,-4.0,0
2024,7,23,2,NK,DTW,MYR,1602,636.0,0.0,0
2024,7,13,6,WN,LAS,SNA,2045,226.0,32.0,1
2024,12,23,1,WN,BUR,PHX,1435,369.0,20.0,0
2024,6,26,3,AA,DFW,LAX,1833,1235.0,0.0,0
2024,6,13,4,UA,STL,DEN,905,770.0,-10.0,0
2024,2,20,2,F9,PHX,DEN,1918,602.0,14.0,0
2024,3,7,4,9E,LGA,PIT,1210,335.0,-6.0,0
2024,8,31,6,UA,DEN,XNA,1740,616.0,10.0,0
2024,3,23,6,DL,BOS,ATL,715,946.0,-7.0,0
2024,9,1,7,WN,LGA,DEN,805,1620.0,-1.0,0
2024,7,30,2,MQ,DFW,CRP,2237,354.0,1.0,0
2024,4,28,7,NK,EWR,MCO,500,937.0,-6.0,0
2024,1,8,1,YX,ORD,MSN,1402,108.0,-4.0,0
2024,12,5,4,DL,RSW,JFK,1155,1074.0,-9.0,0
2024,3,29,5,OH,GSP,CLT,918,75.0,-11.0,0
2024,7,21,7,OO,SJC,SEA,1035,696.0,7.0,0
2024,6,27,4,AA,PHX,SNA,1702,338.0,106.0,1
2024,7,4,4,WN,PSP,DEN,1435,776.0,-12.0,0
2024,7,23,2,YX,EWR,RIC,820,277.0,-2.0,0
2024,12,23,1,AS,ATL,SEA,704,2182.0,0.0,0
2024,11,27,3,DL,DTW,SAN,2059,1956.0,80.0,1
2024,7,26,5,WN,MDW,DEN,2145,895.0,31.0,0
2024,10,17,4,WN,ELP,MDW,1430,1237.0,-1.0,0
2024,2,11,7,HA,KOA,HNL,1835,163.0,2.0,0
2024,11,6,3,YX,LGA,CMH,2000,479.0,-14.0,0
2024,7,31,3,OH,TYS,DCA,1704,437.0,9.0,1
2024,1,3,3,WN,DEN,AUS,2120,775.0,14.0,0
2024,9,12,4,OO,DSM,ORD,630,299.0,-8.0,0
2024,7,11,4,NK,ATL,LAS,730,1747.0,-1.0,0
2024,4,16,2,NK,BWI,TPA,558,842.0,-1.0,0
2024,8,23,5,NK,LAX,LAS,1420,236.0,-3.0,0
2024,10,15,2,MQ,SAV,MIA,700,440.0,-1.0,0
2024,12,7,6,B6,TPA,BDL,1445,1111.0,-3.0,0
2024,5,7,2,OO,SFO,GEG,2000,733.0,4.0,0
2024,4,14,7,DL,ATL,CHS,2254,259.0,90.0,1
2024,11,10,7,UA,DEN,SMF,1338,909.0,-4.0,0
2024,2,11,7,DL,MSP,LAS,2155,1299.0,-12.0,0
2024,1,16,2,NK,ORD,FLL,512,1182.0,3.0,0
2024,5,23,4,F9,DEN,FAR,1234,627.0,-4.0,0
2024,5,10,5,MQ,DFW,STL,1023,550.0,1.0,0
2024,8,15,4,OH,DAB,CLT,1115,416.0,-11.0,0
2024,2,1,4,WN,AUS,LAS,1525,1090.0,156.0,1
2024,10,4,5,DL,ATL,TLH,2255,223.0,-7.0,0
2024,2,3,6,DL,ATL,EWR,1740,746.0,-7.0,0
2024,6,30,7,DL,SLC,ATL,958,1590.0,14.0,0
2024,9,5,4,B6,PHL,BOS,620,280.0,-9.0,0
2024,8,20,2,UA,SFO,MIA,1305,2585.0,-1.0,0
2024,8,25,7,B6,TPA,JFK,1005,1005.0,2.0,0
2024,10,26,6,F9,DEN,SLC,1831,391.0,-8.0,0
2024,1,23,2,DL,ATL,ELP,1159,1282.0,-3.0,0
2024,8,6,2,DL,ATL,AVL,1645,164.0,-7.0,0
2024,6,7,5,OO,DEN,SAF,2030,303.0,61.0,1
2024,4,30,2,OO,RDD,SFO,1350,199.0,-11.0,0
2024,8,17,6,UA,SRQ,ORD,1230,1050.0,129.0,1
2024,10,3,4,YX,LGA,DCA,1229,214.0,-10.0,0
2024,7,11,4,MQ,DFW,COU,1524,490.0,-5.0,0
2024,5,29,3,DL,ATL,ORF,2055,516.0,-1.0,0
2024,8,14,3,AA,RNO,PHX,1924,601.0,-11.0,0
2024,3,13,3,G4,GRR,SFB,830,1001.0,-15.0,0
2024,12,2,1,OO,BFL,SFO,1420,238.0,-3.0,0
2024,11,24,7,OO,SFO,BOI,1742,522.0,32.0,1
2024,5,8,3,MQ,DFW,ICT,1831,328.0,12.0,0
2024,3,22,5,DL,ATL,ILM,2210,377.0,46.0,1
2024,1,1,1,F9,ATL,MIA,2115,594.0,-11.0,0
2024,8,27,2,OO,LAX,ELP,800,715.0,-7.0,0
2024,2,2,5,AA,DFW,TUL,1449,237.0,-1.0,0
2024,6,17,1,DL,DTW,BOS,700,632.0,1.0,0
2024,11,16,6,DL,DTW,RSW,1850,1084.0,-8.0,0
2024,6,17,1,WN,DEN,LGA,950,1620.0,19.0,1
2024,3,18,1,AA,CLT,BWI,2025,361.0,20.0,0
2024,11,13,3,AA,CLT,PIT,1138,366.0,1.0,0
2024,4,29,1,MQ,DCA,ILM,1353,319.0,-8.0,0
2024,4,25,4,DL,MSP,STL,920,448.0,-4.0,0
2024,6,4,2,WN,RNO,LAS,2045,345.0,-6.0,0
2024,2,4,7,DL,BOS,MCO,1950,1121.0,-1.0,0
2024,6,29,6,AA,CLT,PHX,946,1773.0,4.0,0
2024,12,21,6,UA,DCA,IAH,600,1208.0,-5.0,0
2024,2,22,4,9E,DTW,TYS,2050,443.0,0.0,0
2024,6,10,1,WN,LAX,DEN,525,862.0,-5.0,0
2024,6,29,6,OO,COS,DEN,1715,73.0,-7.0,0
2024,1,24,3,9E,RDU,EWR,1725,416.0,122.0,1
2024,10,27,7,WN,PHX,SAT,830,843.0,0.0,0
2024,5,29,3,AS,PDX,BUR,1459,817.0,-12.0,0
2024,9,13,5,WN,DEN,LAS,925,628.0,-4.0,0
2024,2,20,2,WN,KOA,HNL,1035,163.0,-6.0,0
2024,8,5,1,OH,DFW,JAN,811,408.0,264.0,1
2024,4,20,6,AA,CLT,MYR,1307,157.0,100.0,1
2024,4,2,2,NK,ORD,LAX,1706,1744.0,1.0,0
2024,9,9,1,YX,HSV,DCA,1830,613.0,-12.0,0
2024,12,7,6,AA,PHX,MIA,2359,1972.0,1.0,0
2024,2,15,4,WN,SMF,SAN,2000,480.0,33.0,1
2024,3,23,6,MQ,DFW,BHM,2232,597.0,11.0,0
2024,1,29,1,WN,ALB,MCO,1605,1073.0,39.0,0
2024,12,25,3,NK,BNA,MCO,1919,616.0,-11.0,0
2024,4,25,4,WN,BUF,MDW,1625,468.0,4.0,0
2024,8,2,5,AA,CLT,BWI,2039,361.0,86.0,1
2024,8,8,4,MQ,ORD,DSM,1621,299.0,20.0,0
2024,3,16,6,AA,IAH,DFW,1211,224.0,256.0,1
2024,11,25,1,UA,BWI,ORD,1048,622.0,-9.0,0
2024,10,11,5,AA,DFW,MIA,2045,1121.0,82.0,1
2024,1,25,4,UA,SLC,DEN,1945,391.0,-9.0,0
2024,4,15,1,WN,MSY,BNA,815,471.0,0.0,0
2024,5,27,1,AA,PHL,PBI,1550,951.0,9.0,1
2024,12,19,4,OO,ATL,SBN,1515,566.0,-3.0,0
2024,2,6,2,WN,DEN,LAX,1335,862.0,14.0,0
2024,9,12,4,WN,LAS,ONT,2150,197.0,-5.0,0
2024,6,17,1,NK,TPA,ACY,615,913.0,-6.0,0
2024,7,19,5,MQ,DTW,ORD,1056,235.0,28.0,0
2024,4,18,4,WN,DEN,LGB,755,854.0,7.0,1
2024,11,26,2,AS,SEA,SFO,1120,679.0,-7.0,1
2024,7,24,3,UA,FLL,DEN,1552,1703.0,36.0,1
2024,6,18,2,AA,ORF,CLT,2012,290.0,-2.0,0
2024,5,3,5,DL,TPA,ATL,1759,406.0,-3.0,0
2024,1,14,7,AA,PHX,DFW,815,868.0,-4.0,0
2024,5,26,7,WN,TPA,IND,1810,837.0,58.0,1
2024,10,31,4,DL,PHX,MSP,1215,1276.0,-11.0,0
2024,5,16,4,AA,PHL,MCO,848,861.0,-2.0,0
2024,3,22,5,9E,ALB,DTW,540,489.0,-5.0,0
2024,4,27,6,AS,FLL,SAN,1702,2269.0,-8.0,0
2024,11,8,5,UA,EWR,PBI,630,1023.0,-4.0,0
2024,6,24,1,WN,AUS,ATL,535,813.0,-7.0,0
2024,1,6,6,UA,SAN,SFO,730,447.0,31.0,1
2024,5,11,6,WN,DAL,LIT,1410,296.0,11.0,0
2024,1,11,4,MQ,ORD,OKC,1015,693.0,-2.0,0
2024,6,18,2,DL,ATL,MYR,1650,317.0,23.0,0
2024,9,23,1,WN,SAT,PHX,1700,843.0,-9.0,0
2024,9,28,6,YX,BOS,LGA,1300,184.0,-3.0,0
2024,4,19,5,F9,SJU,PHL,59,1576.0,14.0,1
2024,9,20,5,WN,PIT,FLL,755,994.0,0.0,0
2024,10,4,5,DL,MSP,ATL,1515,907.0,-1.0,0
2024,5,6,1,AA,CVG,CLT,1333,335.0,12.0,0
2024,7,21,7,AA,EWR,ORD,659,719.0,532.0,1
2024,11,25,1,AA,SFO,CLT,900,2296.0,-5.0,0
2024,9,28,6,DL,MSY,LAX,600,1670.0,7.0,0
2024,9,30,1,F9,BUF,MCO,1205,1011.0,-10.0,0
2024,6,2,7,YX,IND,ORD,600,177.0,10.0,0
2024,5,16,4,DL,ATL,DTW,2140,594.0,-4.0,0
2024,12,25,3,OO,LAX,BOI,1945,674.0,-6.0,0
2024,7,11,4,AA,PHX,BOS,2145,2300.0,-6.0,0
2024,1,14,7,WN,IND,DEN,1020,977.0,76.0,1
2024,10,21,1,MQ,DFW,XNA,1440,280.0,-3.0,0
2024,11,7,4,WN,PHX,SAN,805,304.0,0.0,0
2024,10,5,6,WN,DCA,STL,800,719.0,-3.0,0
2024,10,4,5,OH,AVL,CLT,1103,91.0,-9.0,0
2024,10,14,1,OO,DFW,FLG,1949,853.0,33.0,1
2024,7,15,1,DL,LAX,JFK,1200,2475.0,3.0,1
2024,3,24,7,9E,EWR,CVG,1359,569.0,-10.0,0
2024,7,22,1,WN,MCI,DCA,1205,949.0,6.0,1
2024,5,9,4,UA,MCO,EWR,1436,937.0,-2.0,0
2024,2,14,3,OO,SLC,SGU,1710,272.0,31.0,1
2024,10,23,3,WN,OMA,PHX,1855,1037.0,7.0,0
2024,7,31,3,DL,LGA,MCO,1159,950.0,-1.0,0
2024,10,18,5,WN,ELP,HOU,700,677.0,-3.0,0
2024,3,20,3,OH,DCA,PWM,1228,482.0,-9.0,0
2024,11,17,7,OH,TUL,DCA,1635,1049.0,16.0,0
2024,3,15,5,B6,PBI,HPN,1226,1056.0,-9.0,0
2024,2,15,4,AA,PIT,DFW,1139,1067.0,11.0,0
2024,7,15,1,AA,ORD,AUS,830,977.0,-2.0,0
2024,2,12,1,UA,AUS,IAH,945,140.0,-4.0,0
2024,2,23,5,DL,LIT,ATL,940,453.0,-8.0,0
2024,10,15,2,MQ,MEM,DFW,2002,431.0,-7.0,0
2024,5,13,1,AA,LGA,DFW,815,1389.0,-1.0,0
2024,6,19,3,G4,PGD,ATW,900,1250.0,-15.0,0
2024,7,30,2,OO,MSP,BIS,855,386.0,-3.0,0
2024,4,10,3,UA,IAD,MSY,820,955.0,387.0,1
2024,9,1,7,MQ,ORD,PIT,1435,413.0,-1.0,0
2024,3,7,4,UA,DFW,IAH,940,224.0,-8.0,0
2024,8,5,1,DL,LAX,JFK,1300,2475.0,-4.0,0
2024,8,16,5,F9,BUF,MCO,901,1011.0,-15.0,0
2024,5,5,7,YX,ORD,RDU,820,646.0,-5.0,0
2024,4,10,3,AA,MIA,MEM,2126,859.0,28.0,1
2024,6,24,1,AS,SEA,STL,1810,1709.0,5.0,0
2024,5,30,4,UA,EWR,RDU,2030,416.0,40.0,1
2024,1,30,2,UA,AUS,SFO,1526,1504.0,2.0,0
2024,4,7,7,DL,ATL,CHA,2300,106.0,55.0,1
2024,10,18,5,MQ,SEA,PHX,1127,1107.0,-3.0,0
2024,5,15,3,NK,MSY,FLL,630,674.0,52.0,1
2024,12,12,4,AA,TPA,DFW,1647,929.0,-6.0,0
2024,7,16,2,WN,DEN,LAX,645,862.0,-4.0,0
2024,12,17,2,AA,MIA,DCA,1625,919.0,-1.0,0
2024,10,8,2,OH,DCA,ORF,1131,142.0,-6.0,0
2024,7,4,4,DL,DFW,ATL,1823,731.0,-6.0,0
2024,6,18,2,OO,SLC,SEA,645,689.0,-1.0,1
2024,12,4,3,MQ,HOU,DFW,602,247.0,-6.0,0
2024,6,21,5,AS,PDX,SNA,1750,859.0,15.0,0
2024,12,9,1,UA,IAD,MCO,1710,758.0,4.0,0
2024,10,15,2,AA,SEA,ORD,502,1721.0,-5.0,0
2024,5,20,1,WN,ORD,DAL,1345,798.0,29.0,1
2024,3,24,7,F9,DEN,CLE,635,1201.0,-2.0,0
2024,5,30,4,WN,PHX,BUR,1215,369.0,9.0,0
2024,8,15,4,MQ,DFW,LBB,1643,282.0,12.0,1
2024,2,26,1,DL,DEN,LGA,710,1620.0,0.0,0
2024,7,6,6,OO,OMA,ORD,1835,416.0,1.0,0
2024,7,14,7,MQ,ORD,GRR,1505,137.0,62.0,1
2024,4,30,2,OH,CLT,CHA,907,241.0,-6.0,0
2024,3,7,4,OH,CLT,TYS,1321,177.0,-6.0,0
2024,12,11,3,DL,SLC,IAH,1740,1195.0,-4.0,0
2024,4,2,2,UA,IAH,MIA,720,964.0,-4.0,0
2024,2,21,3,UA,EWR,LAX,1000,2454.0,-8.0,0
2024,1,13,6,WN,CLT,STL,1605,575.0,-1.0,0
2024,5,29,3,OH,DCA,TYS,1900,437.0,98.0,1
2024,3,2,6,UA,EWR,PBI,1450,1023.0,38.0,1
2024,1,3,3,HA,OGG,HNL,1910,100.0,23.0,1
2024,6,12,3,OO,FCA,SLC,1331,531.0,0.0,0
2024,12,4,3,AA,OKC,DFW,700,175.0,1.0,0
2024,5,18,6,UA,MSY,IAH,700,305.0,28.0,1
2024,10,18,5,AA,PHX,DFW,506,868.0,-8.0,0
2024,11,9,6,UA,SLC,DEN,1440,391.0,-7.0,0
2024,6,3,1,DL,SEA,LIH,1547,2701.0,15.0,0
2024,10,17,4,UA,MFE,IAH,705,316.0,-9.0,0
2024,4,17,3,WN,MDW,BOS,1915,861.0,14.0,0
2024,9,11,3,B6,IAH,BOS,1210,1597.0,6.0,1
2024,10,16,3,WN,ATL,IND,2035,432.0,3.0,0
2024,3,8,5,YX,PHL,IND,1325,588.0,-3.0,0
2024,2,16,5,DL,ATL,MCI,1401,692.0,-2.0,0
2024,1,30,2,MQ,ORD,ROC,819,528.0,-3.0,0
2024,3,25,1,MQ,MIA,AUS,1545,1103.0,-3.0,1
2024,10,25,5,YX,EWR,PIT,730,319.0,-11.0,0
2024,3,14,4,WN,COS,LAS,640,604.0,20.0,1
2024,12,24,2,HA,HNL,OGG,1425,100.0,0.0,0
2024,1,21,7,DL,LAX,LAS,1540,236.0,-4.0,0
2024,5,21,2,AS,PDX,LAX,1955,834.0,-1.0,0
2024,6,26,3,WN,LAX,MCI,1820,1363.0,22.0,1
2024,5,14,2,WN,DEN,COS,1655,73.0,13.0,0
2024,9,7,6,AA,DEN,PHX,735,602.0,-9.0,0
2024,10,13,7,AA,DEN,CLT,956,1337.0,23.0,0
2024,8,5,1,DL,BOS,ATL,1830,946.0,36.0,1
2024,4,13,6,DL,LAX,MCO,1035,2218.0,30.0,1
2024,9,15,7,AA,DFW,JAX,700,918.0,-8.0,0
2024,9,8,7,DL,IAH,LAX,600,1379.0,-8.0,0
2024,1,10,3,AA,PHX,JFK,2333,2153.0,-9.0,0
2024,12,18,3,NK,MCO,AUS,2228,994.0,48.0,1
2024,8,16,5,AA,MKE,PHX,1442,1460.0,56.0,1
2024,6,22,6,OO,RNO,LAX,1745,391.0,-10.0,0
2024,11,14,4,NK,FLL,ATL,1825,581.0,-7.0,0
2024,11,1,5,AS,JFK,PDX,1145,2454.0,-3.0,0
2024,5,13,1,WN,LAS,SAN,1350,258.0,-4.0,0
2024,9,27,5,DL,JFK,MCO,715,944.0,-3.0,0
2024,3,30,6,WN,RSW,STL,1935,979.0,-4.0,0
2024,7,13,6,DL,LAX,SFO,700,337.0,0.0,0
2024,1,24,3,WN,MCO,HOU,1715,849.0,18.0,0
2024,7,24,3,UA,EWR,MCO,1310,937.0,8.0,0
2024,10,24,4,DL,SAT,ATL,705,874.0,-6.0,0
2024,6,10,1,YX,CLE,DCA,1231,310.0,-3.0,0
2024,11,6,3,WN,MEM,MDW,540,480.0,0.0,0
2024,12,21,6,WN,LAS,BHM,920,1618.0,1.0,0
2024,6,21,5,UA,ORD,BNA,2115,409.0,72.0,1
2024,2,1,4,WN,ISP,PBI,1735,1052.0,10.0,0
2024,7,1,1,WN,DAL,PHX,1345,879.0,5.0,0
2024,4,4,4,WN,BNA,STL,2240,272.0,0.0,0
2024,6,13,4,UA,CMH,ORD,1812,296.0,10.0,1
2024,3,31,7,AA,LAS,ORD,700,1514.0,1.0,0
2024,10,18,5,WN,LIT,DAL,1640,296.0,14.0,0
2024,12,20,5,DL,ATL,SAT,821,874.0,-2.0,0
2024,2,24,6,HA,HNL,KOA,1645,163.0,1.0,0
2024,8,29,4,WN,BWI,SAT,1910,1407.0,69.0,1
2024,5,21,2,DL,TPA,ATL,948,406.0,-6.0,0
2024,5,29,3,MQ,MIA,TLH,835,402.0,-3.0,0
2024,11,26,2,WN,LAX,SMF,530,373.0,-4.0,0
2024,12,27,5,G4,ATW,SFB,1514,1141.0,40.0,1
2024,3,16,6,WN,SDF,TPA,2110,727.0,6.0,0
2024,7,3,3,OO,DEN,CPR,1540,230.0,6.0,0
2024,8,2,5,DL,SLC,MSP,2120,991.0,7.0,0
2024,8,10,6,WN,BNA,CMH,1630,337.0,14.0,0
2024,5,10,5,DL,LAX,MSP,37,1535.0,12.0,0
2024,7,14,7,WN,LGB,ABQ,1210,664.0,51.0,1
2024,12,5,4,NK,BOS,ATL,2030,946.0,172.0,1
2024,1,28,7,B6,LGA,PBI,2125,1035.0,70.0,1
2024,5,19,7,DL,ATL,AVL,1412,164.0,-5.0,0
2024,10,8,2,MQ,MEM,PHX,805,1264.0,-6.0,0
2024,9,11,3,OO,LGA,OKC,1830,1341.0,-4.0,0
2024,4,25,4,WN,SMF,MDW,1240,1790.0,-2.0,0
2024,11,14,4,OO,SFO,SLC,1947,599.0,21.0,0
2024,1,26,5,DL,SFO,ATL,600,2139.0,-2.0,0
2024,7,23,2,UA,ORD,MCO,852,1005.0,28.0,0
2024,8,16,5,F9,CLT,MIA,1314,650.0,10.0,0
2024,5,12,7,YX,JFK,DCA,1459,213.0,-7.0,0
2024,9,23,1,DL,SEA,SLC,1915,689.0,-6.0,0
2024,2,25,7,UA,HNL,SFO,2330,2398.0,0.0,0
2024,10,4,5,9E,SAV,LGA,600,722.0,-5.0,0
2024,4,7,7,AA,FLL,DFW,1919,1119.0,5.0,0
2024,8,13,2,AS,MIA,SEA,1743,2724.0,-7.0,0
2024,10,21,1,DL,ATL,MYR,2246,317.0,-4.0,0
2024,12,23,1,OO,LAX,STS,1945,400.0,-8.0,0
2024,1,17,3,UA,ORD,JAC,915,1162.0,-2.0,0
2024,6,8,6,MQ,PHX,ELP,1911,347.0,2.0,0
2024,7,3,3,WN,BUR,LAS,1300,223.0,27.0,1
2024,11,27,3,DL,SLC,BZN,2300,347.0,-2.0,0
2024,12,18,3,DL,ATL,PNS,2256,271.0,6.0,0
2024,6,29,6,WN,CLT,STL,1320,575.0,-7.0,0
2024,3,2,6,B6,FLL,BOS,1713,1237.0,194.0,1
2024,12,31,2,DL,DTW,STL,2055,440.0,-6.0,0
2024,2,2,5,AA,SAN,PHL,630,2370.0,-9.0,0
2024,1,17,3,WN,STL,CMH,1930,409.0,25.0,0
2024,5,1,3,MQ,MIA,PNS,2253,530.0,14.0,0
2024,10,16,3,NK,TPA,LAS,630,1984.0,-4.0,0
2024,11,12,2,OO,ICT,IAH,1140,542.0,-6.0,0
2024,10,2,3,DL,ATL,JAX,1340,270.0,-5.0,0
2024,7,26,5,UA,EWR,AUS,2057,1504.0,-6.0,1
2024,8,11,7,WN,LAS,CMH,1815,1771.0,70.0,1
2024,1,31,3,NK,IND,RSW,1028,945.0,-8.0,0
2024,3,9,6,DL,ATL,JFK,1959,760.0,69.0,1
2024,1,10,3,AA,STL,DFW,700,550.0,-1.0,0
2024,2,28,3,HA,HNL,KOA,925,163.0,-5.0,0
2024,2,2,5,9E,DTW,ALB,1015,489.0,-14.0,0
2024,5,21,2,UA,PHX,DEN,945,602.0,4.0,0
2024,6,30,7,YX,RIC,BOS,840,474.0,-6.0,0
2024,3,31,7,MQ,DFW,GJT,1022,773.0,-2.0,1
2024,4,26,5,WN,DEN,OMA,1025,472.0,91.0,1
2024,3,16,6,WN,BNA,MSY,740,471.0,-3.0,0
2024,9,30,1,OO,DDC,DEN,1910,292.0,-18.0,0
2024,5,9,4,WN,RNO,PHX,1505,601.0,7.0,0
2024,11,20,3,NK,IAH,FLL,1743,966.0,4.0,0
2024,9,16,1,WN,ELP,DAL,550,562.0,-5.0,0
2024,6,7,5,UA,BNA,IAH,840,657.0,-4.0,0
2024,8,7,3,OO,OAK,SLC,1243,588.0,-4.0,0
2024,6,15,6,OO,ATL,CRW,1005,363.0,-7.0,0
2024,3,30,6,UA,EWR,LAS,1830,2227.0,10.0,0
2024,9,5,4,UA,EWR,RDU,1850,416.0,53.0,1
2024,4,19,5,WN,MCI,DAL,825,461.0,-3.0,0
2024,12,30,1,WN,OGG,HNL,1110,100.0,-2.0,0
2024,12,16,1,OO,BOI,LAX,711,674.0,-6.0,0
2024,4,9,2,UA,IAH,ORD,2135,925.0,8.0,0
2024,10,20,7,DL,LAS,JFK,2230,2248.0,0.0,0
2024,10,19,6,DL,MSP,SAN,857,1532.0,0.0,0
2024,9,6,5,WN,ICT,DEN,1505,420.0,-12.0,0
2024,3,24,7,YX,PHL,CMH,1914,406.0,2.0,0
2024,9,4,3,DL,DTW,EWR,710,488.0,-6.0,0
2024,5,2,4,DL,EWR,DTW,936,488.0,-10.0,0
2024,8,16,5,DL,DFW,MSP,1823,852.0,23.0,0
2024,12,3,2,OO,MRY,DEN,1240,959.0,-8.0,0
2024,8,14,3,WN,PHX,DAL,1455,879.0,-7.0,0
2024,4,25,4,WN,BWI,PHX,2035,1999.0,-3.0,0
2024,7,10,3,WN,BNA,BUF,1150,633.0,37.0,1
2024,3,24,7,MQ,EWR,ORD,700,719.0,-8.0,0
2024,1,3,3,AA,DFW,DCA,1911,1192.0,-5.0,0
2024,7,10,3,WN,MDW,BWI,1200,611.0,-2.0,0
2024,9,9,1,B6,HPN,RSW,735,1102.0,-3.0,0
2024,12,27,5,YX,ORD,LGA,1000,733.0,4.0,0
2024,12,18,3,WN,CMH,STL,1855,409.0,-9.0,0
2024,5,24,5,DL,MSP,MYR,700,1085.0,-1.0,0
2024,1,22,1,AA,STT,MIA,1753,1107.0,-7.0,0
2024,8,23,5,DL,MSP,BDL,1335,1050.0,-5.0,0
2024,5,16,4,DL,MSP,EWR,1321,1008.0,8.0,1
2024,5,23,4,DL,PHX,SLC,545,507.0,-3.0,0
2024,9,19,4,AS,ANC,ADQ,710,253.0,-15.0,0
2024,5,3,5,F9,ATL,CLE,2253,554.0,-4.0,0
2024,12,8,7,AA,CLT,MIA,1708,650.0,-7.0,0
2024,11,4,1,UA,JAX,IAH,1725,817.0,-12.0,0
2024,6,9,7,OH,CLT,SYR,1618,603.0,-2.0,0
2024,2,7,3,MQ,DFW,RAP,1007,835.0,62.0,1
2024,1,8,1,AA,CLT,CMH,2045,347.0,-1.0,0
2024,12,16,1,YX,ORF,IAD,620,157.0,-4.0,0
2024,12,6,5,AA,PHX,ORD,943,1440.0,7.0,1
2024,10,9,3,OO,TUS,LAX,710,451.0,-1.0,0
2024,10,10,4,AA,MKE,PHX,1450,1460.0,6.0,0
2024,1,25,4,G4,AUS,DSM,1536,813.0,-15.0,0
2024,4,23,2,UA,ORD,CLE,1422,316.0,-4.0,0
2024,6,24,1,YX,JFK,RDU,1204,427.0,-10.0,0
2024,12,14,6,B6,BUF,JFK,1942,301.0,30.0,0
2024,5,25,6,OH,CLT,ORF,1626,290.0,-6.0,0
2024,11,4,1,AA,DFW,EWR,807,1372.0,14.0,0
2024,8,5,1,9E,DTW,TVC,835,207.0,-3.0,0
2024,8,26,1,9E,CLT,JFK,1048,541.0,9.0,0
2024,10,24,4,UA,ORD,SEA,1938,1721.0,-6.0,1
2024,7,28,7,UA,DEN,SAT,1335,794.0,1.0,0
2024,5,8,3,AS,ANC,BRW,1452,725.0,-7.0,0
2024,5,28,2,OO,DTW,ORD,1100,235.0,-5.0,0
2024,11,15,5,YX,JFK,SAV,800,718.0,-5.0,0
2024,3,15,5,WN,SAN,SJC,1400,417.0,-3.0,0
2024,11,19,2,MQ,DFW,BIL,1904,1081.0,-7.0,0
2024,3,19,2,9E,CLE,DTW,1840,95.0,13.0,0
2024,6,24,1,OO,SMF,SEA,1410,605.0,-9.0,0
2024,6,27,4,WN,SJC,DEN,1410,948.0,2.0,0
2024,11,19,2,F9,ISP,MCO,545,971.0,-12.0,0
2024,10,23,3,DL,ATL,PHL,1855,666.0,-3.0,0
2024,3,20,3,OH,CLT,PIA,2125,607.0,-6.0,0
2024,6,16,7,DL,ATL,SJC,1759,2116.0,-2.0,0
2024,1,28,7,YX,IND,BOS,1225,818.0,-14.0,0
2024,7,1,1,OO,DEN,LAR,1655,113.0,1.0,0
2024,8,7,3,WN,LAS,LGB,720,231.0,-4.0,0
2024,10,11,5,WN,PHX,STL,1115,1262.0,1.0,0
2024,9,19,4,AA,MIA,SAT,2110,1143.0,-1.0,0
2024,10,5,6,UA,SFO,DEN,1745,967.0,-3.0,0
2024,1,7,7,UA,DCA,ORD,600,612.0,-8.0,0
2024,5,10,5,UA,EWR,MCI,2127,1092.0,-2.0,0
2024,3,15,5,UA,TPA,IAD,1901,811.0,0.0,0
2024,9,2,1,UA,IAH,PIT,1210,1117.0,-9.0,0
2024,9,26,4,AS,SEA,SMF,934,605.0,-6.0,0
2024,3,4,1,DL,ATL,SFO,815,2139.0,45.0,1
2024,5,30,4,B6,FLL,BQN,1000,982.0,-8.0,0
2024,12,13,5,WN,PHX,PDX,805,1009.0,-3.0,0
2024,11,10,7,UA,SAT,IAH,500,191.0,-5.0,0
2024,5,18,6,AA,ELP,PHX,600,347.0,-4.0,0
2024,8,18,7,WN,BDL,BNA,2010,852.0,101.0,1
2024,7,5,5,DL,MSP,VPS,1454,1058.0,-6.0,0
2024,6,9,7,B6,SJU,MCO,1559,1189.0,3.0,0
2024,9,9,1,YX,EWR,RDU,1105,416.0,-5.0,0
2024,8,2,5,OO,DEN,XNA,948,616.0,-3.0,0
2024,6,17,1,WN,BWI,BNA,2200,587.0,68.0,1
2024,1,19,5,WN,ALB,MCO,1605,1073.0,181.0,1
2024,7,12,5,UA,DEN,EWR,1135,1605.0,84.0,1
2024,7,27,6,MQ,MIA,BNA,1450,806.0,-3.0,0
2024,4,8,1,UA,RDU,ORD,1713,646.0,-6.0,1
2024,9,12,4,YX,JFK,RDU,1530,427.0,-6.0,0
2024,3,7,4,NK,PHL,RSW,1429,993.0,26.0,0
2024,2,10,6,WN,MCO,ATL,1125,404.0,4.0,0
2024,5,10,5,AA,DCA,LGA,1718,214.0,20.0,1
2024,11,24,7,DL,IAH,LGA,1415,1416.0,-10.0,0
2024,8,26,1,AA,PHL,SAN,1837,2370.0,139.0,1
2024,4,7,7,WN,SJC,LAX,945,308.0,18.0,0
2024,3,21,4,NK,ATL,DFW,2045,731.0,109.0,1
2024,12,24,2,OH,CLT,TYS,1814,177.0,4.0,0
2024,11,21,4,WN,PHX,BUR,1420,369.0,11.0,0
2024,1,8,1,UA,ORD,FLL,710,1182.0,-9.0,0
2024,11,13,3,AA,MCO,MIA,1852,192.0,-3.0,1
2024,1,16,2,OO,GEG,BOI,1000,287.0,-8.0,0
2024,3,11,1,OH,AGS,DCA,617,468.0,-7.0,0
2024,3,17,7,DL,BOS,ATL,1541,946.0,37.0,1
2024,6,8,6,AS,LAX,SEA,1740,954.0,0.0,0
2024,1,18,4,OH,DCA,PNS,1245,816.0,125.0,1
2024,6,29,6,MQ,MAF,DFW,1017,309.0,-1.0,0
2024,9,24,2,AS,SEA,ANC,900,1448.0,1.0,0
2024,10,8,2,OO,ORF,DTW,1259,529.0,-5.0,0
2024,8,20,2,UA,IAH,ORD,1005,925.0,-4.0,0
2024,1,2,2,OH,CLT,GSP,1440,75.0,-4.0,0
2024,3,31,7,WN,ABQ,DEN,1910,349.0,28.0,0
2024,9,20,5,DL,ATL,IND,735,432.0,17.0,1
2024,6,30,7,AA,PHX,STL,1224,1262.0,-5.0,0
2024,7,16,2,WN,DEN,ATL,1520,1199.0,13.0,1
2024,3,28,4,F9,CVG,MCO,843,757.0,-4.0,0
2024,12,21,6,NK,SJU,MCO,232,1189.0,9.0,0
2024,5,31,5,NK,CLE,MYR,1700,557.0,0.0,0
2024,6,21,5,G4,AVL,AUS,2110,950.0,13.0,0
2024,7,25,4,AA,PHL,CHS,1535,550.0,221.0,1
2024,8,23,5,9E,ILM,LGA,1752,500.0,0.0,0
2024,10,3,4,9E,MKE,LGA,1700,738.0,-5.0,0
2024,7,15,1,F9,PHL,CMH,900,406.0,22.0,0
2024,6,26,3,OO,SLC,FAT,1109,501.0,-6.0,0
2024,7,25,4,WN,LAS,ABQ,735,486.0,-2.0,0
2024,8,17,6,UA,MSY,IAD,1230,955.0,1.0,0
2024,6,30,7,DL,CHS,ATL,830,259.0,5.0,0
2024,1,7,7,WN,MDW,TPA,805,997.0,5.0,1
2024,1,21,7,AA,SFO,JFK,1322,2586.0,-6.0,0
2024,8,29,4,AA,SAN,DFW,1002,1171.0,0.0,0
2024,2,12,1,AA,CLT,AVP,1312,509.0,-4.0,0
2024,12,29,7,F9,CVG,RSW,1635,879.0,46.0,1
2024,8,12,1,WN,RDU,TPA,1655,587.0,-3.0,0
2024,6,14,5,YX,LGA,BOS,959,184.0,-4.0,0
2024,3,28,4,WN,MEM,HOU,1135,484.0,-5.0,0
2024,11,27,3,B6,BOS,LAX,1600,2611.0,-6.0,0
2024,2,15,4,DL,ATL,BHM,1110,134.0,6.0,0
2024,11,20,3,MQ,ABI,DFW,815,158.0,-10.0,0
2024,1,24,3,MQ,SGF,DFW,1040,364.0,79.0,1
2024,5,31,5,DL,SAN,SEA,1525,1050.0,0.0,0
2024,7,11,4,AS,SEA,ANC,1655,1448.0,-7.0,0
2024,6,30,7,DL,MSP,SNA,1815,1522.0,-4.0,0
2024,3,31,7,OO,STS,PDX,1107,489.0,-10.0,0
2024,6,9,7,MQ,DFW,HRL,2230,461.0,6.0,0
2024,7,23,2,AA,LGA,MIA,1830,1096.0,-5.0,0
2024,11,29,5,WN,ELP,DEN,600,563.0,-1.0,0
2024,4,27,6,DL,SLC,AUS,1345,1086.0,17.0,1
2024,5,20,1,OO,SLC,OMA,2050,840.0,136.0,1
2024,4,5,5,AA,MIA,PHX,1350,1972.0,4.0,0
2024,2,12,1,UA,AUS,SFO,1530,1504.0,-2.0,1
2024,12,6,5,AA,DFW,BOS,1525,1562.0,38.0,1
2024,8,24,6,NK,LAS,BUR,910,223.0,-9.0,0
2024,7,26,5,OO,RDD,SEA,1503,479.0,-6.0,0
2024,9,12,4,OO,LNK,DEN,1721,423.0,-4.0,0
2024,4,25,4,F9,ATL,PHL,930,666.0,-5.0,0
2024,3,18,1,G4,BNA,PVU,1203,1388.0,-1.0,0
2024,9,19,4,AA,DFW,RSW,1510,1017.0,-4.0,0
2024,8,10,6,DL,DTW,IAH,1609,1075.0,-3.0,0
2024,10,31,4,DL,PHX,SLC,1021,507.0,-9.0,0
2024,5,28,2,WN,MSY,DCA,1630,969.0,139.0,1
2024,7,27,6,AA,SEA,CLT,730,2279.0,-4.0,0
2024,4,29,1,WN,BNA,STL,2150,272.0,-7.0,0
2024,7,11,4,UA,DEN,MCO,815,1546.0,-14.0,0
2024,2,6,2,OO,ATL,CSG,2100,83.0,43.0,1
2024,9,26,4,YX,DCA,LEX,2130,414.0,0.0,0
2024,7,9,2,AA,BUF,CLT,1848,546.0,37.0,1
2024,9,16,1,UA,LAX,SFO,1355,337.0,11.0,1
2024,11,26,2,DL,BNA,ATL,1459,214.0,-10.0,0
2024,10,20,7,UA,OMA,DEN,930,472.0,33.0,1
2024,6,5,3,9E,CHA,ATL,1845,106.0,34.0,1
2024,7,30,2,MQ,RDU,AUS,730,1162.0,15.0,0
2024,2,19,1,DL,MSP,GRR,2035,408.0,0.0,0
2024,12,13,5,DL,ATL,SAT,810,874.0,119.0,1
2024,8,20,2,UA,STL,SFO,715,1735.0,-11.0,0
2024,8,5,1,AA,DFW,PHL,1830,1303.0,29.0,1
2024,11,16,6,OO,SLC,LWS,1105,461.0,-3.0,0
2024,9,26,4,OH,DCA,GRR,1710,524.0,6.0,0
2024,7,21,7,AA,RDU,PHL,1805,337.0,-6.0,1
2024,8,30,5,WN,DAL,AMA,2140,323.0,-3.0,0
2024,10,1,2,F9,TPA,DEN,1111,1506.0,2.0,0
2024,12,12,4,OH,AVL,DCA,1448,384.0,10.0,0
2024,8,31,6,NK,PHL,FLL,1632,992.0,7.0,0
2024,2,6,2,AA,DCA,MCO,1559,759.0,3.0,0
2024,11,25,1,OO,BIS,DEN,1355,516.0,-9.0,0
2024,4,22,1,B6,BOS,RDU,1430,612.0,6.0,0
2024,10,16,3,NK,PDX,LAS,2014,763.0,-10.0,0
2024,4,11,4,UA,RSW,ORD,1940,1120.0,46.0,0
2024,12,13,5,OO,DTW,MSN,1232,311.0,120.0,1
2024,9,14,6,OO,DFW,ACT,905,89.0,-5.0,0
2024,12,12,4,WN,PHX,ORD,1835,1440.0,0.0,0
2024,5,19,7,HA,LAX,LIH,905,2615.0,-5.0,0
2024,10,16,3,WN,RSW,MDW,1750,1105.0,0.0,0
2024,5,10,5,AA,DFW,DEN,1015,641.0,-4.0,0
2024,7,29,1,WN,STL,ECP,1310,634.0,11.0,0
2024,8,21,3,OO,RKS,DEN,1020,260.0,-9.0,0
2024,2,24,6,WN,SMF,LAS,1955,397.0,13.0,0
2024,8,21,3,AA,PVD,ORD,712,849.0,10.0,0
2024,9,20,5,AS,EWR,SFO,900,2565.0,-4.0,0
2024,1,9,2,NK,ATL,DTW,1004,594.0,40.0,1
2024,5,9,4,DL,SDF,ATL,1237,321.0,143.0,1
2024,6,11,2,DL,LGA,ORD,605,733.0,-2.0,0
2024,6,13,4,OO,DTW,CMH,1415,155.0,57.0,1
2024,12,31,2,UA,SFO,EWR,1300,2565.0,1.0,1
2024,6,1,6,MQ,AUS,BNA,940,756.0,5.0,0
2024,9,30,1,AA,PHX,TUS,852,110.0,-8.0,0
2024,6,4,2,F9,ISP,FLL,903,1092.0,-10.0,0
2024,1,17,3,AA,PDX,DFW,620,1616.0,346.0,1
2024,3,30,6,AA,JFK,SFO,617,2586.0,-2.0,1
2024,3,21,4,OO,AUS,ASE,1044,812.0,-9.0,0
2024,9,3,2,G4,AZA,PIA,1000,1312.0,-7.0,0
2024,7,2,2,AA,ORD,CLT,2038,599.0,-1.0,0
2024,10,11,5,YX,ORD,TYS,2025,475.0,-2.0,0
2024,12,30,1,DL,SAV,ATL,540,214.0,0.0,0
2024,4,8,1,AA,DFW,PHL,1259,1303.0,14.0,0
2024,11,30,6,DL,IND,DTW,605,231.0,-4.0,0
2024,1,2,2,AA,LIH,PHX,2130,2979.0,36.0,1
2024,4,10,3,9E,LEX,ATL,1838,304.0,-8.0,0
2024,1,20,6,WN,MCI,STL,630,237.0,-1.0,0
2024,3,19,2,DL,ATL,OKC,2235,761.0,-5.0,0
2024,10,16,3,DL,SEA,OGG,1345,2640.0,-6.0,0
2024,5,12,7,UA,LIH,SFO,2250,2447.0,-6.0,0
2024,1,11,4,OO,SLC,LGB,1515,588.0,0.0,0
2024,8,3,6,DL,DTW,MSP,1610,528.0,2.0,0
2024,7,13,6,9E,SAV,JFK,700,718.0,92.0,1
2024,1,19,5,YX,ORD,CLE,1354,316.0,-1.0,0
2024,10,20,7,DL,DCA,ATL,600,547.0,-7.0,0
2024,3,18,1,AA,FSD,DFW,1310,737.0,5.0,0
2024,1,8,1,MQ,PHX,ABQ,1000,328.0,4.0,0
2024,9,22,7,AA,SAT,PHX,840,843.0,-1.0,0
2024,8,17,6,MQ,DFW,AUS,1310,190.0,-3.0,0
2024,12,3,2,WN,SJC,BUR,1435,296.0,52.0,1
2024,8,21,3,MQ,IAH,DFW,1629,224.0,-12.0,0
2024,1,30,2,AS,PDX,SNA,1052,859.0,-3.0,0
2024,6,9,7,WN,MDW,MSP,1835,349.0,79.0,1
2024,9,16,1,AA,MIA,DTW,2117,1145.0,-4.0,0
2024,7,15,1,WN,RIC,BNA,1100,527.0,3.0,0
2024,7,2,2,DL,JFK,LAX,1900,2475.0,0.0,0
2024,5,21,2,NK,BWI,DFW,2202,1217.0,43.0,1
2024,8,2,5,AA,CLT,OMA,2044,913.0,67.0,1
2024,11,8,5,YX,JFK,DCA,1459,213.0,-5.0,0
2024,4,7,7,OO,DEN,COS,1605,73.0,12.0,1
2024,5,24,5,NK,DTW,LAX,740,1979.0,-8.0,0
2024,6,14,5,WN,MCO,MSY,640,551.0,-6.0,0
2024,10,7,1,AA,JFK,DFW,759,1391.0,1.0,0
2024,11,24,7,DL,BNA,BOS,1103,942.0,-5.0,0
2024,11,27,3,OO,PDX,SBP,1245,722.0,-7.0,0
2024,3,24,7,WN,LAX,DEN,815,862.0,-2.0,0
2024,3,23,6,AS,DCA,SEA,800,2329.0,-9.0,0
2024,5,16,4,WN,HOU,BWI,505,1246.0,-4.0,0
2024,8,18,7,G4,BNA,FAR,720,910.0,-4.0,0
2024,3,11,1,WN,MCO,MSY,750,551.0,57.0,1
2024,4,9,2,OH,BDL,DCA,1719,313.0,-6.0,0
2024,7,20,6,AA,PHX,IND,949,1488.0,-3.0,0
2024,7,23,2,AA,ORD,BOS,1705,867.0,73.0,1
2024,4,5,5,WN,MIA,MDW,625,1182.0,-1.0,0
2024,5,20,1,WN,TPA,MCI,805,1048.0,-1.0,0
2024,7,29,1,WN,CMH,TPA,600,829.0,-8.0,0
2024,10,28,1,MQ,BWI,ORD,1748,622.0,-2.0,1
2024,5,4,6,OO,DTW,ELM,1223,332.0,-10.0,0
2024,3,30,6,B6,LGA,FLL,1635,1076.0,7.0,0
2024,3,18,1,DL,DFW,MSP,1824,852.0,-10.0,0
2024,10,25,5,WN,MDW,LAS,1230,1521.0,6.0,0
2024,4,9,2,WN,BWI,MHT,920,377.0,6.0,0
2024,9,18,3,WN,MCI,IND,1255,451.0,-5.0,0
2024,7,15,1,DL,ABQ,ATL,1611,1269.0,-3.0,0
2024,12,18,3,AA,LAX,JFK,800,2475.0,-5.0,0
2024,10,5,6,WN,MCO,STL,1400,882.0,16.0,0
2024,3,19,2,B6,SLC,BOS,2240,2105.0,-7.0,0
2024,12,6,5,WN,SDF,TPA,1505,727.0,0.0,0
2024,2,20,2,DL,ATL,DCA,1115,547.0,-2.0,0
2024,10,5,6,UA,SAN,ORD,1400,1723.0,-8.0,0
2024,4,4,4,WN,AUS,LBB,1940,341.0,0.0,0
2024,4,21,7,WN,ABQ,DEN,520,349.0,-2.0,0
2024,7,10,3,DL,JFK,SJU,1225,1598.0,-8.0,0
2024,3,22,5,OO,SLC,OMA,1351,840.0,-2.0,0
2024,3,9,6,WN,LAX,SLC,730,590.0,-7.0,0
2024,10,11,5,DL,SLC,PDX,2245,630.0,-3.0,0
2024,11,10,7,AA,CLT,GRR,1625,583.0,-4.0,0
2024,5,16,4,YX,DTW,EWR,1606,488.0,45.0,1
2024,8,16,5,WN,ELP,SAT,1005,496.0,-5.0,0
2024,1,9,2,AS,SEA,SNA,1629,978.0,-6.0,0
2024,12,5,4,WN,BUR,SMF,945,358.0,-7.0,0
2024,11,10,7,OO,BUR,STS,1029,387.0,-6.0,1
2024,11,24,7,DL,ATL,SJU,810,1547.0,9.0,0
2024,10,28,1,AA,CLT,TPA,1314,507.0,-4.0,0
2024,12,17,2,AS,DCA,SEA,800,2329.0,-2.0,0
2024,2,12,1,DL,LIH,SEA,2335,2701.0,-10.0,0
2024,6,30,7,OH,CLT,CAK,1141,394.0,-2.0,0
2024,10,8,2,F9,DEN,AUS,1558,775.0,-4.0,0
2024,9,2,1,OO,LAX,SJC,2101,308.0,-2.0,0
2024,9,4,3,YX,EWR,MKE,2140,725.0,-10.0,0
2024,1,24,3,OO,SFO,BOI,1825,522.0,-3.0,0
2024,12,23,1,YX,JFK,BOS,2100,187.0,37.0,1
2024,11,8,5,YX,DCA,JFK,1256,213.0,-6.0,0
2024,7,25,4,F9,MIA,RDU,600,700.0,-13.0,0
2024,8,26,1,WN,LAX,LAS,2000,236.0,20.0,0
2024,8,25,7,WN,ATL,AUS,1405,813.0,-2.0,0
2024,3,1,5,MQ,ORD,PVD,1356,849.0,1.0,0
2024,3,18,1,9E,LGA,IND,1200,660.0,-6.0,0
2024,7,12,5,YX,SDF,DTW,735,306.0,-8.0,0
2024,7,25,4,AA,DCA,ORD,1100,612.0,-3.0,0
2024,4,28,7,OO,ATW,ORD,1049,160.0,-4.0,0
2024,4,25,4,YX,LGA,PWM,955,269.0,12.0,0
2024,2,20,2,WN,LAS,ATL,1610,1747.0,27.0,0
2024,3,27,3,DL,TPA,ATL,1236,406.0,0.0,0
2024,9,4,3,DL,SEA,AUS,1123,1770.0,-2.0,0
2024,7,19,5,WN,SJC,BUR,645,296.0,-1.0,0
2024,10,5,6,UA,SJU,IAD,1655,1571.0,-10.0,0
2024,1,12,5,UA,EWR,LAS,902,2227.0,-8.0,0
2024,9,20,5,WN,LAS,PHX,1540,255.0,32.0,1
2024,7,14,7,YX,LGA,LIT,1732,1085.0,130.0,1
2024,10,18,5,MQ,LIT,DFW,2020,304.0,-3.0,0
2024,10,25,5,OO,ATL,FWA,1549,508.0,-4.0,0
2024,3,25,1,G4,SDF,SRQ,1857,765.0,-8.0,0
2024,11,29,5,OO,PSP,SFO,1515,421.0,-13.0,0
2024,7,21,7,OO,MSP,ABR,2140,257.0,1.0,0
2024,10,10,4,OO,ORD,CAE,1345,666.0,-5.0,0
2024,12,22,7,WN,DEN,ELP,1610,563.0,20.0,0
2024,4,2,2,DL,STT,ATL,1500,1599.0,-11.0,0
2024,2,29,4,WN,HOU,HRL,845,277.0,-1.0,0
2024,9,9,1,WN,FLL,BNA,1010,793.0,2.0,0
2024,10,21,1,OO,ORD,SAT,1258,1041.0,26.0,0
2024,10,6,7,WN,OGG,HNL,1120,100.0,-1.0,0
2024,12,6,5,OH,CRW,CLT,1757,221.0,74.0,1
2024,12,29,7,YX,IAD,CVG,852,388.0,21.0,0
2024,2,7,3,WN,LAS,BUR,1020,223.0,-2.0,0
2024,5,7,2,AA,CHS,CLT,918,168.0,-12.0,1
2024,2,3,6,MQ,GSP,ORD,631,577.0,-6.0,0
2024,12,14,6,AA,DCA,MCO,815,759.0,0.0,0
2024,1,24,3,UA,SAN,IAH,1455,1303.0,7.0,0
2024,1,20,6,DL,MSP,DFW,855,852.0,-3.0,0
2024,2,6,2,OO,CLE,DTW,1755,95.0,-4.0,0
2024,8,8,4,OO,MKE,ORD,1101,67.0,27.0,1
2024,2,25,7,F9,LAS,DEN,2159,628.0,-7.0,0
2024,10,21,1,UA,LAX,SFO,1355,337.0,-4.0,0
2024,4,22,1,YX,BOS,IND,1730,818.0,-12.0,0
2024,10,29,2,YX,LGA,DCA,630,214.0,-5.0,0
2024,1,12,5,WN,OAK,LAS,1225,407.0,151.0,1
2024,10,23,3,MQ,PNS,MIA,1042,530.0,-3.0,0
2024,2,1,4,UA,LGA,ORD,1710,733.0,4.0,0
2024,3,1,5,UA,PHX,DEN,1445,602.0,26.0,0
2024,1,15,1,YX,JFK,BOS,2159,187.0,-6.0,1
2024,12,21,6,OO,LAX,SBA,1015,89.0,4.0,0
2024,11,18,1,DL,ATL,AUS,2300,813.0,-11.0,1
2024,10,31,4,UA,LAS,DEN,845,628.0,-7.0,0
2024,1,20,6,AA,SNA,PHX,1940,338.0,-7.0,0
2024,10,20,7,DL,ATL,CLT,940,226.0,-6.0,0
2024,3,2,6,OH,CLT,CVG,948,335.0,-3.0,0
2024,5,29,3,WN,ORD,AUS,1510,977.0,6.0,0
2024,8,5,1,AA,LAS,PHX,1015,255.0,-7.0,0
2024,12,21,6,WN,TUS,LAS,2010,365.0,27.0,0
2024,3,7,4,9E,CVG,EWR,1700,569.0,-5.0,0
2024,5,5,7,UA,ABQ,DEN,1335,349.0,-9.0,0
2024,10,3,4,DL,DCA,DTW,1255,405.0,-6.0,0
2024,6,15,6,WN,BNA,MIA,720,806.0,3.0,0
2024,11,8,5,WN,LAS,DEN,735,628.0,131.0,1
2024,7,4,4,WN,SAT,LAX,730,1211.0,-2.0,0
2024,2,7,3,OO,IAH,GRR,1805,1042.0,-7.0,0
2024,7,28,7,DL,ATL,RIC,2115,481.0,207.0,1
2024,6,7,5,AA,CLT,LAS,1633,1916.0,-1.0,0
2024,10,8,2,MQ,TLH,DFW,1807,767.0,-7.0,0
2024,12,9,1,DL,CMH,ATL,1253,447.0,-1.0,0
2024,2,4,7,YX,DCA,LGA,2200,214.0,15.0,0
2024,1,8,1,DL,MSP,EWR,800,1008.0,-6.0,0
2024,11,11,1,DL,SLC,LAS,1155,368.0,-7.0,0
2024,10,12,6,F9,DFW,IAH,1313,224.0,7.0,0
2024,1,30,2,AA,PHL,ORD,600,678.0,-9.0,0
2024,4,15,1,AA,PHL,CVG,1545,507.0,-6.0,0
2024,10,11,5,AA,SMF,DFW,1133,1431.0,12.0,0
2024,7,30,2,DL,CMH,MSP,621,626.0,1.0,0
2024,12,9,1,WN,ATL,TPA,1700,406.0,-3.0,0
2024,4,21,7,HA,HNL,LIH,1650,102.0,19.0,0
2024,6,17,1,UA,CMH,DEN,1534,1154.0,-6.0,0
2024,5,12,7,UA,IAH,ORD,2020,925.0,16.0,0
2024,11,24,7,AS,SEA,CMH,1358,2016.0,-5.0,0
2024,11,17,7,G4,PIE,ROA,1222,668.0,-22.0,0
2024,5,4,6,NK,BOS,MCO,1955,1121.0,-7.0,0
2024,5,24,5,B6,LAX,SLC,610,590.0,-11.0,0
2024,6,11,2,F9,LAS,SFO,2303,414.0,-7.0,0
2024,7,13,6,AS,JNU,ANC,1710,571.0,71.0,1
2024,8,10,6,OO,SMF,LAX,600,373.0,-5.0,0
2024,12,1,7,MQ,DFW,AMA,1021,312.0,50.0,1
2024,1,26,5,WN,HDN,DEN,1210,141.0,-4.0,0
2024,12,11,3,AA,SRQ,CLT,1144,547.0,12.0,1
2024,6,6,4,WN,ONT,HOU,545,1345.0,-4.0,0
2024,1,13,6,AA,CLT,LGA,2035,544.0,-3.0,0
2024,7,22,1,MQ,FWA,DFW,1214,859.0,-7.0,0
2024,3,14,4,UA,ORF,IAH,720,1201.0,0.0,0
2024,7,28,7,WN,MCO,DEN,1600,1546.0,135.0,1
2024,6,23,7,DL,PHL,DTW,600,453.0,-4.0,0
2024,3,5,2,OO,TUS,IAH,745,936.0,-5.0,0
2024,12,10,2,WN,BNA,AUS,850,756.0,-8.0,0
2024,8,3,6,F9,PHL,MDW,938,668.0,46.0,1
2024,4,15,1,WN,TPA,MDW,1440,997.0,2.0,0
2024,11,14,4,DL,ATL,SRQ,835,444.0,-3.0,0
2024,12,13,5,MQ,SYR,ORD,1634,607.0,-13.0,0
2024,5,14,2,WN,BWI,MIA,1400,946.0,27.0,1
2024,5,26,7,AA,PHL,SJU,1050,1576.0,-2.0,0
2024,7,10,3,AA,MCI,DFW,722,460.0,-8.0,0
2024,1,15,1,B6,LGA,TPA,2029,1010.0,122.0,1
2024,1,22,1,YX,OMA,LGA,700,1148.0,11.0,0
2024,8,9,5,F9,ATL,PHX,1501,1587.0,19.0,0
2024,11,23,6,DL,RDU,LAS,725,2026.0,-9.0,0
2024,3,23,6,AA,DFW,SLC,1124,989.0,13.0,0
2024,4,9,2,WN,HOU,MCI,2130,666.0,20.0,0
2024,6,19,3,DL,BOS,MSP,1115,1124.0,4.0,0
2024,3,4,1,UA,ORD,RDU,1835,646.0,-8.0,0
2024,4,26,5,DL,VPS,ATL,600,250.0,-3.0,0
2024,4,13,6,MQ,DFW,TUL,1845,237.0,-1.0,0
2024,12,3,2,OO,HSV,DEN,801,1048.0,-4.0,0
2024,7,4,4,AA,LGA,ORD,1800,733.0,-5.0,0
2024,12,10,2,WN,MDW,DTW,1850,228.0,0.0,0
2024,7,10,3,AA,GSO,CLT,1844,83.0,84.0,1
2024,8,15,4,YX,BOS,DCA,1959,399.0,102.0,1
2024,12,9,1,AA,MIA,ORD,830,1197.0,-2.0,0
2024,12,29,7,WN,SFO,SAN,1830,447.0,141.0,1
2024,6,6,4,WN,SAN,OAK,645,446.0,-1.0,0
2024,4,13,6,UA,DEN,AUS,1753,775.0,0.0,0
2024,3,9,6,MQ,ORD,TVC,1010,224.0,0.0,0
2024,1,1,1,9E,LFT,ATL,1324,503.0,-5.0,0
2024,3,7,4,WN,MIA,MSY,1630,675.0,124.0,1
2024,7,17,3,NK,ORD,MCO,1816,1005.0,89.0,1
2024,9,18,3,AS,SEA,ATL,1555,2182.0,-1.0,0
2024,2,29,4,OO,BUF,JFK,519,301.0,16.0,0
2024,8,3,6,DL,MCO,ATL,530,404.0,-8.0,0
2024,8,4,7,DL,MSP,BWI,700,936.0,6.0,0
2024,11,14,4,UA,SFO,BUR,1505,326.0,42.0,1
2024,11,21,4,B6,RSW,EWR,1110,1068.0,1.0,0
2024,8,26,1,F9,SNA,PHX,2050,338.0,60.0,1
2024,7,15,1,DL,XNA,ATL,1249,589.0,9.0,0
2024,11,29,5,MQ,CMH,DCA,610,323.0,-1.0,0
2024,1,6,6,MQ,CLT,GSP,1318,75.0,1.0,0
2024,4,26,5,AS,SAT,SEA,1820,1774.0,2.0,0
2024,7,26,5,OO,SEA,ONT,1955,956.0,-10.0,0
2024,7,20,6,HA,LIH,KOA,1645,263.0,14.0,0
2024,10,21,1,UA,SEA,DEN,1900,1024.0,-6.0,0
2024,4,18,4,WN,DEN,OKC,1550,495.0,38.0,1
2024,6,17,1,OO,PSC,SLC,1730,521.0,-4.0,0
2024,6,23,7,MQ,SDF,ORD,830,286.0,-4.0,0
2024,12,21,6,OO,AVL,ORD,1745,536.0,-3.0,1
2024,2,7,3,WN,MDW,PHX,1125,1444.0,6.0,0
2024,10,8,2,9E,ATL,XNA,1000,589.0,-5.0,0
2024,6,10,1,MQ,DFW,AUS,1255,190.0,0.0,0
2024,10,3,4,OO,AUS,RDU,1945,1162.0,-7.0,0
2024,11,12,2,WN,LAS,ONT,1410,197.0,-3.0,0
2024,7,24,3,UA,IAH,LAS,2130,1222.0,14.0,0
2024,6,11,2,DL,ATL,MOB,2241,302.0,146.0,1
2024,9,20,5,DL,ATL,SAT,1545,874.0,-1.0,0
2024,9,8,7,WN,RSW,MCI,1215,1155.0,5.0,0
2024,11,26,2,F9,CVG,PHX,710,1569.0,23.0,1
2024,7,5,5,OO,DFW,HSV,1514,603.0,-5.0,0
2024,11,6,3,OO,SAN,SBP,2059,263.0,82.0,1
2024,1,28,7,DL,LAX,IND,2340,1814.0,-2.0,0
2024,4,28,7,WN,HOU,ATL,1410,696.0,1.0,0
2024,6,19,3,AA,OKC,DFW,1445,175.0,-5.0,0
2024,10,3,4,B6,LAX,JFK,1520,2475.0,-10.0,0
2024,4,26,5,OO,ORD,BNA,2105,409.0,13.0,0
2024,2,26,1,MQ,DFW,MHK,2146,431.0,-5.0,0
2024,5,9,4,MQ,MSY,AUS,1334,444.0,-8.0,0
2024,9,28,6,AA,DCA,LAX,820,2311.0,3.0,0
2024,6,15,6,WN,MCI,DAL,600,461.0,-2.0,0
2024,7,12,5,WN,BUR,EUG,1510,732.0,-1.0,0
2024,2,15,4,HA,HNL,PDX,1155,2603.0,2.0,0
2024,7,19,5,WN,ONT,SJC,1050,333.0,17.0,0
2024,9,7,6,AA,DFW,MKE,1425,853.0,68.0,1
2024,11,26,2,9E,ATL,CHA,2055,106.0,1.0,0
2024,9,12,4,WN,MSY,DAL,1925,436.0,-3.0,0
2024,7,24,3,WN,PHX,BOI,1215,735.0,16.0,0
2024,4,12,5,AA,ORF,DFW,1912,1212.0,-6.0,0
2024,4,16,2,OO,IAH,MAF,720,429.0,-3.0,0
2024,1,9,2,UA,IAD,SAN,925,2253.0,-5.0,0
2024,9,15,7,WN,BNA,MCI,1550,491.0,22.0,1
2024,3,28,4,WN,BNA,MYR,955,471.0,0.0,0
2024,5,12,7,WN,MCI,MDW,620,405.0,-1.0,0
2024,8,12,1,UA,LIH,SFO,1252,2447.0,0.0,0
2024,11,25,1,F9,ATL,CLE,1209,554.0,48.0,1
2024,12,7,6,F9,LAS,SFO,1612,414.0,-10.0,0
2024,3,14,4,UA,CLE,MCO,1509,895.0,-11.0,0
2024,11,12,2,UA,IAH,SMF,2015,1609.0,-5.0,0
2024,2,4,7,AA,MEM,MIA,557,859.0,-6.0,0
2024,12,23,1,NK,MYR,BOS,944,738.0,24.0,1
2024,11,24,7,WN,DAL,ATL,635,721.0,-5.0,0
2024,11,25,1,DL,MIA,RDU,1820,700.0,-4.0,0
2024,4,12,5,OO,PLN,DTW,1405,243.0,-6.0,1
2024,10,8,2,OO,BUF,ORD,1055,474.0,-5.0,0
2024,2,1,4,G4,OKC,LAS,1152,986.0,101.0,1
2024,8,20,2,WN,SLC,OAK,1755,588.0,-5.0,0
2024,1,2,2,AA,ORD,DCA,2021,612.0,3.0,0
2024,10,3,4,DL,MSP,LAX,1255,1535.0,-2.0,0
2024,11,12,2,AA,MIA,AUS,1845,1103.0,118.0,1
2024,6,20,4,OO,IAH,VCT,1420,123.0,-14.0,0
2024,10,25,5,AA,AUS,CLT,1128,1032.0,4.0,1
2024,5,20,1,G4,ATW,SAV,1122,926.0,-10.0,0
2024,8,20,2,WN,MCI,MCO,1025,1072.0,-5.0,0
2024,5,28,2,NK,DFW,CLT,1450,936.0,16.0,0
2024,10,23,3,DL,TPA,MSP,1820,1306.0,-11.0,0
2024,11,14,4,OH,SRQ,CLT,1940,547.0,2.0,1
2024,7,14,7,WN,PDX,PHX,2140,1009.0,29.0,1
2024,1,19,5,AA,ORD,BOS,1524,867.0,-4.0,0
2024,10,25,5,UA,ORD,JAX,1110,864.0,-1.0,0
2024,2,25,7,WN,PHX,DEN,1500,602.0,5.0,0
2024,11,20,3,WN,STL,LGB,1655,1581.0,7.0,0
2024,6,18,2,YX,ORF,LGA,724,296.0,-2.0,0
2024,2,18,7,B6,BQN,JFK,1548,1576.0,-5.0,0
2024,2,22,4,AA,MKE,DFW,600,853.0,-3.0,0
2024,7,26,5,G4,LAS,PSC,605,732.0,-8.0,0
2024,7,28,7,OO,MKE,JFK,1300,745.0,-3.0,0
2024,7,18,4,WN,MDW,TUL,1110,583.0,2.0,0
2024,4,5,5,F9,DEN,LAS,600,628.0,-6.0,0
2024,7,3,3,DL,PBI,ATL,1659,545.0,-3.0,0
2024,4,9,2,NK,MSY,TPA,1639,488.0,-7.0,0
2024,4,22,1,OO,ORD,ELP,855,1236.0,-5.0,0
2024,12,10,2,DL,SFO,ATL,1359,2139.0,29.0,1
2024,1,3,3,WN,BWI,MIA,2055,946.0,45.0,1
2024,10,30,3,AA,DFW,SNA,1005,1205.0,0.0,0
2024,1,27,6,B6,LAX,RNO,1830,391.0,-11.0,0
2024,7,18,4,YX,EWR,SDF,1635,642.0,-6.0,0
2024,8,25,7,MQ,DFW,MYR,1353,1048.0,-5.0,0
2024,3,2,6,AS,PDX,MIA,910,2700.0,33.0,1
2024,8,19,1,WN,PDX,OAK,1240,543.0,6.0,0
2024,1,25,4,WN,LAS,TPA,1445,1984.0,16.0,1
2024,4,10,3,MQ,CLE,ORD,1455,316.0,-1.0,0
2024,8,9,5,DL,ATL,FAT,1937,1997.0,54.0,1
2024,5,27,1,AA,CLT,FLL,1445,632.0,-3.0,0
2024,11,25,1,OO,FAR,MSP,1731,223.0,0.0,0
2024,5,25,6,WN,ATL,AUS,1220,813.0,44.0,1
2024,6,25,2,DL,PHX,SEA,1545,1107.0,26.0,0
2024,2,24,6,WN,BWI,ORF,2040,159.0,19.0,0
2024,8,3,6,WN,BOS,STL,1350,1047.0,5.0,1
2024,4,16,2,AS,BOS,SEA,1727,2496.0,-13.0,0
2024,12,2,1,DL,ATL,JAN,1813,341.0,2.0,0
2024,9,28,6,B6,FLL,LGA,610,1076.0,-5.0,0
2024,6,10,1,AA,DFW,XNA,1636,280.0,25.0,1
2024,9,17,2,WN,RDU,BNA,725,442.0,0.0,0
2024,4,11,4,WN,DAL,OAK,720,1468.0,-3.0,0
2024,5,2,4,DL,ATL,DSM,1605,743.0,13.0,0
2024,11,10,7,WN,STL,SFO,1330,1735.0,-3.0,0
2024,10,12,6,MQ,DFW,SGF,1805,364.0,21.0,0
2024,4,26,5,WN,MCO,MDW,2145,990.0,17.0,0
2024,11,29,5,G4,PGD,USA,1422,588.0,-14.0,0
2024,2,15,4,WN,SLC,BUR,1210,574.0,-9.0,0
2024,5,24,5,DL,BOS,ATL,1715,946.0,7.0,0
2024,10,1,2,9E,JFK,DTW,730,509.0,-3.0,0
2024,9,23,1,DL,OKC,ATL,805,761.0,-10.0,0
2024,12,26,4,WN,DEN,CMH,820,1154.0,1.0,0
2024,6,25,2,WN,HOU,TPA,605,781.0,-2.0,0
2024,8,11,7,UA,CVG,ORD,1755,264.0,-3.0,0
2024,7,4,4,9E,LGA,BUF,759,292.0,-8.0,0
2024,4,4,4,UA,ORD,DFW,1249,802.0,0.0,0
2024,7,5,5,AA,PHL,TPA,1859,920.0,-4.0,1
2024,5,27,1,F9,MCO,TTN,1517,896.0,-18.0,0
2024,1,4,4,WN,MDW,RSW,1855,1105.0,9.0,0
2024,12,10,2,AA,CLT,JFK,803,541.0,-4.0,0
2024,7,27,6,AA,MIA,CLE,2110,1080.0,7.0,0
2024,6,30,7,UA,ORD,SFO,1043,1846.0,-1.0,0
2024,6,15,6,WN,DEN,STL,1135,770.0,1.0,0
2024,4,10,3,UA,EWR,TPA,1253,997.0,73.0,1
2024,10,11,5,MQ,TUL,ORD,524,585.0,-4.0,0
2024,8,12,1,AA,PHX,DFW,500,868.0,-2.0,0
2024,3,10,7,DL,PIT,ATL,1645,526.0,-1.0,0
2024,4,14,7,WN,BNA,LGA,1500,764.0,104.0,1
2024,1,28,7,AA,DCA,BOS,2210,399.0,-5.0,0
2024,8,14,3,WN,ATL,DCA,1435,547.0,-5.0,0
2024,6,17,1,AA,SFO,CLT,2159,2296.0,-2.0,0
2024,5,14,2,AA,DCA,BOS,1500,399.0,11.0,0
2024,10,30,3,UA,BOS,IAH,1335,1597.0,-5.0,0
2024,3,29,5,B6,LAX,SLC,1555,590.0,0.0,0
2024,2,5,1,NK,SJU,DFW,1242,2165.0,3.0,1
2024,12,3,2,DL,ORD,LGA,730,733.0,-7.0,0
2024,1,15,1,DL,DEN,JFK,625,1626.0,9.0,0
2024,10,7,1,UA,DEN,LGA,1010,1620.0,-3.0,0
2024,10,15,2,AA,DCA,MIA,530,919.0,-5.0,0
2024,4,18,4,WN,RIC,ATL,605,481.0,-3.0,0
2024,7,3,3,WN,SNA,SJC,1650,342.0,-1.0,0
2024,6,17,1,DL,ATL,RDU,1015,356.0,19.0,0
2024,9,24,2,UA,EWR,PHX,630,2133.0,-8.0,0
2024,9,14,6,OO,DEN,SLC,1920,391.0,-4.0,0
2024,11,6,3,F9,MSP,DEN,2005,680.0,12.0,0
2024,4,12,5,WN,HNL,OGG,640,100.0,-1.0,0
2024,8,13,2,WN,DAL,LAS,650,1067.0,-6.0,0
2024,12,4,3,DL,HNL,DTW,1655,4475.0,-7.0,0
2024,8,7,3,NK,LAS,SLC,1521,368.0,-3.0,0
2024,9,6,5,G4,FLL,CVG,1410,932.0,-7.0,1
2024,6,24,1,WN,BUR,LAS,1855,223.0,14.0,0
2024,6,19,3,9E,ORF,DTW,1305,529.0,-5.0,0
2024,11,5,2,WN,BWI,ORF,1120,159.0,5.0,0
2024,10,23,3,F9,DFW,IAH,1210,224.0,-15.0,0
2024,12,13,5,AA,CLT,STL,745,575.0,-5.0,0
2024,8,10,6,AA,DFW,TYS,1016,772.0,-5.0,0
2024,5,24,5,WN,PHX,STL,2055,1262.0,9.0,0
2024,8,24,6,WN,MDW,STL,1930,251.0,6.0,0
2024,1,7,7,NK,TPA,PIT,1752,873.0,-6.0,0
2024,9,5,4,B6,JAX,BOS,630,1010.0,-17.0,0
2024,12,27,5,B6,JFK,BNA,630,765.0,-5.0,0
2024,1,10,3,DL,BOS,JAX,840,1010.0,-2.0,0
2024,7,23,2,UA,IAH,PIT,1209,1117.0,20.0,1
2024,5,26,7,YX,DCA,CMH,1259,323.0,-10.0,0
2024,10,16,3,YX,BNA,DCA,624,562.0,-4.0,0
2024,10,20,7,DL,MEM,ATL,1620,332.0,23.0,0
2024,5,4,6,YX,LGA,PHL,1315,96.0,-8.0,0
2024,11,21,4,OO,CYS,DEN,1405,90.0,11.0,0
2024,3,23,6,DL,DCA,ATL,900,547.0,-3.0,0
2024,8,1,4,WN,BWI,MSP,1535,936.0,15.0,1
2024,5,19,7,AS,ANC,SEA,600,1448.0,-9.0,0
2024,12,30,1,OH,DCA,DSM,1000,897.0,5.0,0
2024,9,26,4,WN,ORF,MCO,1735,655.0,28.0,1
2024,8,9,5,DL,JFK,ATL,1459,760.0,39.0,1
2024,9,22,7,MQ,EYW,MIA,1759,126.0,-6.0,0
2024,7,31,3,WN,OAK,PDX,555,543.0,-4.0,0
2024,3,11,1,OH,PHL,CLE,1630,363.0,-5.0,0
2024,3,19,2,AA,RSW,CLT,1026,600.0,-4.0,0
2024,2,8,4,WN,PIT,HOU,1750,1131.0,79.0,1
2024,3,26,2,DL,BOS,DTW,1254,632.0,12.0,0
2024,11,26,2,YX,DTW,EWR,1430,488.0,-9.0,0
2024,12,21,6,DL,BZN,ATL,1520,1640.0,-3.0,0
2024,3,8,5,WN,BWI,BNA,1130,587.0,-2.0,0
2024,11,9,6,AA,EYW,PHL,1706,1121.0,37.0,1
2024,2,29,4,AS,SEA,SJC,930,696.0,-10.0,0
2024,2,21,3,OO,PIH,SLC,635,150.0,-10.0,0
2024,1,4,4,DL,RDU,ATL,1658,356.0,0.0,0
2024,10,12,6,AA,PHL,JAX,1111,742.0,-7.0,0
2024,12,9,1,WN,RNO,LAS,1800,345.0,-2.0,0
2024,4,29,1,WN,BWI,BUF,1440,281.0,-4.0,0
2024,2,28,3,WN,MCO,BHM,1635,479.0,0.0,0
2024,1,22,1,DL,SLC,SEA,1510,689.0,19.0,0
2024,7,27,6,OH,GPT,DFW,536,500.0,-5.0,0
2024,5,7,2,WN,SJC,BUR,1610,296.0,-5.0,0
2024,7,21,7,AA,DFW,LAX,1635,1235.0,740.0,1
2024,5,10,5,YX,MKE,PHL,1705,690.0,-6.0,0
2024,9,9,1,DL,ATL,MCO,1950,404.0,1.0,1
2024,7,20,6,AA,MSY,PHX,1823,1300.0,-1.0,0
2024,11,12,2,AA,CLT,CHS,927,168.0,-5.0,0
2024,6,29,6,UA,IAH,SJU,1505,2007.0,-4.0,0
2024,10,10,4,AA,ORD,LGA,600,733.0,-2.0,0
2024,1,3,3,AS,SEA,ANC,555,1448.0,4.0,0
2024,3,8,5,UA,CLT,EWR,1430,529.0,-3.0,0
2024,7,2,2,AS,SIT,SEA,700,861.0,-11.0,0
2024,2,27,2,F9,PHL,CLT,1044,449.0,-11.0,0
2024,7,18,4,MQ,PIA,DFW,1557,672.0,22.0,1
2024,2,10,6,DL,SEA,LAS,1745,867.0,-3.0,0
2024,6,1,6,DL,RIC,DTW,550,456.0,-1.0,0
2024,7,27,6,AA,PHX,AUS,1235,872.0,-5.0,0
2024,8,22,4,UA,EWR,IAH,809,1400.0,-12.0,0
2024,12,14,6,DL,ATL,SJU,955,1547.0,0.0,1
2024,5,21,2,WN,HNL,ITO,1925,216.0,-3.0,0
2024,10,22,2,OO,ELM,DTW,1541,332.0,-9.0,0
2024,10,12,6,DL,PHX,JFK,1203,2153.0,-1.0,0
2024,5,15,3,AS,KOA,SAN,2259,2556.0,-4.0,0
2024,11,3,7,DL,ATL,AUS,810,813.0,9.0,0
2024,3,21,4,WN,BWI,HOU,1015,1246.0,116.0,1
2024,6,4,2,WN,MEM,DEN,1835,872.0,-6.0,0
2024,10,27,7,OO,DTW,MKE,822,237.0,-9.0,0
2024,5,19,7,WN,LAS,RNO,1445,345.0,-1.0,0
2024,1,25,4,WN,DEN,SMF,1345,909.0,0.0,0
2024,4,27,6,DL,ATL,TPA,1940,406.0,-4.0,0
2024,2,27,2,9E,ATL,BMI,1429,533.0,-2.0,0
2024,10,2,3,DL,ECP,ATL,1450,240.0,-2.0,0
2024,7,3,3,NK,MIA,LAS,1829,2174.0,21.0,0
2024,9,24,2,F9,LAX,SMF,1046,373.0,-13.0,0
2024,3,5,2,WN,SMF,BUR,1420,358.0,-2.0,0
2024,5,13,1,YX,DCA,BOS,1600,399.0,-7.0,0
2024,10,27,7,B6,JFK,LAX,1920,2475.0,22.0,0
2024,3,31,7,AA,BOS,LAX,1815,2611.0,-10.0,1
2024,9,17,2,OO,JAC,LAX,1451,784.0,-8.0,0
2024,10,6,7,OO,RDM,SLC,1240,525.0,-5.0,0
2024,4,12,5,AA,LAX,CLT,2240,2125.0,-3.0,0
2024,4,14,7,DL,ATL,PWM,1931,1027.0,-2.0,0
2024,10,15,2,AA,PHX,LAX,1812,370.0,-7.0,0
2024,9,2,1,YX,PHL,CMH,2125,406.0,-15.0,0
2024,6,15,6,WN,MCI,MDW,1635,405.0,31.0,1
2024,7,16,2,UA,TPA,LAX,1745,2158.0,-2.0,0
2024,12,15,7,YX,IAD,BTV,855,441.0,6.0,0
2024,9,20,5,WN,LAS,RNO,2150,345.0,93.0,1
2024,8,18,7,DL,SAN,ATL,1356,1892.0,39.0,1
2024,11,7,4,OH,JAN,CLT,525,562.0,-1.0,0
2024,5,13,1,G4,MDT,PIE,925,912.0,-3.0,0
2024,12,10,2,9E,ORF,JFK,1213,290.0,-1.0,0
2024,5,20,1,WN,AUS,BNA,1755,756.0,3.0,0
2024,9,25,3,AS,PDX,PHX,947,1009.0,-1.0,0
2024,6,11,2,WN,SNA,PHX,1200,338.0,0.0,0
2024,9,15,7,WN,ALB,MCO,800,1073.0,-4.0,0
2024,3,14,4,AA,ORD,TPA,1326,1012.0,-3.0,0
2024,3,8,5,AA,STT,JFK,1239,1623.0,-14.0,0
2024,5,26,7,DL,SLC,MSO,2055,436.0,1.0,0
2024,6,16,7,OO,ONT,PHX,1636,325.0,-15.0,0
2024,12,6,5,G4,IAD,PGD,1820,869.0,-8.0,0
2024,9,24,2,YX,BOS,BWI,1325,369.0,-13.0,0
2024,7,6,6,OO,TUS,LAX,700,451.0,-8.0,0
2024,5,9,4,DL,DTW,JFK,2120,509.0,8.0,0
2024,12,18,3,B6,FLL,JFK,1010,1069.0,109.0,1
2024,9,6,5,F9,ATL,MIA,610,594.0,-7.0,0
2024,6,27,4,WN,STL,ECP,1310,634.0,1.0,0
2024,3,16,6,DL,LAX,ATL,1325,1947.0,5.0,1
2024,1,13,6,WN,BWI,BNA,1815,587.0,0.0,0
2024,10,23,3,OO,RDD,LAX,1855,501.0,-7.0,0
2024,12,16,1,OH,CLT,TYS,1432,177.0,-5.0,0
2024,8,24,6,AA,ORD,SNA,1720,1726.0,-1.0,0
2024,8,1,4,MQ,DFW,ILM,1920,1106.0,3.0,0
2024,6,19,3,DL,SFO,ATL,1519,2139.0,29.0,0
2024,11,27,3,AA,SAN,PHL,930,2370.0,1.0,0
2024,12,21,6,OO,ORD,ATW,1540,160.0,-2.0,0
2024,1,19,5,YX,LGA,MEM,2129,963.0,-7.0,0
2024,11,20,3,OH,CLT,CVG,2015,335.0,-5.0,0
2024,8,8,4,G4,FLL,ABE,700,1041.0,33.0,1
2024,3,17,7,WN,BWI,MCO,1245,787.0,9.0,0
2024,7,31,3,F9,DEN,CVG,533,1069.0,13.0,0
2024,8,26,1,WN,ATL,GSP,1340,153.0,-7.0,0
2024,3,13,3,AS,SEA,FAI,735,1533.0,-3.0,0
2024,8,8,4,NK,SAN,LAS,2047,258.0,64.0,1
2024,5,27,1,DL,IAH,ATL,1959,689.0,23.0,1
2024,6,12,3,WN,MSP,BWI,1645,936.0,36.0,1
2024,1,24,3,YX,EWR,ORF,1320,284.0,-10.0,0
2024,7,15,1,OO,SEA,PDX,1740,129.0,-3.0,0
2024,8,25,7,NK,DFW,ATL,1049,731.0,8.0,0
2024,9,14,6,DL,ATL,TLH,1550,223.0,-1.0,0
2024,5,3,5,MQ,CLT,ECP,1316,437.0,0.0,0
2024,2,11,7,OO,AZO,DTW,630,113.0,-8.0,0
2024,9,13,5,OO,ORD,OKC,1540,693.0,-7.0,0
2024,11,12,2,AA,BOS,MIA,649,1258.0,-11.0,0
2024,12,30,1,G4,XNA,SFB,1428,920.0,29.0,0
2024,3,2,6,WN,BNA,BOS,1645,942.0,14.0,1
2024,7,26,5,DL,JFK,LAX,900,2475.0,-4.0,0
2024,1,11,4,AA,DFW,PHX,710,868.0,96.0,1
2024,11,11,1,YX,EWR,CMH,845,463.0,-7.0,0
2024,11,9,6,AA,LAX,PHL,2325,2402.0,17.0,1
2024,6,16,7,WN,LAS,SNA,1250,226.0,23.0,0
2024,11,3,7,WN,FLL,BWI,2055,925.0,12.0,0
2024,12,21,6,DL,BDL,ATL,1846,859.0,-3.0,0
2024,7,30,2,WN,MCI,MDW,1305,405.0,-5.0,0
2024,7,19,5,DL,DCA,ATL,900,547.0,286.0,1
2024,12,26,4,AA,MCO,PHX,1743,1849.0,1.0,0
2024,11,25,1,WN,LGA,MDW,1115,725.0,1.0,0
2024,6,29,6,WN,MCO,ISP,1950,971.0,56.0,1
2024,8,13,2,F9,MCO,PHL,1511,861.0,-2.0,0
2024,1,25,4,DL,JAX,ATL,2026,270.0,10.0,1
2024,3,5,2,OO,SLC,LAX,1922,590.0,4.0,0
2024,7,4,4,HA,KOA,HNL,600,163.0,-7.0,0
2024,7,5,5,AA,SAT,PHX,900,843.0,17.0,0
2024,12,28,6,WN,OMA,DAL,1930,586.0,91.0,1
2024,7,16,2,WN,MSY,DEN,605,1062.0,-3.0,0
2024,3,24,7,AA,FLL,CLT,1432,632.0,-7.0,0
2024,5,24,5,B6,MKE,JFK,1208,745.0,1.0,0
2024,3,10,7,WN,OGG,HNL,1325,100.0,-4.0,0
2024,2,20,2,MQ,BOS,CVG,1730,752.0,-2.0,0
2024,4,13,6,WN,TPA,BNA,830,612.0,-1.0,0
2024,3,27,3,AA,MIA,DCA,1937,919.0,65.0,1
2024,10,19,6,YX,EWR,BTV,1030,266.0,-9.0,0
2024,3,6,3,DL,PBI,LGA,1525,1035.0,-7.0,0
2024,8,23,5,WN,BHM,DEN,730,1083.0,-4.0,0
2024,9,20,5,OH,PHL,CLE,2125,363.0,8.0,0
2024,10,4,5,UA,SEA,IAD,1250,2306.0,-10.0,0
2024,10,23,3,UA,DFW,IAH,1611,224.0,-2.0,0
2024,6,26,3,UA,SAN,DEN,1555,853.0,-2.0,0
2024,9,22,7,NK,FLL,STT,700,1107.0,-9.0,0
2024,5,9,4,G4,BNA,PIE,1747,612.0,58.0,1
2024,8,22,4,NK,OAK,SAN,1740,446.0,23.0,1
2024,3,23,6,UA,FSD,DEN,905,483.0,-6.0,0
2024,3,29,5,WN,AUS,DAL,1615,189.0,-7.0,0
2024,3,28,4,WN,BZN,DEN,1620,524.0,23.0,1
2024,3,1,5,B6,MSY,BOS,1115,1368.0,-7.0,0
2024,4,24,3,AA,TPA,DCA,1744,814.0,-5.0,0
2024,4,27,6,AA,DFW,LAS,1656,1055.0,-4.0,0
2024,2,17,6,OO,SLC,SEA,1109,689.0,-2.0,0
2024,1,15,1,MQ,HOU,DFW,600,247.0,-1.0,0
2024,5,13,1,DL,AUS,ATL,1054,813.0,3.0,0
2024,7,31,3,9E,LGA,IND,1935,660.0,158.0,1
2024,6,14,5,DL,ATL,GPT,902,352.0,-4.0,0
2024,8,23,5,UA,DEN,MKE,1010,896.0,67.0,1
2024,8,23,5,AA,DFW,IAH,2056,224.0,1.0,0
2024,8,22,4,UA,DEN,SBA,1935,916.0,103.0,1
2024,10,10,4,UA,MTJ,DEN,1326,196.0,-5.0,0
2024,12,22,7,WN,MCO,STL,1930,882.0,53.0,1
2024,12,11,3,YX,CLE,JFK,1040,425.0,-8.0,0
2024,11,5,2,AS,EWR,SAN,1759,2425.0,2.0,0
2024,9,14,6,DL,ATL,RSW,2250,515.0,-9.0,0
2024,2,21,3,UA,DCA,ORD,1500,612.0,-9.0,0
2024,6,6,4,DL,ATL,AUS,825,813.0,-5.0,0
2024,11,15,5,YX,LGA,SDF,1800,659.0,47.0,1
2024,4,17,3,OH,CLT,MYR,2240,157.0,-6.0,0
2024,12,4,3,WN,HRL,HOU,700,277.0,2.0,1
2024,9,3,2,AA,CLT,DCA,1507,331.0,-4.0,0
2024,3,27,3,DL,JFK,TPA,800,1005.0,-3.0,0
2024,3,25,1,YX,SYR,ORD,1703,607.0,9.0,0
2024,8,27,2,AA,RDU,CLT,1248,130.0,-5.0,0
2024,4,28,7,AA,DFW,LGA,1636,1389.0,19.0,1
2024,12,29,7,UA,PHL,SFO,1824,2521.0,5.0,0
2024,3,16,6,AA,DFW,SRQ,1235,945.0,16.0,1
2024,5,9,4,B6,JFK,PBI,1220,1028.0,7.0,0
2024,5,23,4,AS,SEA,LAX,800,954.0,-2.0,0
2024,7,19,5,AS,SFO,AUS,700,1504.0,-2.0,0
2024,7,12,5,G4,PVU,PHX,630,468.0,48.0,1
2024,6,26,3,OO,ASE,AUS,1255,812.0,-7.0,0
2024,7,10,3,WN,PHX,MCI,615,1044.0,-1.0,0
2024,8,31,6,AA,PHX,ORD,1015,1440.0,-4.0,0
2024,8,22,4,DL,ATL,BOI,2005,1838.0,9.0,0
2024,11,1,5,WN,PHX,SAN,1250,304.0,5.0,0
2024,3,12,2,F9,DEN,RDU,1614,1436.0,-5.0,0
2024,11,5,2,WN,PHX,BUF,1655,1912.0,2.0,0
2024,12,30,1,UA,LAX,DEN,1611,862.0,-2.0,0
2024,11,21,4,AS,JNU,YAK,1008,198.0,-5.0,0
2024,10,31,4,AA,CLT,BWI,736,361.0,-4.0,0
2024,4,6,6,WN,BUR,RNO,1815,374.0,11.0,0
2024,3,30,6,WN,DAL,MKE,1100,850.0,-4.0,0
2024,6,20,4,AA,ORD,MIA,1854,1197.0,-2.0,0
2024,1,3,3,UA,LAS,DEN,948,628.0,-4.0,0
2024,11,28,4,WN,SAN,BNA,805,1751.0,-2.0,0
2024,3,22,5,AS,SEA,ANC,1945,1448.0,4.0,0
2024,6,21,5,WN,AUS,LAS,1325,1090.0,0.0,0
2024,10,6,7,UA,IAH,LAS,952,1222.0,-10.0,0
2024,5,5,7,WN,LAS,HNL,900,2762.0,5.0,0
2024,6,25,2,WN,MHT,BWI,1825,377.0,48.0,1
2024,5,6,1,DL,ATL,MSY,810,425.0,-3.0,0
2024,3,17,7,OO,MSP,MOT,1017,449.0,-2.0,1
2024,7,3,3,WN,PIT,BNA,2120,462.0,70.0,1
2024,3,20,3,AA,PIT,CLT,1407,366.0,-5.0,0
2024,12,1,7,UA,BOS,ORD,2032,867.0,114.0,1
2024,8,2,5,G4,ABE,SFB,1545,882.0,55.0,1
2024,2,4,7,G4,JAX,BNA,1126,483.0,-15.0,0
2024,8,9,5,WN,ELP,AUS,1320,528.0,0.0,0
2024,4,11,4,HA,KOA,HNL,1043,163.0,-7.0,0
2024,8,1,4,WN,MDW,DCA,1510,601.0,-4.0,0
2024,4,21,7,DL,MIA,LGA,1110,1096.0,-5.0,0
2024,8,12,1,OO,SEA,PSC,1527,172.0,-1.0,0
2024,12,23,1,AA,DFW,LAX,820,1235.0,-3.0,0
2024,8,1,4,WN,LAS,ONT,1745,197.0,12.0,0
2024,9,17,2,AA,CLT,STL,1104,575.0,108.0,1
2024,3,9,6,AA,CLT,LAX,747,2125.0,17.0,0
2024,3,21,4,YX,MEM,LGA,650,963.0,16.0,0
2024,9,3,2,YX,ORD,GSP,1455,577.0,-1.0,0
2024,6,6,4,OO,MSN,MSP,1100,228.0,80.0,1
2024,8,1,4,UA,IAD,LAS,1722,2065.0,45.0,1
2024,4,11,4,NK,LAS,LAX,2334,236.0,-6.0,0
2024,2,19,1,DL,DSM,ATL,540,743.0,-5.0,0
2024,12,12,4,WN,MEM,MCO,1200,684.0,42.0,1
2024,1,2,2,OO,BNA,ORD,540,409.0,-5.0,0
2024,10,3,4,DL,LAX,MCO,1045,2218.0,-2.0,1
2024,5,16,4,DL,SLC,DCA,943,1851.0,-9.0,0
2024,11,27,3,G4,SFB,ELM,1752,954.0,113.0,1
2024,2,26,1,MQ,TPA,MIA,1006,204.0,-2.0,0
2024,3,18,1,DL,ATL,ORD,2235,606.0,-4.0,0
2024,6,28,5,WN,BWI,CVG,2240,430.0,20.0,1
2024,5,23,4,UA,SAN,IAD,825,2253.0,-6.0,0
2024,7,16,2,WN,PIT,LAS,1635,1910.0,45.0,1
2024,12,12,4,OO,DEN,FAT,1550,844.0,-4.0,0
2024,3,8,5,OO,SBN,ORD,1310,84.0,-1.0,0
2024,1,12,5,WN,PIT,ATL,1610,526.0,28.0,1
2024,7,7,7,DL,LGA,DTW,600,502.0,17.0,1
2024,6,5,3,WN,MCO,IND,2050,829.0,4.0,0
2024,12,20,5,WN,LAS,SAT,615,1069.0,-6.0,0
2024,5,6,1,OO,SLC,IDA,1715,188.0,-3.0,0
2024,4,7,7,OO,TWF,SLC,623,175.0,-13.0,0
2024,4,26,5,WN,MDW,STL,1945,251.0,177.0,1
2024,6,5,3,YX,EWR,GSP,644,594.0,-9.0,0
2024,4,1,1,WN,SMF,PHX,555,647.0,-2.0,0
2024,5,9,4,NK,LAS,CMH,2304,1771.0,-5.0,0
2024,2,17,6,AS,PHX,PDX,1959,1009.0,-13.0,0
2024,9,15,7,WN,SAN,MDW,1505,1728.0,95.0,1
2024,7,19,5,OO,JMS,DEN,1340,573.0,11.0,0
2024,9,21,6,AS,SEA,IAD,1606,2306.0,-4.0,0
2024,6,22,6,F9,CLT,PHL,1520,449.0,516.0,1
2024,4,24,3,WN,LIH,HNL,615,102.0,-6.0,0
2024,10,31,4,AA,PHL,DTW,1035,453.0,-2.0,0
2024,4,9,2,OO,ATL,CSG,1025,83.0,0.0,0
2024,6,23,7,WN,LGB,DEN,2030,854.0,-3.0,0
2024,6,7,5,NK,DTW,FLL,620,1127.0,-4.0,0
2024,9,29,7,WN,SAN,ABQ,825,628.0,7.0,1
2024,1,13,6,AA,MIA,SEA,2000,2724.0,32.0,1
2024,10,18,5,UA,IAH,SFO,1010,1635.0,12.0,1
2024,1,26,5,G4,AZA,FCA,1701,1044.0,-9.0,0
2024,12,21,6,MQ,DFW,GJT,1017,773.0,-4.0,0
2024,10,6,7,UA,ORD,EWR,1445,719.0,7.0,0
2024,1,2,2,OO,FAT,SLC,1715,501.0,14.0,0
2024,9,4,3,DL,JFK,LAX,1550,2475.0,-9.0,0
2024,2,7,3,AA,ORD,MIA,1717,1197.0,80.0,1
2024,9,19,4,9E,ATL,AGS,1420,143.0,-3.0,0
2024,11,25,1,WN,KOA,HNL,1520,163.0,-11.0,0
2024,4,16,2,NK,MCO,DFW,1900,985.0,-4.0,0
2024,6,10,1,OO,SEA,MRY,1055,750.0,-4.0,0
2024,3,15,5,WN,OAK,BUR,2000,325.0,-5.0,0
2024,5,30,4,UA,LAS,EWR,1427,2227.0,-5.0,0
2024,1,28,7,NK,FLL,ORD,2030,1182.0,-3.0,0
2024,4,22,1,DL,SJC,SLC,600,584.0,231.0,1
2024,11,26,2,DL,ATL,JFK,1215,760.0,-1.0,0
2024,7,1,1,AA,DTW,DFW,1200,986.0,-3.0,0
2024,7,5,5,AA,EGE,DFW,1439,721.0,46.0,1
2024,2,24,6,DL,BNA,DTW,1730,456.0,-11.0,0
2024,8,17,6,F9,SJC,PHX,1620,621.0,-18.0,0
2024,3,21,4,WN,OMA,HOU,1130,804.0,-8.0,0
2024,11,13,3,WN,PVD,BWI,1055,327.0,10.0,0
2024,2,27,2,AS,PDX,MCO,1035,2534.0,-4.0,0
2024,8,11,7,DL,ATL,RDU,1015,356.0,22.0,1
2024,3,22,5,UA,SFO,PHL,904,2521.0,-8.0,0
2024,4,30,2,AA,MSY,PHX,1438,1300.0,2.0,0
2024,10,12,6,WN,MSP,MDW,935,349.0,-1.0,0
2024,12,2,1,OO,PHX,LAX,719,370.0,-4.0,0
2024,10,9,3,WN,CMH,BWI,1135,337.0,29.0,0
2024,1,24,3,WN,JAN,HOU,615,359.0,120.0,1
2024,6,16,7,OO,SDF,MSP,700,604.0,-5.0,0
2024,11,21,4,B6,LGA,PBI,730,1035.0,-7.0,0
2024,1,27,6,NK,DFW,SJU,525,2165.0,4.0,0
2024,5,21,2,WN,FLL,DAL,610,1108.0,0.0,0
2024,3,29,5,AA,MIA,MCO,1255,192.0,31.0,1
2024,6,30,7,UA,ORD,SMF,1614,1781.0,107.0,1
2024,10,30,3,AA,RDU,MIA,800,700.0,0.0,0
2024,7,9,2,OO,CRW,ATL,1828,363.0,357.0,1
2024,7,5,5,YX,LGA,ACK,1359,202.0,2.0,0
2024,3,29,5,YX,CVG,JFK,1243,589.0,-5.0,0
2024,7,28,7,NK,MCO,IAH,2353,854.0,-3.0,0
2024,11,19,2,YX,EYW,PHL,1215,1121.0,-10.0,0
2024,6,10,1,OO,LAX,SJC,1650,308.0,-5.0,0
2024,1,22,1,WN,SAN,PHX,1730,304.0,80.0,1
2024,10,1,2,DL,PBI,LGA,1532,1035.0,-5.0,0
2024,5,3,5,WN,SAN,STL,840,1557.0,7.0,0
2024,9,28,6,NK,FLL,CLT,1630,632.0,-1.0,0
2024,7,22,1,YX,RDU,EWR,600,416.0,-4.0,0
2024,8,1,4,UA,AUS,DEN,530,775.0,-3.0,0
2024,12,8,7,AA,BOS,ORD,1742,867.0,-3.0,0
2024,2,29,4,OO,RDM,PHX,1421,893.0,-15.0,0
2024,9,6,5,HA,LIH,HNL,1226,102.0,-4.0,0
2024,3,30,6,OO,DEN,SBP,1133,931.0,-1.0,0
2024,4,9,2,OO,GTF,SLC,1825,463.0,0.0,0
2024,6,17,1,AA,LAX,LAS,1945,236.0,-5.0,0
2024,7,30,2,AA,DFW,FLL,1444,1119.0,-5.0,0
2024,7,9,2,WN,SMF,PDX,1645,479.0,-4.0,0
2024,9,8,7,UA,SFO,ABQ,1655,896.0,-2.0,0
2024,4,20,6,AA,SAT,CLT,625,1095.0,-9.0,0
2024,7,6,6,9E,JFK,RDU,1220,427.0,104.0,1
2024,5,16,4,WN,ATL,MCO,1610,404.0,19.0,0
2024,7,12,5,NK,LAX,BWI,2235,2329.0,35.0,1
2024,4,7,7,UA,IAD,IAH,821,1190.0,-1.0,0
2024,12,2,1,DL,LGA,ATL,759,762.0,-5.0,0
2024,11,15,5,WN,PHX,BNA,545,1449.0,1.0,0
2024,8,24,6,WN,ITO,HNL,615,216.0,0.0,0
2024,9,27,5,WN,OAK,SNA,625,371.0,0.0,0
2024,4,12,5,AA,DFW,FLL,1245,1119.0,-5.0,0
2024,6,6,4,DL,CHA,ATL,1514,106.0,26.0,1
2024,4,4,4,UA,PHX,IAD,1355,1956.0,1.0,0
2024,12,12,4,AA,MFE,DFW,500,469.0,-3.0,0
2024,12,13,5,AS,TUS,SEA,1520,1216.0,-2.0,0
2024,11,29,5,WN,STL,FLL,1815,1057.0,8.0,0
2024,1,2,2,WN,DAL,ABQ,2110,580.0,20.0,0
2024,10,26,6,AS,PDX,PHX,1328,1009.0,-6.0,0
2024,7,15,1,AA,PHL,TPA,700,920.0,-4.0,0
2024,4,27,6,DL,ATL,OMA,1645,821.0,-9.0,0
2024,4,29,1,OO,ORD,MLI,1552,139.0,168.0,1
2024,11,13,3,WN,HRL,AUS,1730,273.0,7.0,0
2024,5,7,2,MQ,MLU,DFW,600,293.0,-5.0,0
2024,7,20,6,OH,JAN,CLT,515,562.0,52.0,1
2024,3,27,3,MQ,CLT,HHH,1118,207.0,5.0,0
2024,9,30,1,NK,BNA,EWR,1410,748.0,-6.0,0
2024,1,31,3,OH,CLT,BHM,2225,350.0,6.0,0
2024,2,28,3,UA,DEN,SLC,802,391.0,-5.0,0
2024,1,29,1,WN,AUS,LBB,1955,341.0,17.0,0
2024,2,10,6,DL,MSP,RSW,1856,1416.0,6.0,0
2024,4,29,1,B6,FLL,JFK,834,1069.0,-3.0,0
2024,4,23,2,WN,BDL,BWI,625,283.0,10.0,0
2024,9,8,7,WN,LAS,SAN,2155,258.0,-6.0,0
2024,5,21,2,WN,PHX,COS,1900,551.0,36.0,1
2024,4,24,3,YX,IAH,PHL,1400,1325.0,50.0,1
2024,1,9,2,MQ,DFW,PIA,1928,672.0,44.0,1
2024,10,6,7,B6,JFK,ROC,2215,264.0,43.0,1
2024,10,10,4,DL,JFK,MIA,700,1089.0,-3.0,0
2024,3,4,1,OO,DAY,ORD,1800,240.0,-13.0,0
2024,7,14,7,YX,BOS,DCA,810,399.0,-11.0,1
2024,9,10,2,UA,EWR,MCO,1122,937.0,-9.0,0
2024,2,9,5,UA,EWR,LAS,902,2227.0,-7.0,0
2024,7,21,7,UA,PIT,ORD,1800,413.0,13.0,0
2024,1,31,3,WN,DEN,LGA,1350,1620.0,-6.0,0
2024,6,8,6,DL,ATL,CLT,1550,226.0,42.0,1
2024,4,4,4,WN,BNA,SAV,1805,417.0,61.0,1
2024,12,1,7,AA,PHX,CLT,730,1773.0,-7.0,0
2024,7,22,1,AS,PDX,LAX,1750,834.0,21.0,1
2024,11,17,7,MQ,DFW,AMA,2130,312.0,19.0,1
2024,6,12,3,OO,SEA,LWS,1950,261.0,-8.0,0
2024,9,20,5,OO,RNO,LAX,1154,391.0,69.0,1
2024,11,4,1,AA,TUL,DFW,500,237.0,-7.0,0
2024,10,22,2,DL,DFW,LAX,1600,1235.0,-9.0,0
2024,5,12,7,OO,ICT,ORD,745,588.0,-5.0,0
2024,7,24,3,OO,ORD,XNA,900,522.0,-4.0,1
2024,9,27,5,WN,AUS,LAX,550,1242.0,7.0,0
2024,5,5,7,HA,OGG,SEA,1510,2640.0,10.0,0
2024,6,3,1,G4,LAS,AUS,610,1090.0,-8.0,0
2024,5,27,1,UA,ATL,IAH,935,689.0,149.0,1
2024,3,26,2,B6,BOS,RDU,755,612.0,-10.0,0
2024,5,22,3,DL,MSP,FCA,2154,1026.0,14.0,0
2024,9,16,1,OO,RAP,MSP,1629,489.0,-8.0,0
2024,11,2,6,DL,PDX,SLC,510,630.0,-10.0,0
2024,10,1,2,OO,SMF,SEA,1025,605.0,-5.0,0
2024,12,21,6,UA,ORD,CLE,1432,316.0,10.0,0
2024,4,22,1,AA,BUF,CLT,600,546.0,-3.0,0
2024,1,2,2,WN,MDW,DEN,1610,895.0,8.0,0
2024,12,2,1,OH,CLT,FWA,2128,460.0,-6.0,0
2024,3,9,6,OH,CLT,GSO,1310,83.0,102.0,1
2024,4,24,3,NK,SJU,MCO,1454,1189.0,-3.0,0
2024,1,8,1,AA,MIA,DFW,800,1121.0,0.0,1
2024,2,26,1,B6,DCA,SJU,800,1554.0,-2.0,0
2024,6,3,1,DL,MSP,BOI,1029,1142.0,0.0,0
2024,11,8,5,DL,RDU,LAX,735,2239.0,-2.0,0
2024,12,9,1,G4,LAS,RAP,1647,843.0,-8.0,0
2024,7,9,2,UA,IAH,MFE,2024,316.0,2.0,0
2024,7,20,6,YX,MVY,DCA,1216,383.0,40.0,1
2024,10,19,6,DL,MSP,DTW,1245,528.0,-10.0,0
2024,7,11,4,OO,DEN,JAC,800,406.0,49.0,1
2024,8,24,6,WN,RNO,LAS,1220,345.0,-2.0,0
2024,4,29,1,9E,IND,JFK,720,665.0,-9.0,0
2024,11,13,3,AS,EWR,SFO,1600,2565.0,-10.0,0
2024,8,28,3,AS,SEA,SAN,1455,1050.0,0.0,0
2024,9,22,7,AS,ANC,JNU,1047,571.0,-12.0,0
2024,11,22,5,WN,HOU,SDF,1130,803.0,22.0,1
2024,9,16,1,WN,HNL,KOA,1905,163.0,-3.0,0
2024,6,17,1,AA,GSO,DFW,705,999.0,0.0,0
2024,4,2,2,AA,LAS,DFW,1254,1055.0,-5.0,1
2024,4,22,1,OO,DFW,OKC,1652,175.0,-6.0,0
2024,12,31,2,WN,OAK,LAS,1815,407.0,18.0,0
2024,2,27,2,AA,STL,CLT,710,575.0,-1.0,0
2024,4,12,5,OO,LGA,SDF,1229,659.0,-1.0,0
2024,12,6,5,MQ,BNA,TPA,830,612.0,-2.0,0
2024,10,6,7,WN,BNA,FLL,1935,793.0,18.0,0
2024,10,11,5,AA,ELP,DFW,948,551.0,-11.0,0
2024,4,16,2,WN,CMH,BNA,2025,337.0,6.0,0
2024,4,8,1,WN,SAT,DAL,900,247.0,-9.0,0
2024,7,16,2,OO,AUS,MAF,2230,294.0,-10.0,0
2024,4,15,1,G4,AZA,HOU,810,998.0,-6.0,0
2024,12,3,2,AA,PHX,BNA,1745,1449.0,-5.0,0
2024,1,26,5,DL,IAH,MSP,1450,1034.0,-5.0,0
2024,7,30,2,OO,DRO,PHX,1915,351.0,8.0,0
2024,6,11,2,WN,STL,MSP,1010,448.0,17.0,1
2024,1,7,7,DL,SJU,BOS,1351,1674.0,-2.0,0
2024,12,20,5,OH,PHL,CLE,1925,363.0,50.0,1
2024,2,22,4,9E,BNA,JFK,1925,765.0,8.0,1
2024,2,20,2,AA,SFO,CLT,2215,2296.0,21.0,0
2024,7,15,1,G4,EYW,CVG,1456,1013.0,5.0,0
2024,5,24,5,AA,EWR,PHX,615,2133.0,46.0,1
2024,2,8,4,AA,LAX,BOS,2200,2611.0,-7.0,0
2024,12,25,3,AA,PHL,LAX,1619,2402.0,-3.0,0
2024,7,25,4,UA,EWR,MCO,830,937.0,-3.0,0
2024,7,12,5,AA,CLT,DTW,1300,500.0,105.0,1
2024,8,11,7,WN,MDW,TPA,1105,997.0,1.0,1
2024,11,3,7,WN,MSY,DEN,1150,1062.0,27.0,1
2024,11,15,5,DL,LAS,LAX,615,236.0,-8.0,0
2024,7,2,2,UA,DEN,BWI,945,1491.0,84.0,1
2024,11,21,4,DL,ATL,BDL,820,859.0,-5.0,0
2024,8,12,1,AS,BOS,SEA,1000,2496.0,46.0,1
2024,4,26,5,OO,DEN,BZN,1325,524.0,0.0,0
2024,11,12,2,DL,BOS,MCO,1155,1121.0,-2.0,0
2024,7,19,5,WN,HOU,LAS,820,1235.0,53.0,1
2024,5,7,2,DL,SNA,MSP,800,1522.0,22.0,0
2024,9,18,3,WN,DEN,DAL,1935,651.0,4.0,0
2024,4,15,1,OO,SLC,ABQ,1555,493.0,-6.0,0
2024,6,28,5,UA,DEN,ORD,745,888.0,-4.0,0
2024,3,18,1,AS,ANC,SEA,900,1448.0,-12.0,0
2024,10,16,3,OO,SMF,LAX,1630,373.0,-13.0,0
2024,9,27,5,DL,BOS,LAX,1630,2611.0,-4.0,0
2024,6,17,1,WN,BNA,AUS,1115,756.0,-5.0,0
2024,3,20,3,WN,SDF,DEN,1040,1024.0,-2.0,0
2024,10,2,3,G4,PGD,IND,1415,916.0,-2.0,0
2024,11,13,3,WN,BHM,MDW,1455,570.0,0.0,0
2024,6,11,2,DL,ATL,GSP,1251,153.0,-5.0,0
2024,1,9,2,AA,MCO,CLT,612,468.0,30.0,1
2024,6,22,6,UA,ORD,PNS,1035,794.0,6.0,0
2024,11,29,5,UA,SFO,PHX,2045,651.0,-10.0,1
2024,4,1,1,WN,BHM,MDW,1735,570.0,8.0,0
2024,7,1,1,UA,EWR,SAN,630,2425.0,149.0,1
2024,6,14,5,WN,DEN,LAX,1250,862.0,15.0,1
2024,5,27,1,AA,DFW,BNA,1645,631.0,21.0,1
2024,7,24,3,MQ,YUM,PHX,1700,160.0,-8.0,0
2024,2,23,5,AA,SAV,DFW,1351,925.0,0.0,0
2024,6,18,2,UA,LAX,IAH,1655,1379.0,62.0,1
2024,4,14,7,AA,MEM,DFW,1041,431.0,-4.0,0
2024,8,8,4,OO,DTW,SBN,2000,157.0,109.0,1
2024,5,7,2,OH,DFW,LFT,1219,351.0,-7.0,0
2024,6,14,5,OO,PHX,BUR,1431,369.0,-8.0,0
2024,5,21,2,AA,MSN,PHX,730,1396.0,-2.0,1
2024,8,20,2,NK,EWR,DFW,1339,1372.0,7.0,0
2024,7,21,7,F9,TPA,CLE,501,927.0,-8.0,0
2024,9,16,1,DL,BZN,ATL,1410,1640.0,3.0,0
2024,5,20,1,MQ,MCI,DFW,1047,460.0,-8.0,0
2024,7,5,5,OH,CLT,SAV,2010,213.0,10.0,0
2024,7,3,3,WN,SDF,MDW,1650,271.0,-4.0,0
2024,11,16,6,F9,CLT,PHL,956,449.0,-12.0,0
2024,11,1,5,NK,EWR,CHS,1000,628.0,65.0,1
2024,6,22,6,AA,LAX,HNL,1352,2556.0,1.0,0
2024,11,24,7,UA,AUS,SFO,1948,1504.0,-5.0,0
2024,2,4,7,WN,DEN,IND,715,977.0,-1.0,1
2024,8,22,4,MQ,OKC,DFW,1821,175.0,3.0,0
2024,12,9,1,YX,RDU,PIT,1849,328.0,128.0,1
2024,11,3,7,UA,BDL,IAD,600,325.0,-1.0,0
2024,4,27,6,B6,BWI,BOS,1440,369.0,-12.0,0
2024,5,20,1,9E,LGA,MYR,2050,563.0,-13.0,0
2024,6,30,7,OO,SJC,LAX,1900,308.0,-2.0,1
2024,10,20,7,DL,DTW,BNA,2003,456.0,20.0,0
2024,3,18,1,B6,FLL,LGA,1300,1076.0,32.0,0
2024,6,14,5,9E,CWA,MSP,708,175.0,-1.0,0
2024,7,11,4,WN,RDU,DEN,500,1436.0,-1.0,0
2024,4,1,1,AA,TYS,CLT,500,177.0,-6.0,0
2024,6,20,4,UA,SFO,SNA,1910,372.0,65.0,1
2024,1,23,2,AA,ELP,DFW,1712,551.0,153.0,1
2024,2,14,3,DL,LAX,PDX,920,834.0,-6.0,0
2024,12,17,2,DL,SFO,SLC,1925,599.0,-8.0,0
2024,3,13,3,UA,BOS,EWR,1845,200.0,-10.0,0
2024,10,19,6,UA,ATL,IAD,1440,534.0,-9.0,0
2024,2,2,5,AA,DFW,MCO,1845,985.0,1.0,0
2024,9,9,1,DL,IAH,ATL,1659,689.0,-7.0,0
2024,1,5,5,OO,MAF,PHX,843,581.0,11.0,1
2024,6,15,6,YX,IAD,LGA,2210,229.0,-4.0,0
2024,7,3,3,DL,ATL,PNS,1010,271.0,-1.0,0
2024,11,26,2,B6,MCO,BQN,2215,1129.0,26.0,1
2024,11,24,7,UA,DCA,IAH,1635,1208.0,-3.0,0
2024,1,20,6,AA,DFW,DCA,1910,1192.0,-6.0,0
2024,4,25,4,WN,MCO,SJU,1845,1189.0,5.0,0
2024,12,30,1,AA,EWR,DFW,1239,1372.0,25.0,0
2024,3,15,5,DL,SFO,ATL,2230,2139.0,-1.0,0
2024,3,23,6,AA,MCO,DCA,1359,759.0,49.0,1
2024,3,11,1,WN,ATL,CMH,1525,447.0,0.0,0
2024,10,21,1,OO,SFO,BOI,1825,522.0,10.0,0
2024,8,30,5,OO,SFO,SNA,1730,372.0,-1.0,0
2024,10,11,5,AA,LGA,CLT,1704,544.0,99.0,1
2024,12,7,6,WN,LAS,LIH,1040,2818.0,215.0,1
2024,4,16,2,DL,IAD,SLC,710,1828.0,114.0,1
2024,11,8,5,UA,SFO,ONT,2100,363.0,17.0,1
2024,11,22,5,DL,SAN,SLC,640,626.0,-10.0,0
2024,2,15,4,UA,FLL,EWR,800,1065.0,-8.0,0
2024,1,22,1,F9,ATL,MDW,1312,591.0,-8.0,0
2024,4,1,1,NK,ROC,MCO,1342,1033.0,-4.0,0
2024,6,20,4,NK,LGA,MIA,1659,1096.0,0.0,0
2024,3,8,5,DL,JAX,JFK,1809,828.0,-11.0,0
2024,7,2,2,OO,DFW,BPT,1229,270.0,-10.0,0
2024,7,8,1,DL,DTW,MSP,1951,528.0,-3.0,0
2024,6,9,7,UA,RSW,EWR,1728,1068.0,-3.0,0
2024,11,14,4,WN,GSP,BNA,1055,265.0,17.0,0
2024,9,19,4,NK,DFW,LAX,1400,1235.0,0.0,0
2024,8,11,7,MQ,TRI,DFW,1629,868.0,-4.0,0
2024,5,1,3,YX,EWR,MCI,930,1092.0,39.0,1
2024,2,20,2,WN,IND,RSW,800,945.0,1.0,0
2024,4,7,7,OO,DEN,FSD,2045,483.0,12.0,0
2024,7,26,5,OO,SFO,SAN,1048,447.0,-6.0,0
2024,5,4,6,F9,MCO,CVG,525,757.0,-10.0,0
2024,4,25,4,WN,OAK,BUR,1125,325.0,0.0,0
2024,12,5,4,G4,AZA,FNT,952,1650.0,-6.0,0
2024,10,28,1,YX,BOS,DCA,1420,399.0,-12.0,0
2024,7,16,2,9E,LGA,SAV,854,722.0,-8.0,0
2024,5,23,4,WN,ELP,DEN,1010,563.0,-3.0,0
2024,12,14,6,AA,DTW,CLT,1344,500.0,-8.0,0
2024,10,16,3,OO,SFO,MFR,1622,329.0,-1.0,0
2024,6,17,1,WN,DAL,SAT,1315,247.0,2.0,0
2024,3,26,2,OO,ATL,FWA,2135,508.0,-6.0,0
2024,11,20,3,WN,STL,MIA,855,1068.0,-1.0,0
2024,4,30,2,MQ,EWR,ORD,1735,719.0,0.0,1
2024,10,15,2,OH,MYR,DCA,1928,372.0,-13.0,0
2024,1,13,6,YX,PWM,ORD,1625,900.0,11.0,0
2024,1,29,1,DL,LEX,ATL,1833,304.0,-19.0,0
2024,3,29,5,UA,DEN,DSM,1330,589.0,-8.0,0
2024,1,12,5,G4,TYS,AUS,1315,882.0,63.0,1
2024,3,5,2,AA,MCO,CLT,1344,468.0,22.0,0
2024,11,24,7,B6,HPN,FLL,959,1097.0,-9.0,0
2024,9,27,5,9E,CVG,LGA,802,585.0,-6.0,0
2024,3,26,2,WN,ATL,PBI,1030,545.0,10.0,0
2024,8,18,7,WN,STL,OKC,1035,462.0,-2.0,0
2024,5,9,4,AA,DTW,CLT,1534,500.0,22.0,1
2024,7,15,1,OO,DTW,HPN,1453,505.0,-2.0,0
2024,9,19,4,OO,ORD,TUS,1945,1437.0,-1.0,1
2024,7,18,4,YX,IND,LGA,1158,660.0,-6.0,0
2024,2,19,1,AA,DFW,SDF,1429,733.0,-6.0,0
2024,1,4,4,DL,DTW,LGA,2140,502.0,30.0,1
2024,8,20,2,WN,AMA,DAL,1140,323.0,-6.0,0
2024,9,4,3,WN,HNL,OGG,615,100.0,-5.0,0
2024,6,25,2,F9,LIT,DEN,1441,771.0,4.0,0
2024,2,10,6,MQ,AUS,MIA,1640,1103.0,-5.0,0
2024,4,27,6,YX,BOS,MIA,916,1258.0,-9.0,0
2024,3,22,5,WN,AUS,ELP,1620,528.0,-3.0,0
2024,10,1,2,WN,LAX,DEN,1310,862.0,2.0,0
2024,8,9,5,NK,PIT,EWR,1709,319.0,227.0,1
2024,2,19,1,MQ,MIA,CMH,1453,990.0,0.0,0
2024,11,28,4,WN,BWI,HOU,650,1246.0,-2.0,0
2024,4,4,4,WN,STL,DCA,1835,719.0,-9.0,0
2024,2,19,1,OH,BHM,CLT,1458,350.0,-4.0,0
2024,8,15,4,AA,MIA,SJU,829,1045.0,-5.0,0
2024,5,2,4,NK,FLL,PIT,2110,994.0,-6.0,0
2024,7,21,7,OH,CAE,DCA,1935,408.0,22.0,1
2024,4,7,7,OO,CSG,ATL,1200,83.0,-1.0,0
2024,2,7,3,F9,PHX,SNA,1312,338.0,-12.0,0
2024,8,7,3,WN,OKC,LAS,810,986.0,-2.0,0
2024,3,28,4,OH,CAK,CLT,635,394.0,-10.0,0
2024,8,16,5,UA,SAT,IAD,709,1362.0,-5.0,0
2024,12,26,4,WN,BWI,LAS,1015,2106.0,1.0,0
2024,12,26,4,UA,LAX,IAH,1150,1379.0,-6.0,1
2024,3,22,5,WN,RSW,IND,2050,945.0,88.0,1
2024,9,16,1,AA,LAX,PHL,815,2402.0,-5.0,0
2024,2,17,6,AA,DFW,PDX,1046,1616.0,-1.0,0
2024,9,4,3,DL,LAX,MCI,835,1363.0,1.0,0
2024,4,1,1,WN,MCI,AUS,625,650.0,-2.0,0
2024,8,10,6,WN,BHM,MDW,600,570.0,419.0,1
2024,4,12,5,B6,JFK,ONT,1910,2429.0,57.0,1
2024,10,19,6,F9,LAS,PHX,1047,255.0,-12.0,0
2024,1,11,4,F9,PSE,MCO,1708,1179.0,135.0,1
2024,5,20,1,OH,CLT,SBN,1457,534.0,-5.0,0
2024,2,25,7,AA,DFW,PIT,710,1067.0,-8.0,0
2024,11,23,6,OH,ILM,CLT,1242,185.0,10.0,0
2024,6,23,7,AA,MIA,LAS,1000,2174.0,25.0,0
2024,7,21,7,WN,BNA,RSW,1430,722.0,3.0,0
2024,3,19,2,UA,MCO,EWR,1248,937.0,-5.0,0
2024,6,27,4,WN,AUS,ONT,1520,1196.0,38.0,1
2024,10,23,3,AS,SAN,AUS,1832,1164.0,-12.0,0
2024,10,28,1,UA,RSW,IAH,1354,861.0,9.0,0
2024,3,15,5,WN,DAL,MAF,1740,319.0,29.0,1
2024,9,9,1,OO,DFW,GRI,1345,561.0,-6.0,0
2024,7,9,2,DL,SNA,SLC,1900,588.0,0.0,0
2024,8,13,2,UA,MSP,DEN,1805,680.0,51.0,1
2024,10,24,4,9E,JFK,SAV,806,718.0,-5.0,0
2024,8,12,1,WN,BWI,RIC,2140,121.0,18.0,0
2024,12,18,3,MQ,COU,DFW,1212,490.0,-5.0,0
2024,12,12,4,AS,SEA,CLE,1036,2021.0,-7.0,0
2024,8,9,5,DL,CHS,ATL,822,259.0,-12.0,0
2024,4,29,1,WN,PHX,TPA,1620,1788.0,0.0,0
2024,10,2,3,WN,BWI,MHT,1240,377.0,-2.0,0
2024,10,26,6,WN,SNA,LAS,850,226.0,88.0,1
2024,7,17,3,UA,LAX,MCO,2300,2218.0,18.0,0
2024,6,11,2,AA,DFW,CID,1645,685.0,134.0,1
2024,8,18,7,WN,PHL,TPA,1145,920.0,-3.0,0
2024,8,23,5,DL,ATL,GSO,1355,306.0,-8.0,0
2024,9,18,3,OH,BNA,DCA,1610,562.0,-11.0,0
2024,11,24,7,UA,ORD,RSW,915,1120.0,-8.0,0
2024,4,1,1,OO,LAX,SBP,2251,156.0,-6.0,0
2024,6,2,7,UA,IAH,SFO,1523,1635.0,159.0,1
2024,5,20,1,NK,RSW,ACY,1859,982.0,-4.0,0
2024,2,11,7,UA,EWR,PBI,1510,1023.0,-4.0,0
2024,9,11,3,B6,PBI,JFK,1155,1028.0,3.0,0
2024,8,16,5,AA,MTJ,DFW,1028,722.0,-8.0,0
2024,1,24,3,DL,MEM,ATL,1245,332.0,-2.0,0
2024,9,8,7,OO,IAD,JST,1245,120.0,-9.0,0
2024,11,20,3,G4,PIE,AVL,1000,519.0,-7.0,1
2024,9,27,5,AA,DFW,BNA,2059,631.0,-1.0,0
2024,9,2,1,MQ,DFW,GSP,1623,862.0,2.0,0
2024,7,25,4,DL,ATL,SJC,2050,2116.0,21.0,1
2024,5,21,2,AA,ORD,ANC,1700,2846.0,-3.0,0
2024,10,30,3,AA,CLT,DTW,1615,500.0,-2.0,0
2024,11,8,5,OO,ORD,CAE,1344,666.0,-7.0,0
2024,11,15,5,WN,CRP,HOU,1815,187.0,-7.0,0
2024,5,11,6,YX,BUF,DCA,623,296.0,-6.0,0
2024,8,2,5,UA,SFO,DEN,1553,967.0,-2.0,0
2024,4,22,1,G4,LAS,FAT,1250,259.0,-10.0,0
2024,5,5,7,WN,DEN,OMA,810,472.0,-6.0,0
2024,3,2,6,AA,PSP,PHX,1914,261.0,851.0,1
2024,6,18,2,WN,MCO,SDF,1930,719.0,-6.0,0
2024,6,10,1,OO,ROA,ORD,1745,531.0,-2.0,0
2024,3,3,7,WN,DAL,LAS,1120,1067.0,27.0,0
2024,9,19,4,AA,CLE,ORD,1906,316.0,-6.0,0
2024,3,22,5,WN,LGB,SMF,1215,387.0,3.0,0
2024,1,22,1,OO,RDD,SFO,600,199.0,-2.0,0
2024,1,31,3,DL,BWI,ATL,610,577.0,-6.0,0
2024,1,11,4,OO,ORD,HSV,1255,510.0,-2.0,0
2024,6,29,6,WN,MCI,PHX,2015,1044.0,63.0,1
2024,3,10,7,DL,ATL,PVD,943,903.0,42.0,1
2024,3,10,7,YX,EWR,IND,1529,645.0,0.0,0
2024,4,21,7,OO,MSP,BRD,905,114.0,0.0,0
2024,7,22,1,WN,CLT,BNA,1040,328.0,50.0,1
2024,8,16,5,OO,SFO,GEG,1340,733.0,-8.0,0
2024,2,26,1,UA,SFO,IAH,1305,1635.0,-5.0,0
2024,2,3,6,DL,RSW,ATL,1400,515.0,0.0,0
2024,7,1,1,B6,SJU,MCO,2045,1189.0,12.0,0
2024,6,20,4,NK,IAH,SAN,609,1303.0,-9.0,1
2024,12,10,2,OO,LAX,BOI,1847,674.0,-1.0,0
2024,11,18,1,YX,LGA,STL,1329,888.0,-3.0,0
2024,5,25,6,OO,TUL,ORD,1435,585.0,-3.0,0
2024,6,21,5,AS,SEA,ONT,1647,956.0,-5.0,0
2024,8,25,7,WN,BNA,LAX,2215,1797.0,-6.0,0
2024,6,26,3,OO,DEN,ELP,2046,563.0,48.0,1
2024,5,31,5,DL,BOI,MSP,523,1142.0,3.0,0
2024,12,23,1,9E,CHS,MSP,1530,1087.0,-2.0,0
2024,8,9,5,UA,IAH,DCA,730,1208.0,-4.0,0
2024,4,14,7,WN,SJC,MDW,720,1838.0,6.0,0
2024,6,24,1,AA,DFW,BOS,1032,1562.0,17.0,0
2024,3,5,2,UA,DEN,SAN,1945,853.0,-4.0,0
2024,7,16,2,OO,PHX,OKC,1230,833.0,-5.0,1
2024,12,27,5,UA,SRQ,EWR,1230,1034.0,31.0,1
2024,1,23,2,WN,ATL,MDW,1750,591.0,-5.0,0
2024,1,18,4,UA,SFO,AUS,845,1504.0,-8.0,0
2024,10,1,2,DL,ORD,MSP,600,334.0,-11.0,0
2024,4,30,2,MQ,DFW,BHM,1237,597.0,-2.0,0
2024,10,17,4,OO,LAS,SAN,712,258.0,-7.0,0
2024,8,11,7,YX,OKC,LGA,738,1341.0,173.0,1
2024,9,21,6,DL,LGA,ATL,1600,762.0,-3.0,0
2024,1,12,5,AA,MIA,BWI,2110,946.0,98.0,1
2024,2,7,3,OO,IAH,PHX,535,1009.0,-9.0,0
2024,10,23,3,WN,GEG,LAS,630,806.0,-4.0,0
2024,1,8,1,UA,EWR,MIA,1509,1085.0,-8.0,0
2024,4,29,1,UA,PHX,CLE,2310,1737.0,-9.0,0
2024,3,28,4,WN,LAS,SJC,915,386.0,-3.0,0
2024,2,19,1,OO,FSD,MSP,1729,196.0,-7.0,0
2024,9,24,2,WN,DAL,HOU,1900,239.0,2.0,0
2024,4,9,2,WN,BWI,MCI,700,967.0,-8.0,0
2024,7,2,2,YX,ORF,EWR,1750,284.0,-9.0,0
2024,4,26,5,WN,OAK,SAN,910,446.0,4.0,0
2024,3,18,1,UA,MDT,ORD,620,594.0,-10.0,0
2024,2,16,5,AA,BUR,DFW,1245,1231.0,-11.0,0
2024,4,11,4,MQ,CHA,DFW,1632,695.0,-3.0,0
2024,1,3,3,9E,SDF,DTW,1757,306.0,406.0,1
2024,9,5,4,DL,JFK,HNL,1030,4983.0,-4.0,0
2024,12,23,1,YX,AVL,LGA,1409,599.0,-2.0,0
2024,8,10,6,YX,HHH,DCA,1646,501.0,-5.0,0
2024,4,22,1,OO,ORD,GSP,1800,577.0,-7.0,0
2024,8,28,3,OO,LAX,DEN,1442,862.0,-4.0,0
2024,6,15,6,OH,CLT,HPN,2032,564.0,-6.0,0
2024,3,12,2,YX,ATL,DCA,650,547.0,-13.0,0
2024,6,20,4,DL,SAT,SLC,1822,1087.0,-10.0,0
2024,2,2,5,OO,PHX,SFO,820,651.0,12.0,1
2024,2,28,3,DL,ELP,ATL,600,1282.0,-2.0,0
2024,12,6,5,G4,OMA,SFB,1820,1195.0,-14.0,0
2024,9,6,5,F9,ORD,PHX,2245,1440.0,-13.0,0
2024,7,9,2,MQ,SGF,DFW,2021,364.0,99.0,1
2024,4,19,5,NK,LGA,MCO,1059,950.0,-10.0,0
2024,12,4,3,YX,LGA,CMH,1750,479.0,-6.0,0
2024,11,7,4,AA,OMA,DFW,500,583.0,31.0,1
2024,3,23,6,AA,DFW,FLL,703,1119.0,13.0,1
2024,4,22,1,NK,BWI,MCO,632,787.0,-9.0,0
2024,2,9,5,OO,MSP,RST,1555,76.0,-2.0,1
2024,11,25,1,DL,MSP,DEN,2155,680.0,-10.0,0
2024,8,3,6,WN,HOU,PHX,1150,1020.0,21.0,0
2024,11,30,6,YX,LGA,PWM,2129,269.0,-7.0,0
2024,6,1,6,UA,ORD,CLE,725,316.0,-4.0,0
2024,10,13,7,UA,ATL,ORD,1245,606.0,-4.0,0
2024,5,5,7,UA,BTV,EWR,600,266.0,-8.0,0
2024,6,17,1,AA,SDF,MIA,615,910.0,2011.0,1
2024,2,20,2,AS,SJC,SEA,1940,696.0,5.0,0
2024,7,9,2,F9,ONT,SFO,807,363.0,26.0,1
2024,5,11,6,WN,DAL,STL,1915,546.0,14.0,0
2024,4,21,7,UA,ORD,SFO,1311,1846.0,79.0,1
2024,11,23,6,WN,TUS,LAS,2005,365.0,-12.0,0
2024,2,12,1,OO,PHX,ICT,2010,870.0,8.0,0
2024,6,30,7,WN,SAT,HOU,1305,192.0,9.0,0
2024,6,10,1,DL,SAT,ATL,519,874.0,-3.0,0
2024,7,29,1,B6,LGA,PBI,1459,1035.0,-2.0,0
2024,2,4,7,WN,RSW,MDW,1415,1105.0,1.0,0
2024,4,20,6,OO,MSP,BIS,1015,386.0,-5.0,0
2024,9,1,7,WN,ORF,BWI,1430,159.0,37.0,1
2024,5,30,4,WN,LGA,DEN,600,1620.0,5.0,0
2024,11,14,4,HA,HNL,KOA,900,163.0,-2.0,0
2024,4,25,4,WN,SMF,BUR,635,358.0,-5.0,0
2024,6,25,2,OO,OKC,ORD,515,693.0,-3.0,0
2024,3,8,5,UA,EWR,MSY,645,1167.0,-2.0,0
2024,11,4,1,WN,MDW,PHL,1215,668.0,-3.0,0
2024,5,28,2,F9,DFW,PIT,730,1067.0,231.0,1
2024,11,5,2,AA,MSY,CLT,1335,651.0,-3.0,0
2024,12,28,6,G4,AVL,BOS,630,783.0,8.0,0
2024,12,23,1,UA,ATL,IAH,700,689.0,-6.0,0
2024,6,1,6,UA,IAD,LAS,830,2065.0,23.0,1
2024,11,9,6,OO,LAX,RNO,928,391.0,-2.0,0
2024,12,18,3,UA,ORD,OMA,845,416.0,-2.0,0
2024,12,27,5,YX,SYR,LGA,1310,198.0,-5.0,0
2024,3,27,3,YX,DCA,ROC,1018,296.0,-4.0,0
2024,6,1,6,UA,MTJ,DEN,730,196.0,213.0,1
2024,5,4,6,WN,ONT,DEN,1120,819.0,36.0,1
2024,4,27,6,NK,PHL,BNA,853,675.0,-9.0,0
2024,3,7,4,UA,SAN,SFO,1023,447.0,-5.0,1
2024,3,23,6,9E,LFT,ATL,617,503.0,-5.0,0
2024,7,11,4,AA,CLT,PVD,710,683.0,-3.0,0
2024,9,29,7,DL,ATL,HOU,1107,696.0,-2.0,0
2024,10,16,3,WN,PIT,DEN,1800,1290.0,27.0,0
2024,8,30,5,NK,PHL,FLL,1800,992.0,32.0,0
2024,5,5,7,AA,LGA,DFW,1445,1389.0,12.0,0
2024,12,12,4,AA,EYW,PHL,1659,1121.0,6.0,0
2024,1,7,7,NK,STT,FLL,1840,1107.0,21.0,1
2024,4,19,5,OH,CLT,BNA,1434,328.0,-5.0,0
2024,11,24,7,AS,PDX,BOS,1055,2537.0,-7.0,0
2024,7,15,1,B6,FLL,DCA,1029,899.0,-2.0,0
2024,11,8,5,OO,ORD,CID,925,196.0,-10.0,0
2024,12,17,2,OH,CAK,CLT,825,394.0,-10.0,0
2024,8,3,6,YX,DCA,BNA,829,562.0,70.0,1
2024,2,14,3,WN,MCO,LAS,1015,2039.0,7.0,1
2024,5,3,5,OO,SEA,ONT,1030,956.0,-4.0,0
2024,4,11,4,DL,MSP,LAS,700,1299.0,-5.0,0
2024,10,21,1,DL,DTW,STL,840,440.0,-1.0,0
2024,5,1,3,NK,LAS,SAT,1615,1069.0,-11.0,0
2024,6,28,5,NK,LGA,FLL,630,1076.0,351.0,1
2024,11,26,2,DL,DTW,SEA,825,1927.0,-4.0,0
2024,4,16,2,MQ,XNA,PHX,814,1023.0,-3.0,0
2024,11,24,7,AA,CLT,JAX,1800,328.0,-4.0,0
2024,9,8,7,WN,DEN,SJC,625,948.0,-6.0,0
2024,2,13,2,B6,BOS,ATL,1414,946.0,27.0,1
2024,12,23,1,DL,HRL,MSP,1535,1310.0,-8.0,0
2024,8,7,3,OO,SGU,DFW,1314,976.0,-12.0,0
2024,9,1,7,DL,CLT,DTW,1235,500.0,-8.0,0
2024,9,28,6,WN,LGA,BNA,925,764.0,-1.0,0
2024,8,15,4,DL,ATL,SYR,1535,794.0,-1.0,0
2024,3,4,1,DL,ATL,TPA,1726,406.0,-10.0,0
2024,12,27,5,OO,BJI,MSP,645,199.0,6.0,1
2024,4,4,4,WN,RSW,BWI,850,919.0,-4.0,0
2024,9,9,1,NK,FLL,PNS,720,525.0,-7.0,0
2024,5,5,7,WN,SAV,MDW,1620,758.0,60.0,1
2024,8,28,3,AA,MIA,SJU,829,1045.0,-5.0,0
2024,1,27,6,F9,MCO,DTW,2100,957.0,-8.0,0
2024,10,15,2,OO,DEN,COS,1908,73.0,-3.0,0
2024,10,26,6,OO,MSP,RST,2140,76.0,-4.0,0
2024,9,18,3,MQ,BRO,DFW,540,482.0,-4.0,0
2024,7,24,3,DL,MSP,SAN,1850,1532.0,18.0,0
2024,12,28,6,WN,ECP,HOU,1220,570.0,4.0,1
2024,4,17,3,MQ,DFW,HRL,840,461.0,10.0,0
2024,4,24,3,OO,LAX,SMF,1500,373.0,-5.0,0
2024,4,3,3,F9,CVG,RSW,501,879.0,-9.0,0
2024,9,15,7,UA,BNA,DEN,1430,1014.0,-6.0,0
2024,1,11,4,UA,LGA,ORD,1015,733.0,-7.0,0
2024,5,24,5,OH,DCA,BNA,743,562.0,-3.0,0
2024,9,5,4,AS,SEA,OGG,1745,2640.0,6.0,0
2024,2,18,7,OO,PHX,SJC,2120,621.0,8.0,0
2024,6,23,7,WN,IND,BWI,615,516.0,12.0,0
2024,7,6,6,WN,LAS,SJC,605,386.0,-5.0,0
2024,1,11,4,DL,ATL,GNV,845,300.0,-1.0,0
2024,2,21,3,YX,BOS,BWI,1935,369.0,-9.0,0
2024,9,12,4,G4,CAK,PGD,1052,965.0,-5.0,0
2024,11,30,6,DL,JAN,ATL,1444,341.0,28.0,1
2024,6,9,7,WN,MDW,BNA,1545,395.0,18.0,0
2024,4,17,3,WN,BWI,BUF,1515,281.0,4.0,0
2024,9,16,1,DL,MOB,ATL,600,302.0,-10.0,0
2024,12,6,5,OH,STL,PHL,1410,814.0,-12.0,0
2024,9,3,2,OH,BHM,PHL,1340,772.0,-8.0,0
2024,10,5,6,OH,GRR,DCA,1740,524.0,-10.0,0
2024,12,22,7,G4,FLL,TYS,1818,709.0,12.0,1
2024,11,10,7,DL,LAX,MSY,715,1670.0,-11.0,0
2024,7,9,2,UA,DEN,BWI,1730,1491.0,-1.0,0
2024,12,22,7,AS,SNA,SEA,1015,978.0,10.0,0
2024,11,26,2,AA,CLT,CLE,1102,430.0,12.0,0
2024,12,20,5,WN,HNL,OGG,2000,100.0,19.0,0
2024,12,8,7,UA,MCO,IAD,1620,758.0,-2.0,0
2024,4,19,5,NK,FLL,EWR,1655,1065.0,229.0,1
2024,11,28,4,UA,BOS,DEN,910,1754.0,4.0,0
2024,1,18,4,AA,DFW,TUS,815,813.0,26.0,1
2024,6,8,6,AA,LGA,DFW,630,1389.0,-7.0,0
2024,10,1,2,UA,ORD,DCA,1945,612.0,-2.0,0
2024,4,17,3,YX,MKE,EWR,1033,725.0,-7.0,0
2024,11,8,5,G4,RFD,AZA,1304,1373.0,-1.0,0
2024,10,11,5,AA,BWI,MIA,600,946.0,-1.0,0
2024,3,12,2,B6,FLL,JFK,805,1069.0,-6.0,0
2024,12,18,3,OH,SAV,CLT,1619,213.0,6.0,0
2024,6,10,1,WN,MCO,AUS,905,994.0,2.0,0
2024,6,2,7,NK,BOS,BNA,1128,942.0,-5.0,0
2024,8,20,2,UA,IAH,BOS,1220,1597.0,-1.0,0
2024,2,8,4,DL,JFK,LAS,2116,2248.0,2.0,0
2024,1,10,3,F9,PHX,ORD,1622,1440.0,0.0,0
2024,2,27,2,F9,DEN,PHX,755,602.0,-7.0,0
2024,12,8,7,9E,LGA,ILM,2059,500.0,-9.0,0
2024,3,4,1,AA,BOS,LGA,1825,184.0,-9.0,0
2024,3,23,6,WN,OAK,PHX,1330,646.0,7.0,0
2024,10,20,7,DL,RDU,MSP,1914,980.0,-4.0,0
2024,11,8,5,AA,CLT,MSN,1808,708.0,90.0,1
2024,2,1,4,AA,DFW,LGA,1903,1389.0,8.0,0
2024,8,10,6,YX,IND,BOS,1819,818.0,-5.0,0
2024,10,7,1,WN,BNA,VPS,820,389.0,-4.0,0
2024,7,23,2,MQ,DFW,GNV,2048,900.0,12.0,0
2024,11,29,5,UA,IAH,EWR,950,1400.0,5.0,0
2024,11,12,2,DL,ATL,LEX,1850,304.0,-5.0,0
2024,3,12,2,UA,SFO,IAH,2359,1635.0,-4.0,0
2024,10,31,4,WN,OKC,DEN,1240,495.0,37.0,1
2024,9,25,3,AA,SAN,DFW,1426,1171.0,-6.0,0
2024,10,14,1,9E,IAD,JFK,1124,228.0,-3.0,0
2024,3,10,7,WN,LGB,OAK,1015,353.0,-3.0,0
2024,9,11,3,AA,DEN,CLT,959,1337.0,1.0,0
2024,6,3,1,WN,BWI,MCO,1200,787.0,-4.0,0
2024,7,15,1,B6,BOS,CHS,1625,818.0,0.0,1
2024,6,29,6,UA,DEN,SNA,1555,846.0,-2.0,0
2024,8,9,5,DL,CVG,SEA,1803,1965.0,-9.0,0
2024,11,5,2,YX,SDF,LGA,1307,659.0,-4.0,0
2024,11,17,7,AA,CLT,PHX,1625,1773.0,-2.0,0
2024,11,29,5,AS,SEA,BNA,2341,1978.0,-6.0,0
2024,8,25,7,AA,PHL,SJU,830,1576.0,3.0,0
2024,12,25,3,AA,GRR,DFW,1408,931.0,-5.0,0
2024,7,29,1,UA,DEN,MSN,1918,826.0,-5.0,0
2024,5,22,3,WN,LGA,HOU,1800,1428.0,22.0,0
2024,12,11,3,YX,DCA,CMH,1010,323.0,-8.0,0
2024,3,17,7,OO,DTW,SDF,1610,306.0,8.0,0
2024,11,26,2,WN,STL,PHL,755,814.0,-8.0,0
2024,11,22,5,DL,SEA,LAX,940,954.0,-4.0,0
2024,10,3,4,UA,AUS,IAH,515,140.0,-10.0,0
2024,2,25,7,WN,STL,HOU,1355,687.0,-4.0,0
2024,8,21,3,DL,LGA,TPA,700,1010.0,-2.0,0
2024,12,3,2,OH,CLT,ABE,1458,481.0,-4.0,0
2024,1,15,1,AS,KTN,SEA,919,680.0,5.0,0
2024,9,25,3,OH,CLT,LFT,1819,729.0,290.0,1
2024,6,8,6,OO,MSP,RAP,1015,489.0,-3.0,0
2024,4,20,6,OO,FWA,ATL,1430,508.0,-5.0,0
2024,12,31,2,DL,MSY,LAX,630,1670.0,-6.0,0
2024,9,7,6,OO,ATL,FAY,1425,331.0,0.0,0
2024,11,27,3,DL,ATL,TYS,1759,152.0,-10.0,0
2024,12,17,2,OO,DTW,ORD,725,235.0,-5.0,0
2024,2,14,3,AA,PHX,SBA,1106,455.0,-8.0,0
2024,9,29,7,OO,LIT,ORD,1118,552.0,110.0,1
2024,1,6,6,UA,MIA,IAD,852,921.0,-6.0,0
2024,11,23,6,UA,SYR,IAD,600,296.0,22.0,0
2024,6,1,6,UA,LAX,LIH,845,2615.0,-5.0,0
2024,10,29,2,WN,BZN,LAS,745,701.0,-2.0,0
2024,8,19,1,MQ,MIA,EYW,1407,126.0,26.0,1
2024,4,28,7,UA,DEN,LGA,1743,1620.0,-7.0,0
2024,2,20,2,UA,LAS,IAD,825,2065.0,-5.0,0
2024,9,11,3,DL,ATL,TYS,829,152.0,0.0,0
2024,12,9,1,OO,BUR,SFO,825,326.0,41.0,1
2024,5,23,4,NK,STT,FLL,1725,1107.0,-1.0,0
2024,1,27,6,WN,LAS,SAN,1210,258.0,165.0,1
2024,9,29,7,G4,PGD,ALB,900,1185.0,-1.0,0
2024,2,9,5,DL,ATL,LGA,630,762.0,-2.0,0
2024,9,29,7,F9,DEN,TPA,1338,1506.0,-4.0,0
2024,12,12,4,UA,IAD,RSW,1320,891.0,5.0,0
2024,6,8,6,OO,RIW,DEN,550,296.0,-7.0,0
2024,4,7,7,NK,LAX,ATL,2349,1947.0,41.0,1
2024,9,13,5,AS,SEA,LAX,1912,954.0,-2.0,0
2024,7,30,2,B6,CHS,JFK,1550,636.0,23.0,1
2024,11,1,5,HA,HNL,SEA,1325,2677.0,-6.0,0
2024,2,11,7,B6,HPN,PBI,730,1056.0,-14.0,0
2024,3,23,6,OH,TLH,DFW,1416,767.0,-11.0,0
2024,7,10,3,WN,BWI,DTW,1105,409.0,5.0,0
2024,4,27,6,OH,PHL,IND,823,588.0,-12.0,0
2024,5,11,6,DL,ATL,CLE,1745,554.0,-4.0,0
2024,7,3,3,UA,EWR,ATL,830,746.0,-5.0,0
2024,4,29,1,DL,IAD,ATL,1955,534.0,49.0,1
2024,11,19,2,NK,RNO,LAS,1952,345.0,-14.0,0
2024,12,27,5,OO,LAX,FAT,1030,209.0,-9.0,0
2024,12,30,1,WN,LGA,ATL,2050,762.0,-6.0,0
2024,7,21,7,AA,ILM,CLT,500,185.0,-8.0,0
2024,7,23,2,YX,EWR,IND,1125,645.0,-2.0,0
2024,4,19,5,OO,ATL,BQK,1115,238.0,-7.0,0
2024,7,7,7,AA,FLL,DFW,1149,1119.0,-7.0,0
2024,3,27,3,OO,DFW,TYR,2243,102.0,-6.0,0
2024,6,14,5,MQ,BOS,ILM,1045,672.0,-7.0,0
2024,6,23,7,DL,BOI,MSP,530,1142.0,-5.0,0
2024,9,19,4,AA,FLL,PHL,1151,992.0,-5.0,0
2024,2,29,4,9E,LGA,LIT,1645,1085.0,-2.0,0
2024,9,19,4,AS,MIA,SEA,1755,2724.0,34.0,1
2024,11,2,6,UA,COS,DEN,1322,73.0,-12.0,0
2024,7,21,7,OO,SGF,ORD,1515,438.0,-2.0,0
2024,9,12,4,DL,MDW,ATL,1549,591.0,6.0,0
2024,3,4,1,DL,CLE,ATL,1050,554.0,-4.0,0
2024,1,31,3,WN,PHX,DEN,1230,602.0,-1.0,0
2024,9,24,2,OO,ATL,AGS,1000,143.0,146.0,1
2024,12,3,2,UA,EWR,BOS,2159,200.0,19.0,0
2024,3,3,7,AA,SRQ,DFW,1703,945.0,-4.0,1
2024,1,27,6,HA,OGG,HNL,1355,100.0,5.0,0
2024,5,20,1,WN,PDX,LAS,1950,763.0,-8.0,0
2024,11,25,1,WN,ORF,MDW,705,704.0,-7.0,0
2024,6,19,3,AS,SEA,GEG,1538,224.0,-1.0,1
2024,3,27,3,UA,STL,IAH,1800,667.0,-8.0,0
2024,10,1,2,OO,JFK,IAD,1120,228.0,-6.0,0
2024,12,29,7,DL,SFO,ATL,1405,2139.0,49.0,1
2024,3,25,1,DL,DFW,LGA,605,1389.0,-2.0,0
2024,12,5,4,OH,PHL,MEM,1910,875.0,74.0,1
2024,3,13,3,OO,SFO,SAN,1620,447.0,-3.0,0
2024,12,8,7,DL,DTW,LGA,1217,502.0,-5.0,0
2024,8,25,7,YX,IND,JFK,1231,665.0,4.0,0
2024,1,25,4,UA,IAD,AUS,830,1297.0,-6.0,0
2024,12,3,2,OO,DRO,DEN,530,251.0,109.0,1
2024,5,4,6,NK,MEM,MCO,2141,684.0,-9.0,0
2024,4,26,5,F9,MSP,MCO,1846,1310.0,-19.0,0
2024,8,27,2,OO,ORD,CID,1800,196.0,8.0,1
2024,5,23,4,MQ,ORD,BUF,1820,474.0,-3.0,0
2024,7,11,4,G4,EWR,VPS,1255,988.0,2.0,0
2024,4,22,1,YX,JFK,DCA,1929,213.0,-5.0,0
2024,10,29,2,DL,ATL,MCI,1645,692.0,-6.0,0
2024,6,27,4,WN,SMF,SAN,1930,480.0,4.0,0
2024,3,3,7,DL,ATL,JAN,810,341.0,-5.0,0
2024,7,4,4,DL,DTW,BOS,1355,632.0,-1.0,0
2024,1,18,4,DL,CMH,DTW,625,155.0,-2.0,0
2024,12,20,5,AA,DFW,MCI,1945,460.0,51.0,1
2024,4,14,7,WN,DEN,PDX,2225,991.0,9.0,0
2024,11,15,5,UA,RNO,DEN,1830,804.0,-10.0,0
2024,9,9,1,MQ,XNA,DFW,911,280.0,0.0,0
2024,8,14,3,WN,RIC,MDW,750,629.0,-1.0,0
2024,4,4,4,DL,ATL,TLH,825,223.0,-4.0,0
2024,4,1,1,AA,SFO,PHX,1850,651.0,86.0,1
2024,9,22,7,UA,PHX,EWR,2359,2133.0,21.0,0
2024,12,2,1,WN,LAS,OAK,1050,407.0,1.0,0
2024,1,30,2,UA,PIT,IAH,1632,1117.0,-10.0,0
2024,1,18,4,DL,SLC,SEA,1510,689.0,-1.0,0
2024,1,27,6,UA,FLL,ORD,1232,1182.0,17.0,0
2024,9,4,3,DL,BWI,ATL,1635,577.0,-5.0,0
2024,9,30,1,DL,GEG,SLC,1715,546.0,-17.0,0
2024,10,25,5,WN,BNA,MDW,545,395.0,-4.0,0
2024,10,27,7,OO,MFR,SEA,1215,352.0,-10.0,0
2024,1,6,6,OO,SMF,PHX,1248,647.0,37.0,1
2024,10,16,3,DL,EWR,ATL,1017,746.0,23.0,0
2024,8,11,7,OH,MKE,DCA,759,634.0,-13.0,0
2024,2,24,6,DL,OKC,ATL,1653,761.0,-1.0,0
2024,6,10,1,9E,LGA,GRR,2030,618.0,-3.0,0
2024,10,26,6,UA,RIC,DEN,810,1482.0,-8.0,0
2024,3,6,3,DL,ATL,VPS,1255,250.0,-3.0,0
2024,3,28,4,MQ,DFW,ABI,859,158.0,-1.0,0
2024,8,21,3,AA,SYR,CLT,600,603.0,0.0,0
2024,9,12,4,DL,SLC,LAX,1100,590.0,-4.0,0
2024,11,24,7,F9,ORD,IAH,1844,925.0,-9.0,0
2024,10,2,3,G4,CVG,SFB,800,735.0,-5.0,0
2024,4,24,3,WN,BNA,HOU,1810,670.0,5.0,0
2024,3,20,3,AA,BUF,CLT,625,546.0,38.0,1
2024,10,1,2,DL,LAS,DTW,2215,1749.0,6.0,0
2024,5,19,7,AA,PHX,DFW,1912,868.0,198.0,1
2024,7,25,4,WN,BDL,MDW,1250,776.0,-1.0,0
2024,2,12,1,MQ,MGM,DFW,651,622.0,-5.0,0
2024,1,1,1,DL,SMF,SLC,1320,532.0,-3.0,0
2024,6,7,5,MQ,DFW,SGF,1904,364.0,-1.0,0
2024,1,13,6,UA,GJT,DEN,730,212.0,-8.0,0
2024,3,17,7,OO,PSP,PHX,638,261.0,-13.0,0
2024,5,16,4,OO,PSP,DEN,926,776.0,-12.0,0
2024,3,10,7,WN,PHX,SNA,2100,338.0,-3.0,0
2024,11,21,4,F9,CLE,RSW,1350,1025.0,-10.0,0
2024,8,12,1,DL,SLC,JFK,1710,1990.0,186.0,1
2024,8,3,6,DL,SFO,BOS,1250,2704.0,22.0,0
2024,3,13,3,WN,MDW,IAH,1415,917.0,-8.0,0
2024,1,22,1,DL,MSP,MCI,2140,393.0,-9.0,0
2024,10,8,2,YX,BOS,CLE,2045,563.0,-12.0,0
2024,7,14,7,WN,SNA,DEN,1440,846.0,71.0,1
2024,10,19,6,WN,PHL,MCO,1320,861.0,-1.0,0
2024,5,28,2,WN,MCI,BWI,650,967.0,-1.0,0
2024,12,17,2,MQ,MCI,DFW,1046,460.0,-6.0,0
2024,1,2,2,AA,PHX,PHL,1006,2075.0,10.0,1
2024,12,21,6,WN,DAL,OAK,1325,1468.0,67.0,1
2024,11,27,3,AA,DTW,ORD,1732,235.0,0.0,0
2024,9,25,3,OO,FSD,MSP,1338,196.0,-10.0,0
2024,12,27,5,AS,MCO,SFO,900,2446.0,-8.0,0
2024,2,27,2,B6,SEA,BOS,2202,2496.0,-5.0,0
2024,6,12,3,AA,SAN,ORD,1122,1723.0,-3.0,0
2024,6,6,4,AA,DFW,MCO,915,985.0,59.0,1
2024,11,3,7,DL,DFW,LGA,955,1389.0,-7.0,0
2024,2,15,4,G4,SFB,EVV,1830,734.0,39.0,1
2024,9,10,2,AA,SNA,DFW,1642,1205.0,-16.0,0
2024,4,8,1,HA,HNL,ONT,1335,2603.0,36.0,1
2024,12,12,4,9E,CHA,ATL,1000,106.0,-8.0,0
2024,9,25,3,WN,ATL,TPA,1615,406.0,117.0,1
2024,2,1,4,UA,EWR,FLL,1119,1065.0,-5.0,0
2024,8,1,4,DL,DTW,SAN,2031,1956.0,133.0,1
2024,4,29,1,WN,ELP,AUS,1825,528.0,-6.0,0
2024,5,7,2,WN,DEN,SBA,1900,916.0,79.0,1
2024,12,1,7,UA,SAN,ORD,1057,1723.0,-5.0,0
2024,9,8,7,DL,ATL,IAD,2215,534.0,188.0,1
2024,10,27,7,9E,DSM,DTW,620,533.0,-5.0,0
2024,3,15,5,UA,IAH,IAD,1827,1190.0,249.0,1
2024,10,15,2,B6,FLL,JFK,840,1069.0,-1.0,0
2024,10,24,4,WN,ATL,MDW,830,591.0,-5.0,0
2024,1,2,2,AS,OGG,SEA,2305,2640.0,17.0,1
2024,1,18,4,WN,AMA,DAL,1835,323.0,-6.0,0
2024,4,21,7,UA,IAH,DEN,1250,862.0,3.0,0
2024,9,15,7,YX,CMH,LGA,706,479.0,-6.0,0
2024,5,5,7,DL,PNS,ATL,1154,271.0,-10.0,0
2024,1,8,1,DL,MSP,BNA,900,695.0,-4.0,0
2024,7,28,7,WN,LIT,STL,1840,296.0,2.0,0
2024,10,31,4,AA,DEN,DFW,1024,641.0,-1.0,0
2024,5,31,5,DL,SEA,LAX,615,954.0,-5.0,0
2024,9,20,5,OO,DAY,DFW,1229,861.0,-10.0,0
2024,9,30,1,MQ,MIA,EYW,1759,126.0,-3.0,0
2024,10,18,5,B6,PVD,PBI,715,1148.0,-10.0,0
2024,2,29,4,WN,DEN,ICT,1310,420.0,0.0,0
2024,4,10,3,UA,IAD,AUS,1750,1297.0,-13.0,0
2024,6,28,5,DL,DEN,ATL,1338,1199.0,48.0,1
2024,2,3,6,AA,DCA,SRQ,855,851.0,-9.0,0
2024,5,9,4,AA,LAX,DFW,2359,1235.0,113.0,1
2024,1,2,2,WN,TPA,ATL,535,406.0,-4.0,0
2024,7,3,3,OO,IDA,DFW,632,1095.0,34.0,1
2024,6,18,2,DL,RDU,ATL,1356,356.0,-1.0,0
2024,6,6,4,9E,LGA,OMA,1815,1148.0,21.0,0
2024,11,23,6,MQ,TPA,MIA,1749,204.0,-3.0,0
2024,1,17,3,WN,MDW,LAS,1340,1521.0,0.0,0
2024,1,7,7,B6,JFK,LAX,1459,2475.0,1.0,0
2024,12,22,7,WN,LAX,LAS,730,236.0,4.0,0
2024,6,20,4,WN,MCO,ISP,725,971.0,-1.0,0
2024,10,14,1,WN,CLE,MDW,645,307.0,2.0,1
2024,9,9,1,AS,SFO,ORD,955,1846.0,141.0,1
2024,9,13,5,OH,SAV,DCA,1110,519.0,-7.0,0
2024,1,11,4,OO,PHX,SBP,1503,509.0,17.0,0
2024,2,11,7,9E,LGA,DSM,1049,1031.0,-16.0,0
2024,7,9,2,B6,LAX,JFK,935,2475.0,-6.0,0
2024,1,20,6,B6,FLL,BUF,636,1166.0,-13.0,0
2024,4,26,5,OO,PDX,SEA,1925,129.0,111.0,1
2024,12,2,1,OO,SDF,DTW,1039,306.0,161.0,1
2024,11,24,7,AA,DFW,PHL,2046,1303.0,50.0,1
2024,3,18,1,9E,TYS,LGA,1155,647.0,-4.0,0
2024,10,17,4,WN,AUS,PIT,1755,1210.0,102.0,1
2024,6,23,7,AA,PDX,ORD,1133,1739.0,-8.0,0
2024,3,13,3,DL,MCO,ATL,1725,404.0,-2.0,0
2024,4,6,6,WN,IND,MCO,545,829.0,-7.0,0
2024,11,2,6,NK,MCI,LAX,525,1363.0,-5.0,0
2024,11,19,2,9E,MLI,ATL,1706,633.0,20.0,1
2024,6,5,3,UA,PBI,EWR,708,1023.0,2.0,0
2024,1,5,5,UA,JAX,IAH,700,817.0,-3.0,0
2024,3,12,2,UA,MCO,LAX,640,2218.0,-4.0,0
2024,8,14,3,AA,PHL,IAH,1906,1325.0,25.0,0
2024,9,1,7,WN,DCA,HOU,1305,1218.0,2.0,0
2024,2,3,6,AA,MIA,JFK,1949,1089.0,-3.0,0
2024,9,24,2,DL,SLC,BOI,1710,290.0,-1.0,0
2024,11,15,5,UA,SAN,DEN,1559,853.0,-8.0,0
2024,1,22,1,WN,HOU,OKC,1650,419.0,2.0,0
2024,4,26,5,UA,ROC,ORD,630,528.0,-6.0,0
2024,9,29,7,B6,BOS,JAX,1920,1010.0,3.0,0
2024,8,30,5,UA,ORD,IAD,2115,588.0,23.0,0
2024,5,3,5,DL,SLC,STL,2100,1156.0,28.0,1
2024,3,29,5,WN,OMA,PHX,1250,1037.0,-2.0,0
2024,12,20,5,UA,LAX,IAH,545,1379.0,0.0,0
2024,6,6,4,AA,ORD,CLT,2038,599.0,68.0,1
2024,5,1,3,UA,TUS,IAH,620,936.0,-1.0,0
2024,9,30,1,DL,LAX,ATL,1115,1947.0,31.0,1
2024,8,2,5,DL,DFW,ATL,1533,731.0,3.0,0
2024,10,7,1,AA,DFW,MSY,1350,447.0,-5.0,0
2024,7,26,5,WN,BNA,LAS,2245,1587.0,-4.0,0
2024,7,15,1,OO,DAY,ORD,1409,240.0,-10.0,0
2024,1,22,1,DL,JAX,BOS,700,1010.0,-5.0,0
2024,3,4,1,NK,MCO,RIC,924,667.0,42.0,1
2024,2,23,5,OO,SEA,PDX,850,129.0,-11.0,1
2024,9,14,6,DL,FLL,JFK,1102,1069.0,-3.0,0
2024,1,25,4,UA,LGA,DEN,935,1620.0,-5.0,0
2024,5,17,5,UA,MFR,SFO,1408,329.0,-3.0,0
2024,12,21,6,HA,LIH,OGG,1550,201.0,0.0,0
2024,11,1,5,YX,EWR,MEM,1349,946.0,-10.0,0
2024,11,13,3,B6,MIA,JFK,628,1089.0,-6.0,0
2024,11,12,2,AA,JAX,MIA,600,335.0,-1.0,0
2024,3,12,2,B6,FLL,LGA,1700,1076.0,0.0,0
2024,7,11,4,DL,LAX,SLC,540,590.0,39.0,1
2024,2,26,1,UA,EWR,ORD,845,719.0,14.0,0
2024,10,11,5,DL,LAX,JFK,600,2475.0,-5.0,0
2024,4,1,1,AS,OGG,SAN,1100,2541.0,-3.0,0
2024,4,13,6,YX,CVG,BOS,1510,752.0,-6.0,0
2024,4,14,7,OO,SMF,LAX,700,373.0,-8.0,0
2024,12,17,2,OO,SLC,PHX,825,507.0,-14.0,0
2024,8,31,6,OO,LAX,SAN,2125,109.0,-6.0,0
2024,2,3,6,NK,TPA,DFW,2230,929.0,-2.0,0
2024,4,11,4,YX,ALB,ORD,1652,723.0,-9.0,0
2024,6,6,4,DL,JFK,SAT,929,1587.0,-9.0,0
2024,10,24,4,UA,EWR,MIA,1115,1085.0,-5.0,0
2024,8,5,1,OH,AVL,CLT,1441,91.0,5.0,0
2024,9,14,6,OO,DFW,BPT,2120,270.0,-7.0,0
2024,10,9,3,WN,BOS,BWI,1810,369.0,3.0,0
2024,7,28,7,WN,FLL,MSY,1940,674.0,2.0,0
2024,9,1,7,MQ,ORD,TUL,2105,585.0,-12.0,0
2024,7,2,2,OO,PHX,PSP,1020,261.0,-5.0,0
2024,3,8,5,DL,ELP,ATL,600,1282.0,-1.0,0
2024,8,21,3,WN,STL,DSM,2015,259.0,8.0,0
2024,12,18,3,OO,PDX,BOI,1209,344.0,-5.0,0
2024,1,29,1,OO,SMF,LAX,600,373.0,-6.0,0
2024,11,6,3,UA,BOS,IAD,938,413.0,-3.0,0
2024,1,27,6,WN,CLT,DAL,1250,926.0,-1.0,0
2024,10,29,2,AA,PHX,EWR,848,2133.0,-5.0,0
2024,4,23,2,OO,SFO,SAN,1044,447.0,8.0,1
2024,8,16,5,MQ,ORD,MEM,1528,491.0,-1.0,0
2024,2,29,4,DL,RSW,BOS,1805,1249.0,-3.0,0
2024,7,4,4,AA,PHX,ORD,1215,1440.0,-2.0,0
2024,10,19,6,UA,DFW,IAH,1611,224.0,-1.0,0
2024,12,10,2,OO,SBN,MSP,725,411.0,4.0,0
2024,11,14,4,WN,ABQ,MCI,1415,718.0,-5.0,0
2024,5,15,3,OO,GTF,SLC,545,463.0,-5.0,0
2024,11,1,5,OO,SLC,SGU,930,272.0,-4.0,0
2024,6,3,1,WN,TPA,MSY,2035,488.0,7.0,0
2024,10,3,4,OO,MSP,IAD,2010,908.0,-3.0,0
2024,6,9,7,MQ,HSV,DFW,1523,603.0,28.0,1
2024,1,2,2,DL,ATL,PNS,1042,271.0,-5.0,0
2024,10,17,4,WN,OGG,HNL,1340,100.0,-4.0,0
2024,8,1,4,WN,MCO,SAT,2055,1041.0,94.0,1
2024,7,21,7,WN,BWI,MCO,1930,787.0,59.0,1
2024,8,26,1,AA,ORD,MIA,824,1197.0,-5.0,0
2024,7,23,2,UA,SFO,DCA,841,2442.0,-4.0,0
2024,9,7,6,AA,SAT,DFW,1731,247.0,68.0,1
2024,12,4,3,UA,PBI,IAH,1654,956.0,-7.0,0
2024,5,16,4,WN,TUL,DAL,600,238.0,-6.0,0
2024,10,17,4,OO,SLC,RDM,2259,525.0,0.0,0
2024,11,12,2,UA,EWR,SFO,830,2565.0,-6.0,0
2024,6,13,4,DL,BOS,TPA,1540,1185.0,27.0,1
2024,9,2,1,9E,LGA,PVD,1249,143.0,-9.0,0
2024,6,16,7,AS,SAN,SEA,700,1050.0,-3.0,0
2024,8,28,3,UA,ATL,IAH,730,689.0,-8.0,0
2024,3,31,7,OH,MHT,DCA,1722,406.0,-9.0,0
2024,7,5,5,AA,BOS,PHL,2025,280.0,753.0,1
2024,12,3,2,AA,PHX,PHL,942,2075.0,-1.0,0
2024,3,29,5,OO,SEA,MFR,2130,352.0,22.0,1
2024,1,7,7,MQ,MIA,JAX,1048,335.0,-2.0,0
2024,8,23,5,WN,SAN,DEN,1040,853.0,-3.0,0
2024,12,26,4,OH,CLT,GSP,1704,75.0,2.0,0
2024,12,26,4,MQ,GRK,DFW,1003,134.0,234.0,1
2024,10,24,4,9E,CHO,LGA,1723,305.0,69.0,1
2024,11,5,2,9E,AVL,LGA,1600,599.0,-10.0,0
2024,7,29,1,OO,LEX,DTW,615,296.0,-6.0,0
2024,10,23,3,WN,SNA,AUS,930,1209.0,32.0,1
2024,8,11,7,B6,JFK,BQN,1650,1576.0,0.0,0
2024,1,4,4,AA,MIA,IAH,1441,964.0,-4.0,0
2024,2,16,5,OH,DCA,HSV,2008,613.0,10.0,1
2024,9,28,6,UA,ORD,SFO,1558,1846.0,-10.0,0
2024,8,13,2,WN,DAL,PHX,820,879.0,-5.0,0
2024,5,10,5,OH,MKE,CLT,1828,651.0,62.0,1
2024,6,30,7,AA,MCO,CLT,940,468.0,-4.0,0
2024,3,31,7,WN,LAS,TUL,1515,1076.0,4.0,0
2024,6,7,5,AA,ORD,IAH,2130,925.0,38.0,1
2024,12,26,4,OH,BNA,PHL,1031,675.0,90.0,1
2024,5,20,1,AA,PHL,CLT,1142,449.0,-2.0,0
2024,1,27,6,DL,SDF,ATL,600,321.0,-5.0,0
2024,10,3,4,WN,AUS,BNA,1225,756.0,-3.0,0
2024,3,18,1,WN,RSW,MCI,1335,1155.0,-2.0,0
2024,4,12,5,WN,OAK,LGB,1115,353.0,37.0,1
2024,10,14,1,WN,BNA,FLL,1615,793.0,10.0,0
2024,12,25,3,HA,HNL,ITO,1720,216.0,2.0,0
2024,9,7,6,WN,PHX,SMF,1900,647.0,15.0,0
2024,2,27,2,WN,MCO,DEN,645,1546.0,0.0,1
2024,8,13,2,AA,PHL,SEA,1904,2378.0,52.0,1
2024,7,19,5,WN,BOS,BNA,1210,942.0,4.0,0
2024,12,17,2,OO,SNA,SFO,1741,372.0,-4.0,0
2024,5,4,6,AA,CLT,LAX,911,2125.0,-5.0,0
2024,1,15,1,OO,STS,PDX,1555,489.0,-7.0,0
2024,8,6,2,MQ,SJT,DFW,1816,229.0,7.0,0
2024,10,1,2,NK,SJC,LAX,1300,308.0,-1.0,0
2024,9,20,5,OO,SFO,ONT,1151,363.0,81.0,1
2024,9,29,7,AA,MSY,DFW,1043,447.0,-8.0,0
2024,12,21,6,AA,SJU,MIA,705,1045.0,-4.0,0
2024,1,26,5,YX,DCA,LGA,1930,214.0,-3.0,0
2024,2,22,4,AA,MIA,DEN,2105,1709.0,0.0,0
2024,4,9,2,UA,DEN,TPA,1350,1506.0,5.0,0
2024,6,2,7,WN,SDF,TPA,1025,727.0,-7.0,0
2024,7,18,4,WN,ABQ,DAL,1630,580.0,7.0,0
2024,6,26,3,DL,LAX,SEA,2015,954.0,122.0,1
2024,8,6,2,OO,ASE,DEN,1345,125.0,55.0,1
2024,10,17,4,DL,DFW,JFK,1217,1391.0,-5.0,0
2024,1,9,2,B6,PSE,JFK,617,1617.0,158.0,1
2024,8,4,7,F9,DFW,ATL,545,731.0,-9.0,0
2024,8,11,7,B6,JFK,ORD,740,740.0,33.0,1
2024,4,28,7,HA,HNL,SFO,1305,2398.0,60.0,1
2024,6,19,3,DL,ATL,DTW,1959,594.0,-2.0,0
2024,7,4,4,F9,PWM,RDU,1014,700.0,-18.0,0
2024,7,28,7,WN,TPA,HOU,545,781.0,-3.0,0
2024,5,29,3,OO,SAN,FAT,1650,314.0,-4.0,0
2024,1,23,2,AA,DFW,TUS,815,813.0,-6.0,0
2024,8,28,3,YX,ORD,GRB,2004,173.0,0.0,0
2024,8,14,3,OH,CLT,DAB,1539,416.0,-7.0,0
2024,2,3,6,WN,AUS,ABQ,1245,619.0,-8.0,0
2024,1,6,6,OO,PIH,SLC,610,150.0,-3.0,0
2024,4,9,2,UA,DEN,IAH,746,862.0,-4.0,1
2024,12,26,4,DL,PHX,DTW,1600,1671.0,4.0,0
2024,5,5,7,OO,IAH,ABQ,1155,744.0,81.0,1
2024,5,28,2,UA,EWR,JAX,1850,820.0,36.0,1
2024,9,8,7,DL,LAX,SAT,840,1211.0,11.0,0
2024,9,26,4,WN,SJC,SAN,1530,417.0,2.0,0
2024,1,25,4,OO,DEN,BFL,1915,845.0,-7.0,0
2024,7,16,2,NK,DFW,MIA,2109,1121.0,-2.0,0
2024,4,21,7,OO,PDX,PHX,845,1009.0,-8.0,0
2024,11,20,3,OO,ORD,COS,930,911.0,-7.0,1
2024,4,21,7,YX,JAX,EWR,1148,820.0,-1.0,0
2024,4,7,7,YX,RIC,LGA,1032,292.0,-5.0,0
2024,7,4,4,F9,MSP,CVG,1405,596.0,-10.0,0
2024,9,8,7,AS,SEA,LAX,800,954.0,-6.0,0
2024,7,25,4,WN,RNO,LAS,2140,345.0,-10.0,0
2024,9,21,6,NK,ORD,LAS,840,1514.0,-2.0,0
2024,9,3,2,WN,SJC,SAN,900,417.0,4.0,0
2024,12,30,1,WN,MCO,MSP,1125,1310.0,-2.0,0
2024,5,1,3,AA,RIC,CLT,859,257.0,-5.0,0
2024,8,6,2,AA,CLT,TPA,1701,507.0,10.0,0
2024,2,12,1,WN,PHX,BWI,1840,1999.0,1.0,0
2024,10,16,3,B6,MCO,PVD,945,1072.0,97.0,1
2024,4,17,3,AA,MCI,MIA,510,1251.0,-3.0,0
2024,12,28,6,OO,ORD,MKE,1750,67.0,-4.0,0
2024,9,20,5,G4,ROA,SFB,1516,594.0,-10.0,0
2024,8,16,5,UA,LAX,EWR,1315,2454.0,-3.0,0
2024,3,3,7,DL,DAL,ATL,600,721.0,-4.0,0
2024,3,4,1,OO,EGE,DEN,1124,120.0,0.0,1
2024,8,9,5,WN,LAX,LAS,600,236.0,-2.0,0
2024,2,20,2,DL,ATL,SFO,1515,2139.0,10.0,1
2024,6,21,5,OO,MLI,ORD,1745,139.0,-10.0,0
2024,5,13,1,WN,SAN,SLC,950,626.0,-5.0,0
2024,2,5,1,WN,LAX,AUS,645,1242.0,1.0,0
2024,10,1,2,DL,RDU,DTW,1834,501.0,-10.0,0
2024,1,24,3,OH,DCA,AGS,2008,468.0,19.0,0
2024,8,15,4,AA,MRY,DFW,1154,1430.0,13.0,0
2024,12,8,7,WN,ORF,BWI,2020,159.0,-10.0,0
2024,9,9,1,WN,MCO,HOU,850,849.0,-3.0,0
2024,5,16,4,F9,LAS,DEN,2259,628.0,-11.0,0
2024,4,3,3,F9,PHX,PDX,1812,1009.0,132.0,1
2024,5,6,1,WN,MCO,HOU,1710,849.0,11.0,0
2024,11,11,1,OO,SBP,LAX,745,156.0,-3.0,0
2024,10,28,1,9E,CVG,DCA,759,411.0,-1.0,0
2024,5,13,1,AS,ANC,SEA,1305,1448.0,-11.0,0
2024,12,1,7,DL,AVL,ATL,1039,164.0,199.0,1
2024,5,21,2,DL,PBI,JFK,1920,1028.0,15.0,1
2024,11,20,3,WN,SNA,DEN,1235,846.0,17.0,0
2024,10,18,5,AS,IAD,SEA,1607,2306.0,6.0,0
2024,10,11,5,WN,SLC,OAK,1235,588.0,140.0,1
2024,10,29,2,OO,LAX,RNO,2240,391.0,-8.0,0
2024,3,10,7,WN,MSY,LGA,1805,1183.0,24.0,1
2024,11,21,4,OO,PDX,SJC,1632,569.0,1.0,0
2024,9,16,1,WN,OAK,LGB,1945,353.0,-6.0,0
2024,9,21,6,F9,LAS,CLE,2300,1824.0,-1.0,0
2024,5,21,2,MQ,CLT,EYW,1516,736.0,0.0,0
2024,7,1,1,F9,ISP,MCO,1646,971.0,78.0,1
2024,4,4,4,DL,BNA,ATL,715,214.0,-7.0,0
2024,7,19,5,UA,PHL,IAH,1815,1325.0,-1.0,0
2024,3,25,1,UA,MEM,ORD,730,491.0,-6.0,0
2024,9,17,2,WN,BWI,SRQ,840,880.0,-1.0,0
2024,12,24,2,DL,PDX,SLC,1346,630.0,-6.0,0
2024,4,14,7,DL,MCO,DTW,1627,957.0,-4.0,0
2024,3,30,6,WN,BUR,LAS,2045,223.0,11.0,0
2024,3,14,4,AA,SRQ,CLT,1347,547.0,-10.0,0
2024,4,22,1,9E,DTW,CMH,1215,155.0,-2.0,0
2024,3,31,7,DL,LAX,MCO,2354,2218.0,4.0,0
2024,12,7,6,WN,DEN,LAS,900,628.0,-5.0,0
2024,4,15,1,UA,SFO,ORD,1835,1846.0,-7.0,0
2024,1,22,1,DL,MSP,LAX,1420,1535.0,17.0,1
2024,8,13,2,B6,CHS,JFK,1130,636.0,33.0,1
2024,1,6,6,WN,LAS,SAT,950,1069.0,12.0,0
2024,9,17,2,AA,MCO,PHL,915,861.0,-8.0,0
2024,6,25,2,AA,MIA,DFW,1530,1121.0,5.0,0
2024,10,2,3,B6,LAX,JFK,1325,2475.0,0.0,0
2024,3,3,7,HA,OGG,HNL,1020,100.0,-2.0,0
2024,6,1,6,DL,MSP,AUS,2000,1042.0,0.0,0
2024,12,28,6,DL,BDL,DTW,520,549.0,-9.0,0
2024,5,20,1,WN,STL,LAS,1405,1371.0,-3.0,0
2024,1,22,1,UA,SAN,SFO,1350,447.0,-1.0,1
2024,7,20,6,WN,HNL,OGG,1150,100.0,12.0,0
2024,6,22,6,WN,COS,PHX,1950,551.0,-3.0,0
2024,3,16,6,WN,LAS,PSP,915,173.0,44.0,1
2024,4,7,7,OH,CLT,ILM,1639,185.0,-2.0,0
2024,7,20,6,WN,BWI,LAS,615,2106.0,3.0,0
2024,2,24,6,UA,IAD,SFO,830,2419.0,-3.0,0
2024,10,29,2,AA,PHX,JFK,1510,2153.0,-5.0,0
2024,1,21,7,UA,PIT,IAD,1025,182.0,-8.0,0
2024,4,15,1,AA,LGA,DFW,1445,1389.0,17.0,0
2024,10,20,7,AA,PHX,MSP,850,1276.0,-4.0,0
2024,5,15,3,AA,CLT,STL,901,575.0,4.0,0
2024,6,10,1,DL,DFW,BOS,725,1562.0,-7.0,0
2024,1,11,4,WN,MDW,MCO,1125,990.0,0.0,0
2024,9,2,1,WN,PHX,BNA,1720,1449.0,28.0,0
2024,8,15,4,OO,ORD,ATW,1050,160.0,-4.0,0
2024,3,29,5,UA,EWR,PHX,1840,2133.0,-9.0,0
2024,12,23,1,DL,ATL,SEA,1149,2182.0,-3.0,0
2024,11,9,6,UA,IAH,EWR,1200,1400.0,9.0,0
2024,7,30,2,OO,GRB,MSP,1620,252.0,-5.0,0
2024,5,10,5,OO,SBP,SFO,615,190.0,-4.0,0
2024,6,11,2,DL,SLC,CLT,1143,1727.0,-1.0,0
2024,2,9,5,UA,LAX,EWR,2335,2454.0,-10.0,0
2024,2,11,7,WN,MDW,PHX,1740,1444.0,27.0,0
2024,8,30,5,WN,CLT,DEN,735,1337.0,-3.0,0
2024,9,24,2,WN,MKE,DCA,1520,634.0,10.0,1
2024,8,11,7,WN,STL,DEN,1310,770.0,22.0,1
2024,11,9,6,AA,PHX,BOS,1338,2300.0,-4.0,0
2024,12,6,5,AA,DFW,MKE,1432,853.0,22.0,1
2024,11,23,6,DL,TUS,SEA,1520,1216.0,45.0,1
2024,7,2,2,YX,CLE,DCA,1431,310.0,-4.0,0
2024,2,27,2,WN,PHX,BNA,1315,1449.0,14.0,0
2024,5,10,5,9E,ATL,GTR,1340,241.0,-3.0,0
2024,11,23,6,WN,TPA,BUF,605,1053.0,-5.0,0
2024,10,20,7,AA,ORF,CLT,1822,290.0,36.0,1
2024,3,2,6,DL,LGA,ATL,1600,762.0,-2.0,0
2024,10,24,4,OH,BHM,DCA,614,653.0,-2.0,0
2024,7,5,5,WN,OAK,BNA,620,1959.0,-3.0,0
2024,7,31,3,9E,LGA,CHS,1046,641.0,-5.0,0
2024,8,23,5,AA,ORD,IAH,1005,925.0,-2.0,0
2024,2,27,2,WN,PHX,LAS,1330,255.0,4.0,0
2024,2,8,4,AA,RSW,ORD,1141,1120.0,-10.0,0
2024,11,14,4,UA,IAH,AUS,1005,140.0,-4.0,1
2024,10,26,6,WN,DCA,ATL,1200,547.0,-2.0,0
2024,5,3,5,AA,MSP,CLT,1355,930.0,-1.0,0
2024,5,12,7,WN,MDW,LAX,2245,1750.0,70.0,1
2024,10,6,7,OH,CLT,GSO,722,83.0,-4.0,0
2024,12,21,6,OO,SFO,SUN,1035,587.0,-6.0,0
2024,1,29,1,UA,EWR,SNA,720,2434.0,-7.0,0
2024,10,28,1,MQ,CHA,DFW,600,695.0,-5.0,0
2024,9,23,1,WN,LAS,DAL,1835,1067.0,7.0,0
2024,4,22,1,OH,GRR,DCA,600,524.0,-10.0,0
2024,9,30,1,OO,SBP,PDX,1130,722.0,-8.0,0
2024,7,29,1,WN,AUS,DAL,2030,189.0,-4.0,0
2024,6,9,7,YX,LGA,RIC,1730,292.0,-7.0,0
2024,6,2,7,WN,DCA,BNA,1430,562.0,31.0,1
2024,11,29,5,OO,YUM,PHX,630,160.0,-4.0,0
2024,12,4,3,WN,SJC,SEA,1830,696.0,-4.0,0
2024,12,15,7,UA,LAS,ORD,850,1514.0,13.0,0
2024,12,4,3,OO,LAX,SFO,1436,337.0,-1.0,0
2024,7,28,7,NK,LAX,PHL,1046,2402.0,9.0,0
2024,7,2,2,DL,EWR,MSP,1515,1008.0,-9.0,0
2024,6,27,4,AS,SEA,DFW,2254,1660.0,39.0,1
2024,12,6,5,YX,LGA,DCA,630,214.0,-1.0,0
2024,10,24,4,WN,ELP,DAL,530,562.0,-5.0,0
2024,2,27,2,MQ,DFW,AUS,2130,190.0,-6.0,0
2024,8,8,4,WN,BWI,CHS,1915,472.0,59.0,1
2024,4,22,1,AA,PHX,BUR,1645,369.0,-1.0,0
2024,2,7,3,F9,MCO,CLE,1155,895.0,-8.0,0
2024,11,27,3,DL,LAS,JFK,1150,2248.0,-2.0,0
2024,5,22,3,MQ,DFW,COU,1026,490.0,-1.0,0
2024,1,6,6,AA,ELP,DFW,501,551.0,-5.0,0
2024,10,27,7,NK,IAH,LGA,1334,1416.0,-5.0,0
2024,2,15,4,DL,JFK,DEN,1529,1626.0,25.0,1
2024,7,27,6,OO,GEG,SEA,1732,224.0,-7.0,0
2024,7,11,4,UA,RDU,DEN,848,1436.0,-8.0,0
2024,11,30,6,G4,LAS,VPS,1726,1695.0,49.0,1
2024,8,4,7,WN,IAH,DEN,1140,862.0,0.0,0
2024,8,9,5,UA,ORD,IAD,700,588.0,-6.0,0
2024,3,19,2,OO,BUF,LGA,600,292.0,-7.0,0
2024,9,15,7,OO,SLC,FAT,2055,501.0,-1.0,0
2024,3,29,5,DL,DTW,DCA,1025,405.0,-4.0,0
2024,12,2,1,UA,CHS,IAD,1000,441.0,-3.0,0
2024,4,13,6,OO,PHX,MRY,1735,598.0,4.0,0
2024,5,2,4,DL,DTW,SAT,1240,1214.0,-10.0,0
2024,12,9,1,OH,PNS,CLT,726,488.0,-2.0,0
2024,7,24,3,DL,FLL,RDU,1523,680.0,73.0,1
2024,5,27,1,OH,MSP,DCA,1239,931.0,27.0,1
2024,3,14,4,DL,FAR,MSP,745,223.0,-4.0,0
2024,4,8,1,G4,CVG,JAX,1332,613.0,-9.0,0
2024,1,14,7,OO,SGU,SLC,1150,272.0,-4.0,0
2024,10,13,7,HA,HNL,LIH,1830,102.0,-8.0,0
2024,7,20,6,WN,BUR,SMF,1405,358.0,16.0,0
2024,8,24,6,OO,IDA,SLC,1305,188.0,-5.0,0
2024,11,23,6,AA,DFW,MRY,1000,1430.0,265.0,1
2024,6,14,5,UA,BZN,ORD,745,1185.0,-7.0,0
2024,9,4,3,OH,GSP,CLT,1428,75.0,-12.0,0
2024,12,4,3,MQ,CHA,DFW,545,695.0,203.0,1
2024,8,4,7,OO,ORD,SCE,1355,528.0,0.0,0
2024,3,27,3,WN,HNL,LAS,945,2762.0,-12.0,0
2024,1,17,3,WN,DCA,MDW,2040,601.0,-6.0,0
2024,8,28,3,OO,GEG,SEA,715,224.0,-9.0,0
2024,10,31,4,OO,PDX,SJC,1632,569.0,-8.0,0
2024,2,13,2,OH,CLT,LIT,1445,640.0,-4.0,0
2024,10,4,5,DL,DTW,ATL,700,594.0,-3.0,0
2024,2,26,1,B6,RDU,FLL,600,680.0,3.0,0
2024,10,4,5,WN,KOA,HNL,1350,163.0,-6.0,0
2024,4,1,1,OO,GRR,MSP,1834,408.0,-4.0,0
2024,2,10,6,DL,ATL,SLC,1412,1590.0,-2.0,0
2024,9,24,2,WN,MDW,RSW,845,1105.0,-4.0,0
2024,10,12,6,DL,ATL,PIT,1021,526.0,-7.0,0
2024,7,19,5,HA,LGB,OGG,900,2498.0,-4.0,0
2024,9,6,5,OH,DCA,ATL,1357,547.0,-10.0,0
2024,5,9,4,NK,FLL,MSY,725,674.0,-2.0,0
2024,2,8,4,WN,MKE,MCO,505,1066.0,-1.0,0
2024,4,6,6,WN,ONT,SJC,1235,333.0,-3.0,0
2024,1,18,4,F9,TPA,GRR,920,1041.0,-15.0,0
2024,4,19,5,9E,AUS,RDU,1920,1162.0,-6.0,0
2024,3,20,3,UA,HNL,SFO,1325,2398.0,-4.0,0
2024,4,19,5,G4,SCK,LAS,2206,359.0,100.0,1
2024,12,11,3,WN,MDW,LGA,600,725.0,-2.0,0
2024,9,19,4,9E,ATL,FAY,1621,331.0,-3.0,0
2024,8,9,5,UA,LGA,ORD,1825,733.0,131.0,1
2024,12,11,3,B6,TPA,BOS,1542,1185.0,59.0,1
2024,10,10,4,OO,ATL,ASE,1030,1304.0,-8.0,0
2024,10,14,1,OO,IND,IAH,1155,844.0,-5.0,0
2024,2,28,3,UA,MSP,IAH,750,1034.0,31.0,0
2024,4,1,1,DL,DTW,SFO,850,2079.0,51.0,1
2024,4,20,6,NK,IAH,LAX,817,1379.0,-4.0,0
2024,4,20,6,OO,DEN,MAF,1330,563.0,-4.0,0
2024,10,4,5,AA,RDU,MIA,1933,700.0,-7.0,0
2024,1,5,5,AA,LGA,DFW,1230,1389.0,-3.0,0
2024,4,27,6,OO,SPS,DFW,612,113.0,-10.0,0
2024,4,15,1,DL,SLC,MSP,1410,991.0,-5.0,0
2024,9,24,2,AA,SYR,CLT,1735,603.0,64.0,1
2024,5,31,5,WN,AUS,RDU,1520,1162.0,0.0,0
2024,3,10,7,G4,PGD,FNT,1401,1111.0,63.0,1
2024,3,31,7,AA,MSN,DFW,600,821.0,-7.0,0
2024,4,19,5,UA,DEN,SDF,957,1024.0,32.0,0
2024,1,10,3,OO,RDD,SFO,600,199.0,10.0,0
2024,9,27,5,AS,SFO,HNL,1135,2398.0,-4.0,0
2024,12,28,6,B6,JFK,LAX,2011,2475.0,3.0,0
2024,5,7,2,F9,DEN,BNA,1300,1014.0,48.0,1
2024,1,10,3,OO,SMF,SEA,1350,605.0,-5.0,0
2024,6,8,6,DL,SEA,ANC,2259,1448.0,10.0,0
2024,1,20,6,AA,LAX,PHL,2200,2402.0,-6.0,0
2024,1,30,2,MQ,AUS,DFW,1145,190.0,-4.0,0
2024,9,22,7,OO,ORD,MKE,1800,67.0,-1.0,0
2024,7,9,2,DL,SEA,HNL,1559,2677.0,-3.0,0
2024,5,1,3,G4,MLI,SFB,1235,1018.0,2.0,0
2024,7,9,2,OO,DFW,DRO,1028,674.0,-9.0,0
2024,12,13,5,DL,JAN,ATL,1445,341.0,-2.0,0
2024,11,17,7,OO,BUR,SFO,1300,326.0,-4.0,0
2024,3,8,5,WN,DEN,STL,2040,770.0,27.0,1
2024,6,28,5,UA,PHX,LAX,600,370.0,-7.0,0
2024,10,14,1,G4,AVL,BOS,630,783.0,-12.0,0
2024,12,7,6,WN,BUR,STL,915,1583.0,-3.0,0
2024,8,29,4,DL,LAX,CVG,2200,1900.0,-5.0,0
2024,7,9,2,AA,ORD,AUS,1318,977.0,-3.0,0
2024,3,22,5,YX,BOS,PHL,1605,280.0,-12.0,0
2024,11,9,6,YX,EWR,CMH,829,463.0,16.0,0
2024,1,24,3,WN,BNA,JAX,2010,483.0,28.0,1
2024,6,30,7,YX,BNA,DCA,1155,562.0,-5.0,0
2024,1,17,3,OO,DEN,EGE,941,120.0,6.0,0
2024,10,22,2,UA,ORD,IAH,735,925.0,-10.0,0
2024,4,24,3,OO,GEG,SLC,1718,546.0,-4.0,0
2024,5,13,1,G4,AZA,FSD,800,1072.0,-4.0,0
2024,3,31,7,WN,PHX,ONT,1140,325.0,5.0,0
2024,4,4,4,MQ,ORD,CHS,810,760.0,-5.0,0
2024,12,15,7,WN,AUS,LAS,1400,1090.0,-2.0,0
2024,3,12,2,AA,OGG,LAX,1343,2486.0,13.0,0
2024,9,20,5,YX,XNA,LGA,1330,1147.0,-9.0,0
2024,9,10,2,UA,DEN,MSN,1752,826.0,-12.0,0
2024,1,19,5,DL,TPA,JFK,752,1005.0,14.0,1
2024,11,3,7,WN,DAL,BWI,630,1209.0,-3.0,0
2024,2,25,7,B6,JFK,LAX,2030,2475.0,-7.0,0
2024,3,11,1,WN,MDW,AUS,1600,972.0,56.0,1
2024,9,13,5,AA,RDU,DFW,820,1061.0,-2.0,0
2024,2,10,6,AA,MSP,DFW,500,852.0,-8.0,0
2024,7,25,4,DL,PHX,MSP,600,1276.0,10.0,1
2024,2,6,2,YX,BOS,CLE,925,563.0,-6.0,0
2024,2,7,3,F9,PHL,MCO,1424,861.0,12.0,0
2024,10,29,2,DL,DTW,BNA,1600,456.0,-4.0,0
2024,1,21,7,YX,LGA,ORF,2205,296.0,-9.0,0
2024,5,13,1,WN,AUS,BNA,1755,756.0,246.0,1
2024,9,2,1,WN,DEN,MCO,1615,1546.0,7.0,0
2024,3,10,7,WN,PHX,DEN,920,602.0,15.0,0
2024,10,31,4,UA,EWR,LAX,2035,2454.0,14.0,1
2024,4,22,1,WN,LGA,MDW,2140,725.0,8.0,0
2024,10,30,3,YX,ORF,JFK,600,290.0,-2.0,0
2024,2,12,1,WN,DEN,MSY,1925,1062.0,0.0,0
2024,5,7,2,NK,MCO,EWR,2259,937.0,9.0,0
2024,10,6,7,WN,PHX,SAN,750,304.0,10.0,1
2024,9,18,3,DL,ATL,JAN,810,341.0,-5.0,0
2024,10,23,3,UA,LAX,SFO,600,337.0,-13.0,0
2024,4,3,3,OO,RDM,SAN,1730,823.0,-4.0,0
2024,5,23,4,AS,DCA,LAX,930,2311.0,-4.0,0
2024,10,14,1,B6,FLL,LGA,2000,1076.0,-5.0,0
2024,2,1,4,NK,FLL,PHX,1951,1972.0,7.0,0
2024,3,3,7,WN,HOU,LAS,1850,1235.0,44.0,1
2024,6,27,4,OH,CAE,CLT,518,88.0,107.0,1
2024,4,15,1,AA,CLT,GSO,1646,83.0,14.0,0
2024,3,18,1,YX,CVG,RDU,2032,390.0,-6.0,0
2024,3,10,7,WN,DEN,LGB,1405,854.0,2.0,0
2024,5,10,5,UA,IAD,SRQ,900,849.0,-8.0,1
2024,7,16,2,AS,SFO,SEA,1857,679.0,13.0,0
2024,8,27,2,DL,RSW,ATL,1459,515.0,-8.0,0
2024,8,12,1,AA,MIA,JFK,1730,1089.0,88.0,1
2024,5,6,1,OO,PHX,FAT,717,493.0,5.0,1
2024,12,9,1,OO,SBA,LAX,550,89.0,-2.0,0
2024,10,29,2,UA,CLE,DEN,1050,1201.0,-8.0,0
2024,7,6,6,B6,BOS,DCA,700,399.0,-5.0,0
2024,6,22,6,OO,SMF,SFO,1019,86.0,-6.0,0
2024,12,9,1,AA,MSY,CLT,1628,651.0,-5.0,1
2024,5,22,3,YX,MEM,PHL,1319,875.0,-4.0,0
2024,4,19,5,OO,ORD,SBN,1035,84.0,-2.0,0
2024,5,2,4,9E,MSP,SDF,1520,604.0,-4.0,0
2024,4,7,7,NK,IND,TPA,1930,837.0,-8.0,0
2024,3,16,6,MQ,DFW,LAW,2244,140.0,77.0,1
2024,2,12,1,OO,BOI,SEA,645,399.0,-4.0,0
2024,4,18,4,DL,ATL,MIA,2300,594.0,16.0,0
2024,2,29,4,OO,PHX,YUM,830,160.0,-6.0,0
2024,11,4,1,AA,BTV,DCA,600,437.0,55.0,1
2024,7,14,7,UA,DEN,SAN,2103,853.0,141.0,1
2024,10,25,5,OO,LAX,RNO,1530,391.0,-5.0,0
2024,10,6,7,WN,MCO,BNA,1645,616.0,-1.0,0
2024,7,30,2,WN,STL,PHL,800,814.0,-2.0,0
2024,2,3,6,F9,PDX,LAS,1234,763.0,-12.0,0
2024,6,17,1,WN,DTW,MDW,2015,228.0,6.0,0
2024,11,19,2,OO,PSP,LAX,815,110.0,-6.0,0
2024,7,19,5,WN,MDW,SMF,1330,1790.0,29.0,1
2024,8,15,4,OO,DTW,CMH,1415,155.0,24.0,1
2024,10,12,6,YX,PIT,EWR,1250,319.0,-9.0,0
2024,2,6,2,WN,GEG,PHX,1210,1020.0,-2.0,1
2024,4,28,7,WN,SNA,SMF,800,404.0,-5.0,0
2024,10,10,4,AS,IAH,SEA,1833,1874.0,1.0,0
2024,10,4,5,OO,PHX,GJT,840,438.0,-1.0,0
2024,11,25,1,G4,SFB,TOL,810,895.0,4.0,0
2024,12,22,7,OH,CLT,CAE,2250,88.0,16.0,0
2024,5,8,3,AA,DFW,OKC,1022,175.0,8.0,0
2024,5,25,6,WN,MDW,ATL,1735,591.0,9.0,0
2024,9,21,6,WN,LAS,RNO,940,345.0,2.0,0
2024,2,19,1,YX,LGA,DTW,2129,502.0,8.0,0
2024,11,22,5,UA,SFO,HNL,1655,2398.0,113.0,1
2024,5,26,7,DL,ATL,FLL,1359,581.0,-3.0,0
2024,10,31,4,OH,PHL,MCI,1050,1038.0,-2.0,0
2024,5,22,3,OO,MSO,DEN,1715,679.0,-2.0,0
2024,1,31,3,WN,BWI,ORD,1240,622.0,0.0,0
2024,11,21,4,YX,EWR,IND,1955,645.0,41.0,1
2024,6,23,7,WN,PHX,LGB,1145,355.0,153.0,1
2024,5,1,3,WN,ONT,DEN,1415,819.0,19.0,0
2024,10,31,4,OO,DFW,FWA,1230,859.0,32.0,1
2024,9,23,1,YX,MKE,EWR,645,725.0,-7.0,0
2024,9,10,2,DL,MSP,BZN,2235,874.0,-13.0,0
2024,6,19,3,AA,TPA,PHL,700,920.0,3.0,0
2024,2,15,4,AA,ELP,LAX,725,715.0,-3.0,0
2024,7,13,6,WN,OMA,LAS,2020,1099.0,-1.0,1
2024,10,30,3,F9,ONT,LAS,1420,197.0,-3.0,0
2024,6,30,7,WN,SAN,MDW,1455,1728.0,0.0,0
2024,12,24,2,DL,BNA,DTW,1036,456.0,-17.0,0
2024,1,30,2,DL,MIA,LAX,735,2342.0,-1.0,1
2024,8,28,3,WN,LAS,SJC,1310,386.0,2.0,0
2024,11,25,1,YX,PIT,EWR,1720,319.0,117.0,1
2024,7,10,3,UA,LAX,EWR,1630,2454.0,-5.0,0
2024,10,6,7,OO,MFR,PHX,1415,854.0,-9.0,0
2024,12,30,1,AS,LAX,SEA,1323,954.0,-9.0,0
2024,8,28,3,YX,ORD,IND,2112,177.0,2.0,0
2024,7,27,6,WN,MDW,MYR,800,738.0,0.0,0
2024,11,2,6,AS,LIH,SEA,2253,2701.0,-9.0,0
2024,5,29,3,MQ,DFW,HRL,1219,461.0,-6.0,0
2024,3,2,6,AA,JFK,PHX,830,2153.0,-3.0,0
2024,1,13,6,AA,DFW,ORD,711,802.0,-4.0,1
2024,12,16,1,AA,IAH,DFW,908,224.0,-5.0,0
2024,7,9,2,B6,TPA,BDL,1233,1111.0,18.0,1
2024,10,29,2,WN,MCI,DAL,635,461.0,-3.0,0
2024,1,16,2,DL,MKE,ATL,1748,669.0,61.0,1
2024,10,27,7,G4,FLL,AVL,2108,661.0,-10.0,0
2024,4,10,3,9E,CVG,DCA,745,411.0,-7.0,0
2024,6,16,7,WN,LAX,ATL,600,1947.0,-4.0,0
2024,6,29,6,MQ,DFW,IAH,1440,224.0,-3.0,0
2024,6,2,7,AA,PHX,TUS,2203,110.0,-5.0,0
2024,7,21,7,DL,FLL,ATL,1000,581.0,248.0,1
2024,6,14,5,AA,BNA,DFW,1136,631.0,19.0,0
2024,8,7,3,DL,CVG,ATL,1147,373.0,-2.0,0
2024,12,9,1,WN,BWI,SAT,900,1407.0,-3.0,0
2024,11,24,7,WN,DAL,DEN,1355,651.0,5.0,0
2024,1,2,2,WN,ABQ,MDW,720,1121.0,5.0,0
2024,11,15,5,WN,MDW,PHX,1055,1444.0,2.0,0
2024,3,28,4,AA,STT,CLT,1204,1520.0,-12.0,0
2024,10,18,5,F9,CLT,DEN,2037,1337.0,9.0,0
2024,8,2,5,DL,MDW,ATL,1028,591.0,95.0,1
2024,10,25,5,AA,MIA,IND,1535,1020.0,-3.0,0
2024,1,31,3,YX,BOS,CMH,1755,640.0,-7.0,0
2024,6,14,5,DL,GSP,ATL,1025,153.0,-8.0,0
2024,7,4,4,AS,PHL,SEA,707,2378.0,33.0,0
2024,3,20,3,F9,ATL,BWI,2206,577.0,14.0,0
2024,2,13,2,UA,IAH,SEA,945,1874.0,-7.0,0
2024,6,25,2,DL,ATL,OMA,1612,821.0,-8.0,0
2024,9,11,3,WN,DEN,RDU,1005,1436.0,-1.0,0
2024,9,1,7,F9,DEN,IAH,745,862.0,-5.0,0
2024,7,25,4,DL,MSP,RSW,1855,1416.0,15.0,0
2024,8,1,4,DL,DFW,SLC,1905,989.0,189.0,1
2024,3,25,1,9E,SYR,LGA,1205,198.0,21.0,1
2024,5,17,5,AA,CLT,ROC,1452,573.0,25.0,0
2024,5,21,2,OO,MRY,SAN,1547,375.0,-8.0,0
2024,10,9,3,UA,ORD,DSM,2020,299.0,-5.0,0
2024,2,23,5,UA,ORD,SNA,1945,1726.0,-1.0,0
2024,6,11,2,WN,RNO,MDW,620,1680.0,4.0,0
2024,5,25,6,YX,LGA,DTW,930,502.0,-2.0,0
2024,10,2,3,YX,DCA,JFK,1600,213.0,-6.0,0
2024,10,20,7,AA,DFW,COS,827,592.0,-7.0,0
2024,6,29,6,AA,ORD,LAX,1445,1744.0,55.0,1
2024,11,28,4,OO,SFO,FAT,825,158.0,82.0,1
2024,3,31,7,AS,PSP,SEA,2025,987.0,-10.0,0
2024,7,20,6,AA,DFW,PHL,820,1303.0,7.0,0
2024,5,30,4,AA,DCA,LGA,1149,214.0,-8.0,0
2024,2,16,5,WN,PHX,DEN,1510,602.0,34.0,1
2024,11,13,3,DL,LAX,ATL,1545,1947.0,-8.0,0
2024,9,6,5,AA,DFW,SFO,1100,1464.0,-7.0,0
2024,10,22,2,OO,BOI,BUR,1257,656.0,-8.0,0
2024,10,6,7,NK,MCI,MCO,1949,1072.0,-4.0,0
2024,8,5,1,WN,ONT,OAK,610,362.0,-6.0,0
2024,12,19,4,OO,RIW,DEN,1410,296.0,-8.0,0
2024,9,30,1,F9,MCO,BQN,1605,1129.0,7.0,0
2024,10,29,2,AA,CLT,RDU,2137,130.0,-5.0,1
2024,9,29,7,B6,ATL,LGA,1905,762.0,-10.0,0
2024,12,23,1,NK,IAH,DTW,1806,1075.0,-2.0,0
2024,1,16,2,WN,DAL,MAF,2050,319.0,79.0,1
2024,12,15,7,DL,JFK,TPA,705,1005.0,-6.0,0
2024,1,28,7,B6,SYR,MCO,1825,1053.0,-13.0,0
2024,9,9,1,9E,LGA,PWM,1410,269.0,-9.0,0
2024,2,28,3,UA,SFO,AUS,1312,1504.0,2.0,0
2024,5,20,1,YX,IAD,CMH,2207,299.0,13.0,0
2024,9,26,4,DL,SEA,JFK,1550,2422.0,35.0,1
2024,8,6,2,OO,MSP,MDW,1205,349.0,64.0,1
2024,10,9,3,YX,ORD,IND,1040,177.0,-4.0,0
2024,4,25,4,WN,PHX,BWI,1730,1999.0,-5.0,0
2024,7,10,3,OO,SEA,BOI,1940,399.0,-6.0,0
2024,9,7,6,MQ,ORD,TYS,1930,475.0,-4.0,0
2024,7,2,2,WN,BNA,AUS,1830,756.0,-5.0,0
2024,6,22,6,UA,MCO,IAD,855,758.0,-6.0,0
2024,2,1,4,F9,PHX,SAN,1858,304.0,171.0,1
2024,9,4,3,DL,ATL,JFK,744,760.0,3.0,0
2024,10,14,1,AA,CLT,MEM,800,511.0,-6.0,0
2024,2,16,5,AA,CLT,ALB,900,646.0,-1.0,0
2024,2,20,2,AA,CLT,FLL,1323,632.0,-8.0,0
2024,7,1,1,DL,LGA,ATL,859,762.0,7.0,0
2024,10,3,4,OO,RNO,LAX,600,391.0,-4.0,0
2024,8,20,2,AA,MIA,BNA,840,806.0,20.0,0
2024,6,18,2,DL,ATL,MEM,810,332.0,-4.0,0
2024,5,19,7,UA,LAS,DEN,1945,628.0,8.0,0
2024,5,29,3,DL,SEA,CVG,1014,1965.0,-2.0,0
2024,12,29,7,F9,ATL,LGA,916,762.0,50.0,1
2024,11,4,1,AS,SEA,TPA,920,2520.0,-3.0,0
2024,12,23,1,MQ,DFW,MYR,1238,1048.0,-5.0,0
2024,8,16,5,AA,TUS,DFW,600,813.0,21.0,1
2024,12,30,1,WN,AUS,HRL,2155,273.0,-11.0,0
2024,5,3,5,AA,DFW,SLC,2115,989.0,-4.0,1
2024,1,6,6,DL,ATL,RDU,855,356.0,-7.0,0
2024,4,28,7,AA,DFW,TUS,814,813.0,56.0,1
2024,11,23,6,B6,MCO,JFK,1714,944.0,134.0,1
2024,2,22,4,NK,DFW,DTW,942,986.0,-1.0,0
2024,2,8,4,UA,MCI,IAH,1503,643.0,-7.0,0
2024,8,5,1,UA,CID,DEN,1508,692.0,29.0,1
2024,5,22,3,WN,MSY,TPA,1255,488.0,53.0,1
2024,7,13,6,DL,ATL,GSP,950,153.0,-5.0,0
2024,10,29,2,YX,LGA,OMA,833,1148.0,-6.0,0
2024,2,14,3,WN,MDW,LGB,1005,1741.0,-2.0,0
2024,7,9,2,UA,SFO,SEA,2000,679.0,-6.0,1
2024,2,1,4,OO,BNA,ORD,1555,409.0,-7.0,0
2024,5,7,2,OO,SJC,LAX,1331,308.0,-10.0,0
2024,1,12,5,DL,MIA,ATL,1642,594.0,-2.0,0
2024,4,20,6,AS,SEA,JNU,2214,909.0,-5.0,0
2024,10,4,5,AS,SEA,FAI,1200,1533.0,3.0,1
2024,9,6,5,NK,LAX,IAH,820,1379.0,10.0,0
2024,2,11,7,DL,MKE,ATL,1800,669.0,-7.0,0
2024,4,8,1,WN,STL,FLL,755,1057.0,-2.0,0
2024,8,25,7,AA,LAS,PHX,1333,255.0,-3.0,0
2024,9,18,3,OO,DTW,ATW,2015,296.0,-9.0,0
2024,8,14,3,MQ,DFW,GRK,2234,134.0,-2.0,0
2024,2,1,4,DL,JFK,DFW,1821,1391.0,4.0,0
2024,4,29,1,AS,SEA,LAX,1020,954.0,18.0,0
2024,1,16,2,UA,DEN,RNO,1550,804.0,12.0,0
2024,5,3,5,AA,MIA,EWR,2111,1085.0,90.0,1
2024,5,5,7,OO,ORD,SAV,1815,773.0,16.0,0
2024,2,5,1,9E,RDU,LGA,1745,431.0,-5.0,0
2024,12,3,2,WN,AUS,MSY,1035,444.0,-2.0,0
2024,4,22,1,OO,SFO,TUS,825,751.0,36.0,1
2024,8,16,5,DL,ATL,MSP,1322,907.0,29.0,1
2024,2,1,4,YX,BOS,ORD,1825,867.0,-5.0,0
2024,7,10,3,UA,BOS,DEN,945,1754.0,-7.0,0
2024,6,7,5,UA,DEN,SFO,1900,967.0,8.0,1
2024,8,14,3,OO,ORD,SBN,1935,84.0,1.0,0
2024,11,21,4,AA,TPA,CLT,1449,507.0,-15.0,0
2024,9,4,3,AA,DFW,RNO,1709,1345.0,-1.0,0
2024,6,8,6,AA,DFW,MIA,825,1121.0,14.0,0
2024,8,19,1,B6,BOS,SAV,1445,901.0,11.0,0
2024,2,21,3,AA,DFW,GUC,1033,678.0,0.0,0
2024,8,28,3,DL,LAX,JFK,1300,2475.0,5.0,0
2024,8,7,3,UA,EWR,JAC,1800,1874.0,44.0,1
2024,10,7,1,B6,BOS,SFO,1200,2704.0,-2.0,0
2024,1,1,1,AA,DFW,ATL,818,731.0,-6.0,0
2024,9,21,6,DL,MSP,LAS,1105,1299.0,-10.0,0
2024,4,25,4,OO,SAN,SFO,1745,447.0,-1.0,0
2024,10,27,7,AA,CLT,DEN,1129,1337.0,17.0,0
2024,6,17,1,AA,ORD,DTW,1415,235.0,34.0,1
2024,9,8,7,B6,MCO,BOS,800,1121.0,-4.0,0
2024,3,21,4,WN,BHM,TPA,1140,459.0,31.0,1
2024,9,20,5,WN,ATL,MIA,1105,594.0,19.0,0
2024,7,7,7,YX,BOS,LGA,1100,184.0,-5.0,0
2024,2,22,4,B6,FLL,HPN,1803,1097.0,56.0,1
2024,12,18,3,OO,LAX,PSP,1900,110.0,4.0,0
2024,4,24,3,NK,LAS,SJC,713,386.0,-5.0,0
2024,6,15,6,NK,DFW,LAS,918,1055.0,8.0,0
2024,4,19,5,WN,BWI,FLL,2005,925.0,26.0,0
2024,5,9,4,WN,HOU,AUS,1045,148.0,9.0,0
2024,3,28,4,OH,CMH,PHL,1559,406.0,32.0,1
2024,3,23,6,UA,DEN,IAH,1140,862.0,0.0,0
2024,8,24,6,AA,DFW,LAS,2145,1055.0,-3.0,0
2024,2,24,6,NK,ATL,PHL,940,666.0,-6.0,0
2024,10,25,5,WN,DAL,LAS,730,1067.0,0.0,0
2024,3,14,4,DL,SLC,PDX,2255,630.0,14.0,0
2024,6,24,1,AS,SFO,SEA,2151,679.0,-7.0,0
2024,9,12,4,UA,SBA,SFO,628,262.0,-5.0,0
2024,12,1,7,UA,CLE,SFO,700,2161.0,-4.0,0
2024,8,27,2,OO,SLC,PSC,1105,521.0,-10.0,0
2024,5,3,5,DL,ATL,MKE,2255,669.0,8.0,0
2024,11,11,1,F9,ORD,DEN,1800,888.0,-3.0,0
2024,8,2,5,OO,MSP,ICT,1825,545.0,41.0,1
2024,5,6,1,WN,ATL,DEN,1540,1199.0,82.0,1
2024,10,17,4,NK,SJU,FLL,1917,1046.0,15.0,0
2024,11,30,6,NK,ATL,IAH,655,689.0,-5.0,0
2024,2,9,5,DL,PHX,ATL,705,1587.0,5.0,0
2024,4,14,7,UA,EWR,BUF,2157,282.0,-11.0,0
2024,4,26,5,WN,DEN,BNA,600,1014.0,-1.0,1
2024,12,28,6,AS,HNL,SAN,2357,2614.0,-6.0,1
2024,3,1,5,DL,BOS,ATL,655,946.0,2.0,0
2024,7,15,1,AA,CLT,LGA,1922,544.0,27.0,1
2024,1,29,1,MQ,TLH,DFW,1812,767.0,-10.0,0
2024,11,2,6,OO,LAX,EUG,858,748.0,1.0,0
2024,10,26,6,F9,SLC,DEN,600,391.0,-9.0,0
2024,10,12,6,UA,MSN,IAH,805,966.0,-5.0,0
2024,9,14,6,NK,ATL,FLL,1202,581.0,8.0,0
2024,8,14,3,WN,OAK,LAX,655,337.0,-1.0,0
2024,8,6,2,AA,DFW,STL,1534,550.0,35.0,1
2024,5,25,6,WN,OGG,PHX,805,2845.0,-5.0,0
2024,5,31,5,MQ,DFW,HSV,2115,603.0,33.0,1
2024,6,3,1,UA,CLT,IAH,1710,912.0,-4.0,0
2024,7,13,6,WN,STL,TPA,1235,869.0,-4.0,0
2024,12,2,1,AA,PHX,BFL,1500,425.0,46.0,1
2024,6,19,3,NK,FLL,DFW,1225,1119.0,-5.0,0
2024,11,27,3,OO,BUR,SFO,2018,326.0,142.0,1
2024,2,24,6,WN,TUS,LAS,1205,365.0,-4.0,0
2024,4,28,7,AA,RDU,PHL,1753,337.0,17.0,0
2024,11,25,1,OO,SLC,OKC,2045,866.0,-6.0,0
2024,11,11,1,UA,PHL,SFO,1830,2521.0,-2.0,0
2024,1,21,7,UA,IAH,FLL,720,966.0,-4.0,0
2024,9,3,2,AA,CLT,AUS,1520,1032.0,0.0,0
2024,2,3,6,OH,CLT,AVL,2225,91.0,2.0,0
2024,6,4,2,DL,ATL,SAT,1153,874.0,119.0,1
2024,10,5,6,OO,SLC,PIH,1530,150.0,-5.0,0
2024,3,3,7,MQ,PSP,PHX,1700,261.0,-4.0,0
2024,12,23,1,AA,CLT,EYW,949,736.0,-6.0,0
2024,6,17,1,WN,AUS,SAN,1400,1164.0,-4.0,0
2024,2,12,1,WN,BWI,GSP,1430,426.0,16.0,0
2024,10,17,4,F9,ORD,DFW,1953,802.0,-6.0,0
2024,6,22,6,UA,LAS,ORD,1415,1514.0,-6.0,0
2024,2,11,7,WN,SJC,LGB,1200,324.0,-6.0,0
2024,1,14,7,B6,JFK,SLC,1129,1990.0,-11.0,0
2024,1,3,3,DL,ABQ,ATL,1342,1269.0,-7.0,0
2024,7,2,2,UA,PDX,ORD,700,1739.0,-10.0,0
2024,3,3,7,B6,JFK,SJU,1300,1598.0,27.0,1
2024,5,1,3,AA,BUR,PHX,950,369.0,-9.0,0
2024,8,13,2,DL,MSP,SLC,1215,991.0,-1.0,0
2024,10,8,2,WN,AUS,ATL,1125,813.0,-2.0,0
2024,4,24,3,DL,ATL,JFK,1959,760.0,-4.0,0
2024,7,17,3,DL,EWR,MSP,600,1008.0,-7.0,0
2024,2,17,6,WN,LAS,BWI,640,2106.0,3.0,0
2024,6,7,5,WN,SMF,ONT,1445,390.0,5.0,0
2024,6,17,1,NK,SLC,LAS,1604,368.0,8.0,0
2024,11,17,7,DL,BOS,MCI,1605,1256.0,98.0,1
2024,7,21,7,AA,LAX,AUS,1524,1242.0,32.0,1
2024,7,3,3,YX,BOS,CVG,600,752.0,-4.0,0
2024,1,8,1,DL,LAS,SLC,1930,368.0,-8.0,0
2024,11,1,5,OO,SGF,DEN,1335,637.0,-10.0,0
2024,10,13,7,UA,DEN,PHX,1325,602.0,-4.0,0
2024,4,9,2,DL,PDX,LAX,1245,834.0,-13.0,0
2024,12,15,7,OO,ORD,FSD,1250,462.0,43.0,1
2024,10,22,2,OO,CIU,MSP,715,435.0,-12.0,0
2024,4,27,6,WN,BNA,SRQ,1135,648.0,-6.0,0
2024,9,28,6,AA,FLL,CLT,1318,632.0,2.0,0
2024,5,2,4,DL,ATL,TUL,1452,674.0,12.0,0
2024,8,13,2,OH,DCA,DSM,1339,897.0,-8.0,0
2024,8,14,3,WN,PHL,MDW,1910,668.0,-2.0,0
2024,12,20,5,UA,MIA,EWR,1726,1085.0,20.0,1
2024,11,14,4,AA,DFW,SNA,814,1205.0,-1.0,0
2024,4,5,5,DL,DEN,ATL,1646,1199.0,42.0,1
2024,6,15,6,OH,CRW,CLT,640,221.0,-8.0,0
2024,3,30,6,UA,STT,EWR,1635,1634.0,-8.0,0
2024,7,11,4,WN,DAL,BWI,1440,1209.0,39.0,0
2024,9,8,7,WN,BUR,LAS,1555,223.0,25.0,1
2024,7,14,7,MQ,XNA,DFW,605,280.0,-8.0,0
2024,7,9,2,OO,DFW,MFE,1750,469.0,-3.0,0
2024,1,8,1,UA,AUS,ORD,1739,977.0,28.0,0
2024,3,29,5,AA,DFW,SEA,1021,1660.0,4.0,0
2024,7,1,1,WN,IND,DEN,1055,977.0,5.0,0
2024,8,15,4,WN,DSM,DEN,1425,589.0,-2.0,0
2024,9,25,3,AA,OGG,PHX,2228,2845.0,43.0,1
2024,10,4,5,9E,LGA,PIT,1345,335.0,-2.0,0
2024,2,8,4,AA,PVD,CLT,1004,683.0,-7.0,0
2024,12,27,5,B6,JFK,SLC,735,1990.0,48.0,1
2024,11,21,4,AA,DFW,LGA,913,1389.0,-4.0,1
2024,12,31,2,WN,RNO,LAS,920,345.0,-3.0,0
2024,2,12,1,UA,IAH,MCI,2015,643.0,-1.0,0
2024,10,7,1,WN,HOU,BNA,1450,670.0,-2.0,0
2024,5,10,5,DL,SFO,MSP,40,1589.0,12.0,1
2024,4,25,4,OH,DTW,PHL,800,453.0,-5.0,0
2024,6,3,1,NK,MYR,CMH,850,488.0,-10.0,0
2024,2,12,1,NK,BNA,LAS,645,1587.0,7.0,0
2024,6,19,3,OH,DCA,PVD,1742,356.0,6.0,0
2024,3,16,6,NK,DTW,ATL,839,594.0,-8.0,0
2024,6,30,7,WN,OAK,BUR,1340,325.0,14.0,0
2024,12,7,6,9E,ATL,MGM,855,147.0,-7.0,0
2024,3,25,1,OO,SEA,SJC,1945,696.0,0.0,0
2024,6,3,1,F9,RDU,DEN,827,1436.0,5.0,0
2024,10,22,2,AA,LAX,JFK,1002,2475.0,-8.0,0
2024,3,17,7,UA,EWR,MIA,2028,1085.0,-2.0,0
2024,1,16,2,OH,DCA,CVG,1359,411.0,48.0,1
2024,10,23,3,UA,ATL,SFO,730,2139.0,-7.0,0
2024,7,4,4,WN,LGB,LAS,1515,231.0,-6.0,0
2024,4,25,4,AS,LIH,SEA,1324,2701.0,133.0,1
2024,6,21,5,WN,BHM,MDW,630,570.0,-2.0,0
2024,6,5,3,AA,DCA,BGR,1020,590.0,83.0,1
2024,11,1,5,DL,PSP,MSP,1359,1454.0,0.0,0
2024,9,25,3,WN,COS,DEN,1545,73.0,-3.0,0
2024,2,18,7,DL,BDL,ATL,1600,859.0,1.0,0
2024,8,10,6,DL,JFK,SFO,1025,2586.0,-3.0,0
2024,8,26,1,UA,ORD,SEA,1945,1721.0,11.0,0
2024,11,7,4,AA,DSM,DFW,1129,624.0,-8.0,0
2024,9,26,4,UA,FLL,EWR,1950,1065.0,12.0,0
2024,1,18,4,OO,DAY,DEN,859,1085.0,-1.0,0
2024,9,22,7,DL,ATL,CHA,1341,106.0,-12.0,0
2024,5,24,5,WN,STL,LAS,620,1371.0,-3.0,0
2024,5,27,1,WN,BUF,MDW,1625,468.0,15.0,0
2024,9,4,3,HA,OGG,HNL,1915,100.0,-6.0,0
2024,11,1,5,AA,IAH,MIA,1819,964.0,10.0,0
2024,2,24,6,WN,DAL,LGA,1645,1381.0,50.0,1
2024,8,30,5,UA,DEN,MCO,815,1546.0,-5.0,1
2024,10,14,1,OO,MFR,SEA,1730,352.0,-5.0,0
2024,12,18,3,B6,BOS,SRQ,1000,1220.0,0.0,0
2024,2,29,4,UA,EWR,BQN,1905,1585.0,10.0,0
2024,7,11,4,G4,AVL,SFB,1038,465.0,66.0,1
2024,5,26,7,UA,DEN,CID,1115,692.0,29.0,0
2024,3,4,1,F9,PBI,PHL,1810,951.0,29.0,1
2024,12,30,1,DL,OGG,SLC,2115,2935.0,64.0,1
2024,9,13,5,NK,SJC,SAN,1042,417.0,-2.0,0
2024,12,10,2,NK,MCO,BOS,1348,1121.0,16.0,0
2024,9,22,7,AS,ANC,SFO,1630,2018.0,-4.0,0
2024,10,24,4,AA,BOS,DCA,900,399.0,-7.0,0
2024,9,26,4,OO,FAT,ORD,2359,1730.0,0.0,0
2024,6,13,4,AA,AUS,LAX,1956,1242.0,41.0,1
2024,11,23,6,OO,SEA,SJC,1755,696.0,-11.0,0
2024,10,27,7,NK,SMF,BUR,1216,358.0,26.0,1
2024,5,9,4,DL,DTW,STL,840,440.0,3.0,0
2024,12,22,7,DL,PBI,ATL,600,545.0,-5.0,0
2024,3,24,7,WN,BWI,ATL,1750,577.0,6.0,0
2024,9,9,1,UA,BWI,DEN,805,1491.0,-7.0,0
2024,2,22,4,MQ,SJT,DFW,1028,229.0,-8.0,0
2024,10,17,4,OH,DFW,PIA,2013,672.0,-8.0,0
2024,9,9,1,9E,MSN,LGA,1209,812.0,-7.0,0
2024,5,22,3,AA,RDU,LGA,1449,431.0,-11.0,0
2024,7,5,5,DL,DTW,SLC,1235,1481.0,-4.0,0
2024,12,16,1,YX,EWR,IND,855,645.0,-10.0,0
2024,7,17,3,OO,DTW,MSN,825,311.0,-5.0,0
2024,2,7,3,AA,CLT,LGA,2035,544.0,2.0,1
2024,3,13,3,UA,DEN,BNA,950,1014.0,-6.0,0
2024,5,9,4,WN,DCA,TPA,900,814.0,-4.0,0
2024,4,4,4,WN,PHX,OMA,805,1037.0,-5.0,0
2024,4,23,2,F9,PHL,TPA,1709,920.0,-7.0,0
2024,8,28,3,UA,CLT,IAH,700,912.0,-8.0,0
2024,1,3,3,WN,LBB,DAL,1025,293.0,-6.0,0
2024,11,8,5,AA,ORD,JFK,1141,740.0,-5.0,0
2024,4,14,7,WN,OGG,LIH,1705,201.0,-9.0,0
2024,11,1,5,WN,ABQ,DAL,1745,580.0,-3.0,0
2024,8,29,4,NK,SJC,SAN,1031,417.0,-14.0,0
2024,12,19,4,UA,SFO,IAH,905,1635.0,-2.0,0
2024,7,25,4,DL,BOI,MSP,1516,1142.0,22.0,1
2024,8,27,2,9E,ILM,LGA,700,500.0,-3.0,0
2024,3,12,2,MQ,MIA,CVG,2115,948.0,1.0,0
2024,1,11,4,OO,SEA,SJC,1945,696.0,-2.0,1
2024,9,29,7,WN,AUS,LBB,1000,341.0,-10.0,0
2024,11,11,1,AA,BNA,DFW,1525,631.0,-6.0,0
2024,6,14,5,WN,DAL,STL,1210,546.0,-1.0,0
2024,8,23,5,DL,DTW,SJU,931,1930.0,165.0,1
2024,11,18,1,WN,DCA,MDW,1550,601.0,7.0,0
2024,4,14,7,YX,ATL,DCA,2029,547.0,-8.0,1
2024,11,4,1,UA,ORD,PDX,2000,1739.0,-1.0,0
2024,11,7,4,9E,ILM,ATL,1700,377.0,2.0,0
2024,9,27,5,AA,EWR,MIA,510,1085.0,0.0,0
2024,12,7,6,MQ,FWA,DFW,700,859.0,10.0,0
2024,12,31,2,WN,ATL,DAL,605,721.0,-1.0,0
2024,3,5,2,NK,LAS,SLC,1706,368.0,-8.0,0
2024,6,24,1,WN,MCO,ATL,940,404.0,6.0,0
2024,2,1,4,WN,MDW,PHL,1600,668.0,-5.0,0
2024,3,1,5,YX,LGA,BNA,1608,764.0,29.0,0
2024,4,8,1,WN,PIT,TPA,1250,873.0,0.0,0
2024,12,7,6,AA,DFW,ABQ,1915,569.0,119.0,1
2024,7,1,1,AA,PHX,SNA,1702,338.0,-5.0,0
2024,3,12,2,9E,EWR,RDU,955,416.0,-8.0,0
2024,9,13,5,WN,PHX,BUR,750,369.0,-2.0,0
2024,1,21,7,DL,SFO,JFK,830,2586.0,27.0,1
2024,7,26,5,AS,SFO,SEA,1315,679.0,2.0,0
2024,1,24,3,WN,BWI,MCO,2000,787.0,-7.0,0
2024,5,23,4,WN,ONT,OAK,1430,362.0,-1.0,0
2024,5,30,4,DL,ATL,MDT,2120,620.0,-3.0,0
2024,7,1,1,DL,ATL,IAD,1630,534.0,-1.0,0
2024,5,15,3,DL,LAX,SFO,1330,337.0,-2.0,0
2024,7,28,7,DL,ATL,ORF,1534,516.0,35.0,1
2024,8,1,4,NK,EWR,MCI,643,1092.0,-7.0,0
2024,2,21,3,DL,ATL,BHM,1110,134.0,-1.0,0
2024,11,9,6,OO,ELP,LAX,1232,715.0,-3.0,0
2024,8,23,5,WN,DAL,TUL,845,238.0,7.0,0
2024,10,12,6,F9,PHL,DFW,630,1303.0,9.0,0
2024,3,6,3,DL,SEA,JFK,730,2422.0,-7.0,0
2024,12,31,2,UA,ORD,MIA,1040,1197.0,-1.0,0
2024,5,26,7,WN,STL,ATL,1300,484.0,-3.0,0
2024,7,24,3,AA,JFK,LAX,1100,2475.0,-1.0,0
2024,7,9,2,WN,BHM,DAL,1225,587.0,8.0,0
2024,10,27,7,DL,MSP,LAS,1118,1299.0,67.0,1
2024,5,27,1,MQ,CMH,ORD,800,296.0,182.0,1
2024,12,29,7,DL,AUS,SEA,1419,1770.0,-7.0,0
2024,11,1,5,UA,CLT,EWR,700,529.0,-10.0,0
2024,11,15,5,WN,RSW,MDW,600,1105.0,-6.0,0
2024,11,14,4,WN,STL,PHL,1355,814.0,-4.0,0
2024,10,5,6,WN,MCO,ISP,1050,971.0,-2.0,0
2024,1,26,5,OO,OKC,LAX,1600,1187.0,-3.0,0
2024,1,9,2,WN,TPA,BDL,1530,1111.0,240.0,1
2024,12,21,6,MQ,MIA,XNA,2015,1099.0,4.0,1
2024,2,21,3,DL,DEN,LAX,1308,862.0,-9.0,0
2024,1,19,5,OO,ORD,SBN,2105,84.0,-5.0,1
2024,7,19,5,UA,DEN,LGA,745,1620.0,261.0,1
2024,8,5,1,WN,MDW,HOU,1555,937.0,12.0,0
2024,5,30,4,UA,BNA,EWR,1421,748.0,-2.0,0
2024,11,25,1,OO,DEN,LBL,805,280.0,-7.0,0
2024,12,10,2,UA,SFO,BOS,1100,2704.0,-5.0,0
2024,6,29,6,MQ,BTV,ORD,730,763.0,8.0,0
2024,7,3,3,WN,EUG,OAK,540,445.0,-1.0,0
2024,7,16,2,B6,BUF,MCO,605,1011.0,-15.0,0
2024,7,15,1,DL,DCA,ATL,900,547.0,-2.0,0
2024,7,24,3,WN,DAL,BNA,2135,623.0,104.0,1
2024,12,17,2,DL,ATL,BWI,1700,577.0,-8.0,0
2024,7,15,1,B6,SAN,JFK,1050,2446.0,0.0,0
2024,8,9,5,UA,ORF,DEN,820,1553.0,-6.0,0
2024,9,17,2,HA,HNL,ITO,1406,216.0,2.0,0
2024,6,4,2,AS,JNU,ANC,730,571.0,8.0,0
2024,5,7,2,MQ,DFW,MAF,1848,309.0,35.0,1
2024,4,18,4,AA,LAS,CLT,1059,1916.0,46.0,0
2024,9,16,1,OO,ORD,DSM,1835,299.0,14.0,0
2024,9,12,4,YX,LGA,DCA,935,214.0,-3.0,0
2024,10,9,3,OO,JFK,MKE,1730,745.0,-5.0,0
2024,10,21,1,G4,LAS,MFR,1839,600.0,-11.0,0
2024,11,20,3,WN,DEN,PDX,2050,991.0,1.0,0
2024,8,18,7,OO,DEN,BFL,1917,845.0,5.0,1
2024,11,2,6,OH,PVD,DCA,517,356.0,239.0,1
2024,5,22,3,WN,MHT,MCO,1645,1142.0,58.0,1
2024,1,5,5,B6,LGA,MSY,1445,1183.0,-6.0,0
2024,9,1,7,G4,TOL,PIE,1047,945.0,57.0,1
2024,6,24,1,AA,CHS,PHL,1805,550.0,55.0,1
2024,12,20,5,DL,SLC,CLT,1135,1727.0,0.0,0
2024,9,5,4,AA,IAH,ORD,1651,925.0,0.0,1
2024,4,27,6,AA,DFW,CMH,2020,926.0,4.0,0
2024,2,10,6,WN,MDW,RIC,1340,629.0,15.0,0
2024,8,3,6,YX,LGA,ACK,1325,202.0,77.0,1
2024,12,4,3,DL,ATL,STT,945,1599.0,-1.0,0
2024,2,28,3,OH,PHL,MEM,1053,875.0,-5.0,1
2024,8,9,5,OH,CLT,CRW,2050,221.0,109.0,1
2024,10,7,1,DL,JFK,SAN,1759,2446.0,-3.0,0
2024,10,22,2,DL,ATL,LGA,2000,762.0,-6.0,0
2024,8,30,5,OH,PWM,PHL,1614,364.0,-1.0,0
2024,6,8,6,UA,MSY,IAD,800,955.0,-2.0,0
2024,7,30,2,DL,TPA,DTW,1335,983.0,-1.0,0
2024,3,22,5,WN,SLC,OAK,1320,588.0,-2.0,0
2024,5,27,1,UA,IAH,IAD,1645,1190.0,1.0,0
2024,10,14,1,DL,ATL,PBI,950,545.0,16.0,1
2024,8,14,3,WN,BHM,HOU,1630,570.0,-5.0,0
2024,6,20,4,WN,DAL,STL,600,546.0,0.0,0
2024,5,4,6,AA,STT,MIA,1650,1107.0,-8.0,0
2024,12,16,1,WN,BUR,PHX,1215,369.0,-3.0,0
2024,2,10,6,AA,PHL,MIA,523,1013.0,0.0,0
2024,4,29,1,B6,BQN,FLL,324,982.0,-18.0,0
2024,11,30,6,NK,RNO,LAS,2126,345.0,-1.0,0
2024,6,12,3,WN,HOU,MSY,835,302.0,-5.0,0
2024,8,2,5,DL,CLT,ATL,830,226.0,5.0,0
2024,7,1,1,AA,JFK,LAX,600,2475.0,-2.0,0
2024,12,31,2,G4,MSO,AZA,1408,948.0,-13.0,0
2024,4,24,3,DL,JFK,JAX,730,828.0,-4.0,0
2024,4,4,4,WN,BOI,PHX,1450,735.0,35.0,1
2024,9,22,7,UA,DEN,TUL,1748,541.0,74.0,1
2024,1,4,4,NK,MCO,MCI,1432,1072.0,0.0,0
2024,6,24,1,WN,MDW,SJC,2015,1838.0,58.0,1
2024,7,26,5,DL,PDX,DTW,2315,1953.0,-6.0,0
2024,7,15,1,DL,SEA,MCO,2335,2554.0,0.0,0
2024,8,28,3,DL,GSO,ATL,600,306.0,-3.0,0
2024,6,24,1,OO,FWA,ATL,1125,508.0,-7.0,0
2024,6,25,2,OO,LAX,SJC,945,308.0,-4.0,0
2024,6,26,3,AA,JFK,ORD,815,740.0,-2.0,0
2024,10,21,1,OO,XNA,ATL,1416,589.0,-1.0,0
2024,10,10,4,WN,OAK,LAS,955,407.0,1.0,0
2024,10,28,1,9E,MSP,DSM,1946,232.0,-4.0,0
2024,7,16,2,B6,BOS,RIC,1740,474.0,-1.0,0
2024,7,31,3,DL,BTR,ATL,1508,448.0,-9.0,0
2024,12,31,2,OO,SBP,DEN,1247,931.0,0.0,0
2024,7,8,1,DL,LGA,ORD,1730,733.0,71.0,1
2024,7,23,2,OH,DFW,DAY,1352,861.0,-3.0,0
2024,4,25,4,YX,JFK,PWM,2220,273.0,-8.0,0
2024,6,17,1,UA,FLL,EWR,1110,1065.0,-5.0,0
2024,11,6,3,DL,DTW,SLC,1215,1481.0,-5.0,0
2024,11,10,7,OO,DEN,ACV,1120,1026.0,5.0,0
2024,2,13,2,WN,SAT,HOU,1935,192.0,11.0,0
2024,4,7,7,AA,MCI,PHX,540,1044.0,-8.0,0
2024,5,25,6,AA,CLT,CLE,2250,430.0,37.0,1
2024,7,20,6,OH,DCA,JAX,740,634.0,-1.0,0
2024,8,13,2,AA,PHL,IND,1030,588.0,-3.0,0
2024,5,31,5,HA,HNL,ITO,1115,216.0,0.0,0
2024,11,4,1,WN,LGB,SMF,1740,387.0,-10.0,0
2024,4,9,2,DL,PWM,DTW,500,668.0,-6.0,0
2024,7,31,3,WN,IAH,BNA,1520,657.0,-4.0,0
2024,9,16,1,MQ,COU,DFW,720,490.0,-8.0,0
2024,4,27,6,WN,PHX,SLC,1500,507.0,0.0,0
2024,1,11,4,OO,DFW,ROW,2250,435.0,-4.0,0
2024,8,27,2,OO,FAR,DEN,1706,627.0,-4.0,0
2024,4,30,2,AA,DFW,MCO,1920,985.0,19.0,0
2024,12,9,1,WN,LAS,EUG,1025,700.0,27.0,1
2024,7,23,2,DL,ATL,JAN,2245,341.0,89.0,1
2024,9,17,2,AS,EWR,SEA,730,2402.0,-5.0,0
2024,8,18,7,AA,ORD,PHL,510,678.0,-8.0,0
2024,10,26,6,UA,EWR,SNA,740,2434.0,-7.0,0
2024,5,6,1,WN,MAF,DAL,1835,319.0,-4.0,0
2024,5,29,3,B6,DCA,FLL,911,899.0,0.0,0
2024,10,22,2,DL,MSP,SAN,857,1532.0,-3.0,0
2024,3,17,7,YX,MDT,ORD,1720,594.0,0.0,0
2024,4,28,7,DL,ATL,AUS,1215,813.0,-2.0,0
2024,5,31,5,WN,CHS,DEN,1350,1449.0,28.0,0
2024,6,27,4,OO,DEN,SHV,1735,792.0,14.0,0
2024,12,5,4,AA,CLT,RDU,1825,130.0,-4.0,0
2024,1,29,1,UA,BNA,ORD,1650,409.0,-14.0,0
2024,2,17,6,9E,STL,LGA,910,888.0,-5.0,0
2024,11,30,6,YX,RDU,LGA,1324,431.0,-2.0,0
2024,4,19,5,YX,LGA,MEM,1025,963.0,-11.0,0
2024,5,26,7,AA,BDL,MIA,600,1194.0,-1.0,0
2024,12,29,7,F9,PDX,SLC,800,630.0,-11.0,0
2024,11,29,5,MQ,EVV,DFW,615,642.0,-4.0,0
2024,3,15,5,WN,DEN,COS,930,73.0,19.0,1
2024,3,15,5,AA,XNA,DFW,604,280.0,0.0,0
2024,10,20,7,AA,ORD,LAX,805,1744.0,0.0,0
2024,2,7,3,UA,PIT,IAH,1632,1117.0,-12.0,0
2024,5,6,1,OO,SEA,RDM,1730,228.0,-7.0,0
2024,2,22,4,OH,CLT,MYR,1310,157.0,-3.0,0
2024,7,11,4,WN,TUL,AUS,1510,426.0,17.0,1
2024,5,9,4,AA,SAN,CLT,1154,2077.0,113.0,1
2024,10,14,1,F9,DTW,RDU,1011,501.0,118.0,1
2024,8,4,7,DL,ATL,STL,1539,484.0,-1.0,1
2024,4,2,2,MQ,CID,ORD,745,196.0,-8.0,0
2024,10,15,2,WN,DAL,IND,1750,755.0,-5.0,0
2024,4,9,2,OO,PSP,SFO,820,421.0,-8.0,0
2024,5,13,1,MQ,MFE,DFW,500,469.0,20.0,0
2024,1,10,3,DL,TPA,DTW,1441,983.0,85.0,1
2024,11,18,1,UA,CLT,EWR,700,529.0,37.0,1
2024,5,5,7,AS,HNL,SEA,700,2677.0,-5.0,0
2024,8,9,5,UA,AUS,IAH,940,140.0,-6.0,0
2024,10,16,3,AA,MIA,PHX,2100,1972.0,97.0,1
2024,10,4,5,WN,SMF,LAS,1955,397.0,6.0,0
2024,5,20,1,UA,EWR,BNA,2010,748.0,-6.0,0
2024,2,24,6,B6,FLL,SFO,1831,2584.0,123.0,1
2024,8,10,6,WN,CHS,BNA,1725,439.0,-15.0,0
2024,6,27,4,WN,AUS,LAX,1810,1242.0,98.0,1
2024,12,4,3,WN,HOU,OKC,1645,419.0,0.0,0
2024,1,28,7,AA,ORD,PHX,720,1440.0,-12.0,0
2024,8,16,5,AA,CLT,SFO,937,2296.0,-3.0,0
2024,10,3,4,WN,STL,DSM,940,259.0,150.0,1
2024,9,16,1,MQ,DFW,HRL,1429,461.0,28.0,1
2024,11,11,1,NK,OAK,LAS,1727,407.0,1.0,0
2024,1,15,1,WN,SAT,OKC,1500,407.0,-1.0,0
2024,4,13,6,DL,SYR,DTW,1225,374.0,-12.0,0
2024,9,22,7,AA,SAN,CLT,715,2077.0,15.0,1
2024,6,11,2,YX,CMH,EWR,845,463.0,10.0,0
2024,6,8,6,WN,MEM,MCO,1715,684.0,-4.0,0
2024,9,12,4,AA,DFW,MCO,2049,985.0,11.0,0
2024,11,13,3,AA,ORD,LAS,1500,1514.0,-7.0,0
2024,10,18,5,AA,DCA,ORD,1619,612.0,-3.0,0
2024,6,7,5,WN,BOS,BNA,525,942.0,-1.0,0
2024,5,25,6,UA,SFO,IAD,1635,2419.0,-2.0,0
2024,1,29,1,YX,BOS,EWR,1214,200.0,-2.0,0
2024,4,10,3,WN,IND,ATL,830,432.0,23.0,1
2024,11,4,1,9E,IND,LGA,1816,660.0,-13.0,0
2024,3,19,2,WN,SMF,LAX,2000,373.0,-8.0,0
2024,7,13,6,UA,IAH,EWR,1103,1400.0,9.0,0
2024,10,23,3,AS,PHX,SEA,600,1107.0,-11.0,0
2024,6,6,4,AA,AUS,CLT,815,1032.0,-5.0,0
2024,4,6,6,DL,SNA,SEA,715,978.0,-10.0,0
2024,3,30,6,AA,FLL,DFW,1915,1119.0,-8.0,0
2024,6,7,5,UA,IAD,SJU,835,1571.0,-5.0,0
2024,10,28,1,YX,BOS,SDF,930,829.0,-10.0,0
2024,11,3,7,DL,LAS,DTW,940,1749.0,55.0,1
2024,2,22,4,MQ,DFW,SWO,2119,225.0,-6.0,0
2024,8,15,4,YX,GSP,LGA,549,610.0,-10.0,0
2024,10,21,1,AS,SFO,EWR,2108,2565.0,27.0,1
2024,8,9,5,AA,CLT,SAT,707,1095.0,-7.0,0
2024,5,10,5,WN,ATL,MCI,840,692.0,49.0,1
2024,9,2,1,OO,GUC,DEN,723,152.0,-5.0,0
2024,9,2,1,DL,ORD,LGA,700,733.0,-10.0,0
2024,5,27,1,WN,ISP,BWI,1820,220.0,16.0,0
2024,11,30,6,WN,BOS,MDW,1025,861.0,-2.0,0
2024,2,4,7,9E,ROA,ATL,1112,357.0,0.0,0
2024,8,22,4,AA,PHX,JFK,2216,2153.0,10.0,0
2024,11,26,2,G4,AVL,LAS,1410,1824.0,-2.0,1
2024,7,13,6,OO,RDM,SLC,615,525.0,-7.0,0
2024,9,5,4,UA,SMF,ORD,1025,1781.0,-5.0,0
2024,5,21,2,WN,BNA,CLT,1025,328.0,3.0,0
2024,11,7,4,MQ,ORD,BWI,1839,622.0,-4.0,0
2024,2,26,1,YX,PIT,EWR,1125,319.0,-4.0,0
2024,2,28,3,HA,LIH,HNL,1010,102.0,-5.0,0
2024,5,4,6,DL,BWI,ATL,1408,577.0,7.0,0
2024,8,6,2,OO,TVC,DTW,1753,207.0,34.0,1
2024,8,12,1,DL,JFK,LAX,800,2475.0,0.0,0
2024,10,7,1,OO,ORD,FWA,1405,157.0,-7.0,0
2024,6,15,6,WN,BWI,RSW,1415,919.0,-2.0,0
2024,4,21,7,G4,AUS,PVU,1532,1051.0,73.0,1
2024,1,19,5,UA,EWR,RDU,2129,416.0,10.0,0
2024,7,21,7,WN,SMF,SAN,855,480.0,0.0,0
2024,9,29,7,DL,LAS,ATL,1059,1747.0,69.0,1
2024,11,7,4,OO,MOT,DEN,700,604.0,694.0,1
2024,5,29,3,F9,SEA,DEN,834,1024.0,-3.0,0
2024,8,26,1,OH,ORF,DCA,1859,142.0,10.0,0
2024,3,25,1,WN,DAL,MCO,1725,973.0,34.0,1
2024,5,3,5,AA,DFW,BOS,841,1562.0,1.0,0
2024,4,1,1,UA,DEN,SJU,950,2733.0,-1.0,0
2024,11,3,7,OH,JAN,CLT,1050,562.0,-5.0,0
2024,2,20,2,WN,LAS,TUS,1425,365.0,9.0,1
2024,12,5,4,AA,MIA,PDX,1944,2700.0,125.0,1
2024,8,20,2,UA,TPA,SFO,1900,2393.0,6.0,0
2024,10,15,2,9E,DTW,CVG,839,229.0,-11.0,0
2024,2,29,4,B6,FLL,SFO,1010,2584.0,121.0,1
2024,6,7,5,AS,SEA,LAX,1555,954.0,-1.0,0
2024,6,2,7,WN,DTW,DEN,700,1123.0,-2.0,0
2024,3,26,2,DL,MSP,ORD,1525,334.0,71.0,1
2024,10,31,4,F9,TPA,RDU,1223,587.0,10.0,0
2024,12,11,3,DL,BOI,ATL,1343,1838.0,12.0,0
2024,7,2,2,9E,TYS,ATL,919,152.0,-7.0,0
2024,1,28,7,UA,JAC,DEN,700,406.0,-2.0,0
2024,5,23,4,WN,AUS,LAS,1120,1090.0,17.0,0
2024,12,26,4,OH,GPT,DFW,501,500.0,-14.0,0
2024,9,28,6,AA,CLT,SAN,2045,2077.0,6.0,0
2024,8,15,4,AA,PDX,CLT,2209,2282.0,-6.0,0
2024,3,8,5,UA,DEN,TUS,1121,639.0,-5.0,0
2024,10,28,1,WN,SJC,DAL,1755,1450.0,-1.0,0
2024,11,21,4,YX,SDF,IAD,1009,451.0,-1.0,0
2024,1,29,1,OO,DEN,PRC,1545,557.0,-6.0,0
2024,2,29,4,DL,EWR,ATL,715,746.0,-1.0,0
2024,11,6,3,MQ,SAV,MIA,2017,440.0,39.0,1
2024,2,20,2,OO,GTF,MSP,550,887.0,-5.0,0
2024,3,12,2,DL,ORD,MSP,1000,334.0,5.0,0
2024,10,6,7,YX,DCA,CMH,1529,323.0,-8.0,0
2024,8,26,1,WN,MSY,BNA,1435,471.0,-2.0,0
2024,6,16,7,WN,DAL,PNS,1000,592.0,-1.0,0
2024,1,23,2,WN,FLL,BWI,1540,925.0,-1.0,0
2024,12,31,2,AA,DFW,LAX,1315,1235.0,1.0,0
2024,3,5,2,DL,PIT,ATL,1535,526.0,-8.0,0
2024,5,13,1,AA,CLT,DEN,1716,1337.0,-4.0,0
2024,9,8,7,DL,ATL,BWI,1517,577.0,10.0,0
2024,1,6,6,OH,DCA,AVL,1447,384.0,-6.0,0
2024,4,23,2,DL,ATL,EWR,1051,746.0,-6.0,0
2024,5,29,3,DL,SAV,DTW,1256,705.0,80.0,1
2024,9,18,3,OO,ATW,ORD,630,160.0,-6.0,0
2024,3,11,1,AA,PHX,CVG,1550,1569.0,-3.0,0
2024,1,19,5,UA,CLE,EWR,615,404.0,-5.0,1
2024,7,5,5,AA,PHL,MIA,1103,1013.0,0.0,0
2024,6,2,7,AA,CLT,PHX,1645,1773.0,-1.0,0
2024,10,6,7,WN,AUS,RDU,1515,1162.0,2.0,0
2024,4,14,7,B6,ROC,JFK,555,264.0,-8.0,0
2024,6,16,7,MQ,LRD,DFW,1010,396.0,-11.0,0
2024,9,5,4,UA,SFO,ORD,1825,1846.0,-6.0,0
2024,4,6,6,MQ,MIA,BWI,1950,946.0,-2.0,0
2024,8,17,6,AS,ANC,SEA,700,1448.0,-11.0,0
2024,8,17,6,AA,DFW,SNA,730,1205.0,-5.0,0
2024,12,1,7,WN,BNA,PNS,935,391.0,-2.0,0
2024,10,22,2,AA,DCA,BTV,2210,437.0,3.0,0
2024,7,27,6,WN,MDW,BUF,1215,468.0,1.0,0
2024,3,4,1,DL,SAN,SEA,1335,1050.0,-7.0,0
2024,10,6,7,WN,MIA,ATL,545,594.0,-1.0,0
2024,5,12,7,DL,LGA,DFW,1259,1389.0,25.0,1
2024,7,2,2,WN,ATL,DAL,1950,721.0,18.0,0
2024,5,9,4,DL,MSP,PHL,2033,980.0,75.0,1
2024,8,21,3,AA,DTW,PHX,800,1671.0,-7.0,0
2024,9,13,5,AA,SNA,DFW,1226,1205.0,9.0,0
2024,7,19,5,DL,ATL,DEN,1616,1199.0,155.0,1
2024,4,27,6,AA,FLL,CLT,1007,632.0,-5.0,0
2024,7,21,7,UA,JAX,IAD,1415,630.0,-7.0,0
2024,6,30,7,MQ,MAF,DFW,1017,309.0,26.0,1
2024,1,21,7,WN,ATL,FLL,1500,581.0,2.0,0
2024,6,20,4,UA,TPA,IAD,1850,811.0,18.0,0
2024,5,18,6,F9,FAR,DEN,1409,627.0,5.0,0
2024,4,14,7,DL,LGA,TPA,1905,1010.0,-2.0,0
2024,7,18,4,DL,SFO,DTW,2155,2079.0,-6.0,0
2024,9,19,4,MQ,ORD,GRB,2055,173.0,-2.0,0
2024,12,2,1,G4,BNA,ATW,2135,570.0,55.0,1
2024,2,26,1,HA,SJC,HNL,915,2417.0,-2.0,0
2024,8,21,3,DL,ATL,MYR,2244,317.0,-5.0,0
2024,10,13,7,WN,PHX,LAS,600,255.0,-3.0,0
2024,2,22,4,AS,SEA,OGG,835,2640.0,-2.0,0
2024,5,31,5,AA,DTW,PHL,1608,453.0,73.0,1
2024,9,24,2,UA,DEN,DTW,1750,1123.0,-5.0,0
2024,1,26,5,UA,SAN,SFO,1604,447.0,0.0,0
2024,11,23,6,WN,BWI,DAL,2055,1209.0,24.0,0
2024,1,6,6,DL,SLC,DEN,1009,391.0,-3.0,0
2024,4,18,4,9E,CHO,ATL,1836,457.0,-17.0,0
2024,7,31,3,DL,BOS,SLC,1845,2105.0,77.0,1
2024,2,8,4,DL,ATL,DSM,948,743.0,-1.0,0
2024,10,20,7,AA,MIA,ATL,2121,594.0,7.0,0
2024,9,14,6,UA,BOS,SFO,1340,2704.0,-5.0,0
2024,8,12,1,WN,MCI,DAL,1945,461.0,-6.0,0
2024,9,17,2,OO,LAX,SMF,1421,373.0,-7.0,0
2024,6,22,6,OO,BJI,MSP,1447,199.0,-7.0,1
2024,8,2,5,AA,DCA,BOS,1005,399.0,38.0,1
2024,7,20,6,AA,ORD,MCO,705,1005.0,-7.0,0
2024,3,12,2,AS,TPA,SEA,1826,2520.0,-7.0,0
2024,4,13,6,UA,ATL,IAD,925,534.0,-15.0,0
2024,12,15,7,WN,SDF,DAL,1920,725.0,-8.0,0
2024,12,13,5,YX,BOS,SDF,1336,829.0,-11.0,0
2024,12,19,4,WN,OMA,MDW,1430,423.0,2.0,0
2024,3,25,1,WN,HOU,JAX,1450,816.0,17.0,0
2024,8,20,2,AA,LGA,CLT,1125,544.0,7.0,0
2024,10,7,1,F9,BWI,MIA,1309,946.0,-8.0,0
2024,4,1,1,WN,IND,PHX,1020,1488.0,-2.0,0
2024,9,30,1,F9,ONT,SFO,1558,363.0,-7.0,0
2024,12,15,7,OO,MBS,ORD,720,222.0,241.0,1
2024,2,25,7,OH,CAE,CLT,1816,88.0,-12.0,0
2024,9,29,7,OO,DFW,COS,1914,592.0,-4.0,0
2024,12,17,2,F9,CVG,RSW,1820,879.0,37.0,1
2024,12,23,1,9E,ATL,GPT,1000,352.0,-2.0,0
2024,11,3,7,AS,PDX,DEN,1325,991.0,112.0,1
2024,12,22,7,DL,ATL,CHS,810,259.0,-4.0,0
2024,11,9,6,YX,JFK,DTW,1259,509.0,-3.0,0
2024,4,19,5,UA,MCI,DEN,916,533.0,-5.0,1
2024,9,20,5,DL,MSP,DEN,1211,680.0,-5.0,0
2024,9,1,7,WN,DEN,ELP,1625,563.0,-8.0,0
2024,6,30,7,AA,MCO,MIA,1859,192.0,69.0,1
2024,4,21,7,WN,LBB,DAL,1110,293.0,26.0,0
2024,9,13,5,DL,DTW,RDU,705,501.0,-5.0,0
2024,4,24,3,OH,CLT,ATL,908,226.0,-6.0,0
2024,6,13,4,AA,JFK,PHX,1259,2153.0,-2.0,0
2024,7,28,7,MQ,DFW,LBB,2105,282.0,-5.0,0
2024,11,26,2,WN,RSW,STL,725,979.0,-2.0,0
2024,5,23,4,NK,MCO,EWR,2304,937.0,160.0,1
2024,7,25,4,AA,BNA,CLT,1908,328.0,25.0,0
2024,6,27,4,AA,DFW,MRY,1005,1430.0,0.0,0
2024,8,21,3,DL,LGA,MSP,755,1020.0,-6.0,0
2024,12,24,2,OO,SLC,PIH,1515,150.0,-2.0,0
2024,3,23,6,OO,MSP,FAR,905,223.0,0.0,0
2024,9,10,2,UA,SFO,OGG,1825,2338.0,-4.0,0
2024,3,22,5,B6,DCA,BOS,1535,399.0,5.0,0
2024,5,25,6,WN,ATL,HOU,1830,696.0,42.0,1
2024,5,26,7,DL,ATL,SDF,1820,321.0,-12.0,0
2024,1,28,7,OO,EGE,DEN,1340,120.0,-4.0,0
2024,1,18,4,OO,SFO,SNA,1220,372.0,48.0,1
2024,3,25,1,OO,SFO,PSP,1625,421.0,35.0,1
2024,10,22,2,WN,ALB,BWI,1610,289.0,0.0,0
2024,10,29,2,OO,PHX,TUS,1031,110.0,-6.0,0
2024,12,6,5,AA,PHX,OMA,1015,1037.0,10.0,0
2024,10,5,6,AA,MCO,DFW,700,985.0,-9.0,0
2024,10,21,1,UA,SFO,LIH,855,2447.0,-12.0,0
2024,3,12,2,F9,IAH,DEN,923,862.0,-6.0,0
2024,6,10,1,OO,EUG,SEA,500,234.0,2.0,0
2024,8,18,7,G4,BLV,VPS,1939,587.0,-9.0,0
2024,2,28,3,WN,SNA,OAK,1300,371.0,-4.0,0
2024,4,9,2,DL,ATL,EYW,1521,646.0,-4.0,0
2024,12,24,2,YX,CVG,IAD,1022,388.0,-7.0,0
2024,10,21,1,HA,HNL,LIH,2010,102.0,-4.0,0
2024,10,15,2,G4,PIE,FNT,630,1040.0,-7.0,0
2024,1,1,1,WN,PHX,ORD,1155,1440.0,-3.0,0
2024,5,1,3,OH,BNA,CLT,1805,328.0,-5.0,0
2024,6,7,5,B6,IAH,JFK,1237,1417.0,-4.0,0
2024,7,10,3,DL,MCO,DTW,1914,957.0,-2.0,0
2024,7,8,1,AA,CLT,MSP,1536,930.0,61.0,1
2024,2,29,4,AA,GRR,CLT,1729,583.0,-9.0,0
2024,9,19,4,OO,DEN,LAX,1752,862.0,-3.0,0
2024,7,15,1,OH,CLT,DCA,1119,331.0,5.0,0
2024,12,17,2,AA,MIA,BNA,2230,806.0,-9.0,0
2024,11,4,1,WN,HOU,BNA,1350,670.0,-3.0,0
2024,2,5,1,UA,EWR,BQN,1905,1585.0,-4.0,0
2024,11,9,6,AA,SFO,MIA,1258,2585.0,-4.0,0
2024,8,25,7,WN,COS,PHX,1135,551.0,-1.0,0
2024,8,5,1,AA,ORD,PIT,1251,413.0,98.0,1
2024,10,17,4,YX,BOS,JFK,1038,187.0,-5.0,0
2024,4,15,1,UA,SRQ,EWR,600,1034.0,-6.0,0
2024,9,29,7,UA,SFO,IAH,35,1635.0,-8.0,0
2024,4,23,2,OO,CRW,ATL,630,363.0,0.0,0
2024,2,7,3,WN,MDW,ALB,1245,717.0,-6.0,0
2024,5,2,4,AA,PHL,BNA,1249,675.0,-4.0,0
2024,7,28,7,OO,ORD,SDF,1415,286.0,15.0,1
2024,7,8,1,WN,BNA,DAL,2100,623.0,50.0,1
2024,7,22,1,F9,CVG,TPA,615,773.0,-7.0,0
2024,10,3,4,F9,DEN,BNA,550,1014.0,-3.0,0
2024,5,31,5,AA,BOS,PHL,530,280.0,-9.0,0
2024,7,14,7,UA,SFO,BUR,1825,326.0,176.0,1
2024,7,28,7,G4,BNA,XNA,1250,426.0,16.0,0
2024,3,4,1,AA,DFW,SMF,2231,1431.0,-6.0,0
2024,6,15,6,WN,AUS,HOU,835,148.0,-3.0,0
2024,11,16,6,OO,DEN,COS,1804,73.0,2.0,0
2024,11,20,3,AA,PHX,OGG,1202,2845.0,-2.0,0
2024,5,23,4,WN,MCO,DAL,925,973.0,4.0,0
2024,12,30,1,G4,PIE,ATW,1057,1173.0,34.0,1
2024,11,29,5,DL,RDU,MCO,625,534.0,-4.0,0
2024,5,29,3,UA,DEN,LAS,1610,628.0,-1.0,0
2024,9,12,4,OO,DEN,COS,2020,73.0,-10.0,0
2024,9,9,1,UA,IAH,EWR,1055,1400.0,-6.0,0
2024,4,18,4,WN,ELP,DAL,1805,562.0,24.0,0
2024,4,25,4,AA,DCA,FLL,820,899.0,-2.0,0
2024,6,22,6,AA,ORD,IND,1645,177.0,-6.0,0
2024,12,30,1,UA,DFW,DEN,839,641.0,48.0,1
2024,4,23,2,AA,LGA,DTW,1600,502.0,-6.0,0
2024,6,10,1,DL,GRR,MSP,1135,408.0,-9.0,0
2024,9,12,4,OO,SBN,ORD,750,84.0,56.0,1
2024,3,27,3,UA,IAD,FLL,1300,901.0,-13.0,0
2024,11,23,6,UA,SFO,PDX,1320,550.0,97.0,1
2024,3,19,2,DL,TYS,ATL,1347,152.0,18.0,0
2024,9,5,4,YX,BOS,JFK,1037,187.0,-7.0,0
2024,1,7,7,AA,DTW,PHX,1755,1671.0,-2.0,0
2024,11,13,3,AA,MSN,DFW,621,821.0,9.0,1
2024,7,5,5,WN,HOU,SAT,825,192.0,-2.0,0
2024,8,28,3,WN,STL,DEN,1100,770.0,2.0,0
2024,7,17,3,F9,BWI,CLT,1052,361.0,20.0,1
2024,10,10,4,UA,SFO,PHX,1910,651.0,-6.0,0
2024,12,27,5,UA,ORD,SAN,1315,1723.0,-4.0,0
2024,7,11,4,DL,LGA,ATL,1500,762.0,-4.0,0
2024,3,26,2,WN,LAX,SMF,1240,373.0,1.0,0
2024,8,11,7,DL,ATL,DAB,1652,366.0,82.0,1
2024,5,25,6,AA,MIA,SAT,2103,1143.0,-5.0,0
2024,9,6,5,B6,LAX,FLL,2359,2343.0,0.0,0
2024,7,11,4,UA,SNA,DEN,1132,846.0,-9.0,0
2024,1,10,3,NK,EWR,IAH,535,1400.0,-3.0,0
2024,12,19,4,HA,LIH,HNL,1150,102.0,-4.0,0
2024,6,6,4,AA,MCO,PHL,1015,861.0,-3.0,0
2024,7,26,5,DL,RSW,MSP,600,1416.0,42.0,1
2024,10,22,2,G4,ROA,PIE,1912,668.0,35.0,1
2024,6,30,7,AS,SFO,SEA,1115,679.0,-5.0,0
2024,1,24,3,DL,ALB,ATL,605,853.0,-4.0,0
2024,12,31,2,MQ,ORD,HPN,1247,738.0,-3.0,0
2024,2,7,3,DL,ATL,SDF,1421,321.0,10.0,0
2024,9,15,7,WN,STL,RDU,910,667.0,-3.0,0
2024,11,27,3,G4,MLB,ABE,933,914.0,-9.0,0
2024,10,3,4,DL,ATL,SEA,1010,2182.0,0.0,0
2024,12,27,5,UA,SFO,OGG,1330,2338.0,-5.0,0
2024,9,8,7,DL,PHX,DTW,1502,1671.0,56.0,1
2024,5,18,6,DL,SFO,DTW,2255,2079.0,4.0,0
2024,9,19,4,9E,ABE,ATL,600,692.0,-4.0,0
2024,7,15,1,WN,PHX,HOU,1255,1020.0,77.0,1
2024,2,2,5,WN,IND,BWI,1305,516.0,-7.0,0
2024,2,11,7,OO,OKC,PHX,1457,833.0,-8.0,0
2024,3,3,7,UA,SFO,ORD,630,1846.0,-7.0,0
2024,9,23,1,UA,SFO,PHX,1120,651.0,19.0,0
2024,1,28,7,DL,BZN,MSP,600,874.0,6.0,0
2024,7,31,3,UA,IAD,LAS,1955,2065.0,19.0,0
2024,11,25,1,MQ,DFW,CMI,1830,693.0,10.0,0
2024,4,24,3,AA,DFW,ORD,1650,802.0,56.0,1
2024,1,23,2,WN,LGB,DAL,1450,1232.0,-7.0,0
2024,7,15,1,NK,DTW,ATL,2115,594.0,42.0,1
2024,9,22,7,DL,LAX,MCO,2355,2218.0,-3.0,0
2024,11,26,2,9E,DTW,GSO,2000,460.0,-8.0,0
2024,1,3,3,G4,PVD,BNA,2114,906.0,2.0,0
2024,8,12,1,OO,LBF,DEN,1915,228.0,-19.0,0
2024,10,16,3,MQ,ORD,GSP,1330,577.0,-5.0,0
2024,10,19,6,OH,SAV,CLT,1509,213.0,-9.0,0
2024,5,7,2,9E,LFT,ATL,615,503.0,-3.0,0
2024,10,28,1,WN,LAS,HOU,520,1235.0,0.0,0
2024,8,7,3,9E,DCA,CVG,1600,411.0,-5.0,0
2024,3,14,4,DL,ATL,OKC,1640,761.0,5.0,1
2024,4,22,1,WN,IAH,DEN,610,862.0,-3.0,0
2024,12,1,7,WN,BWI,CHS,815,472.0,9.0,1
2024,8,13,2,WN,DAL,LBB,2045,293.0,0.0,0
2024,8,16,5,B6,EWR,FLL,1415,1065.0,-6.0,0
2024,5,3,5,DL,ATL,ECP,1950,240.0,-5.0,0
2024,1,8,1,DL,ATL,SEA,2120,2182.0,-1.0,0
2024,3,1,5,WN,DEN,ATL,1505,1199.0,9.0,0
2024,2,27,2,WN,AUS,PHX,1840,872.0,-10.0,0
2024,8,23,5,AA,PHX,SFO,1009,651.0,11.0,1
2024,2,8,4,OO,PHX,IAH,1337,1009.0,-5.0,0
2024,9,12,4,DL,ATL,ATW,2050,765.0,-1.0,0
2024,7,9,2,WN,DAL,DEN,1025,651.0,-1.0,0
2024,8,9,5,DL,SLC,ATL,1413,1590.0,0.0,0
2024,11,9,6,NK,DFW,MCO,1801,985.0,-2.0,0
2024,1,12,5,DL,ATL,HNL,955,4502.0,3.0,1
2024,5,3,5,OO,SMF,LAX,1717,373.0,-9.0,0
2024,9,13,5,AS,SFO,SEA,2135,679.0,-6.0,0
2024,1,18,4,YX,BOS,LGA,1700,184.0,0.0,0
2024,5,23,4,DL,SLC,DTW,940,1481.0,-1.0,0
2024,11,18,1,WN,SMF,SAN,1930,480.0,-6.0,0
2024,2,7,3,B6,RSW,LGA,1945,1080.0,-11.0,0
2024,11,21,4,NK,MCO,MSY,749,551.0,-3.0,0
2024,6,19,3,OO,DTW,PIT,835,201.0,2.0,0
2024,1,30,2,MQ,MIA,GSP,2123,637.0,-2.0,0
2024,1,24,3,9E,TUL,ATL,1543,674.0,49.0,1
2024,4,16,2,WN,PHX,SFO,1320,651.0,19.0,1
2024,10,7,1,AA,DFW,CHS,1913,987.0,-5.0,0
2024,4,29,1,OO,BTR,DFW,1951,383.0,-5.0,0
2024,3,11,1,UA,DCA,ORD,1200,612.0,0.0,0
2024,5,6,1,DL,ATL,MLB,1226,442.0,-8.0,0
2024,5,26,7,DL,PIT,ATL,740,526.0,-3.0,0
2024,2,10,6,HA,HNL,JFK,1650,4983.0,-3.0,0
2024,4,15,1,DL,DTW,ATL,720,594.0,-2.0,0
2024,3,23,6,DL,IND,ATL,800,432.0,151.0,1
2024,2,8,4,NK,LAS,ABQ,1641,486.0,-6.0,0
2024,6,15,6,AA,PVD,CLT,1009,683.0,279.0,1
2024,7,8,1,DL,MCO,BOS,1600,1121.0,-4.0,0
2024,9,22,7,AA,LGA,DFW,1100,1389.0,7.0,0
2024,11,7,4,NK,IND,LAS,756,1590.0,-7.0,0
2024,8,13,2,DL,JFK,TPA,1859,1005.0,38.0,0
2024,8,6,2,NK,FLL,PHL,613,992.0,-3.0,0
2024,10,15,2,HA,KOA,OGG,1018,84.0,-8.0,0
2024,12,20,5,DL,BOS,ATL,1400,946.0,45.0,1
2024,6,25,2,WN,SAT,DAL,630,247.0,0.0,0
2024,5,2,4,OO,GRB,ORD,1052,173.0,-13.0,0
2024,1,25,4,9E,EVV,ATL,1616,350.0,-9.0,1
2024,11,25,1,WN,MSY,BNA,1435,471.0,-10.0,0
2024,10,16,3,9E,LGA,CLE,1659,419.0,-11.0,0
2024,11,20,3,G4,SRQ,SYR,1100,1142.0,-19.0,0
2024,6,23,7,WN,IND,ATL,550,432.0,-3.0,1
2024,12,31,2,AA,PHL,RSW,849,993.0,1.0,1
2024,10,28,1,AS,LAS,SEA,1000,867.0,69.0,1
2024,2,23,5,WN,DAL,MSY,2035,436.0,-2.0,0
2024,10,14,1,DL,DTW,PBI,1023,1086.0,-6.0,0
2024,6,9,7,DL,ATL,LAX,1259,1947.0,-2.0,0
2024,12,17,2,YX,EWR,BGR,1947,393.0,-4.0,0
2024,4,7,7,AA,SMF,CLT,2227,2244.0,-2.0,0
2024,5,27,1,AS,SJC,SEA,2057,696.0,-14.0,0
2024,9,29,7,AS,OGG,SFO,1607,2338.0,-12.0,0
2024,6,15,6,UA,IAH,BNA,1450,657.0,53.0,1
2024,5,9,4,WN,SLC,MDW,555,1259.0,35.0,1
2024,9,14,6,WN,MIA,DAL,1640,1109.0,-5.0,0
2024,2,28,3,OO,DTW,GSP,1555,508.0,-2.0,0
2024,3,2,6,NK,FLL,BOS,1737,1237.0,21.0,0
2024,8,16,5,OH,PHL,MEM,2016,875.0,11.0,0
2024,7,15,1,DL,SEA,SNA,1935,978.0,-6.0,0
2024,5,14,2,WN,LAX,SMF,1335,373.0,18.0,1
2024,6,26,3,OO,DEN,FSD,1010,483.0,-4.0,0
2024,8,26,1,9E,ATL,TYS,2055,152.0,-11.0,0
2024,8,8,4,OO,SLC,GTF,2105,463.0,65.0,1
2024,8,19,1,WN,PHX,SDF,935,1506.0,0.0,0
2024,6,12,3,UA,LIH,DEN,1925,3414.0,-9.0,0
2024,2,16,5,WN,DAL,LAX,1305,1246.0,10.0,0
2024,4,14,7,MQ,CLT,AVL,1700,91.0,46.0,1
2024,8,4,7,MQ,STL,DFW,1950,550.0,-1.0,0
2024,6,14,5,UA,TPA,IAD,1850,811.0,59.0,1
2024,5,31,5,WN,BWI,SRQ,2030,880.0,-1.0,0
2024,8,9,5,9E,ATL,XNA,1429,589.0,-5.0,0
2024,6,28,5,AA,GRR,DFW,1951,931.0,-9.0,0
2024,3,18,1,UA,DEN,FCA,1920,752.0,-1.0,0
2024,7,23,2,B6,JFK,DEN,950,1626.0,-3.0,0
2024,5,12,7,AA,CLT,CMH,1330,347.0,-3.0,0
2024,8,14,3,DL,MSP,DCA,1035,931.0,-4.0,0
2024,10,29,2,MQ,BUR,PHX,1010,369.0,-7.0,0
2024,3,28,4,MQ,CID,ORD,1635,196.0,-3.0,0
2024,10,3,4,OO,DEN,TUL,940,541.0,9.0,0
2024,5,19,7,WN,PHX,PDX,740,1009.0,-3.0,0
2024,6,17,1,NK,STT,MCO,1540,1246.0,96.0,1
2024,12,8,7,WN,SAN,LAS,1445,258.0,-6.0,0
2024,5,31,5,AS,RNO,SEA,1504,564.0,31.0,1
2024,4,1,1,DL,PBI,ATL,704,545.0,-2.0,0
2024,4,4,4,DL,DTW,SAT,2040,1214.0,11.0,0
2024,8,20,2,OH,CLT,AVL,2240,91.0,2.0,0
2024,4,12,5,B6,MIA,JFK,1625,1089.0,45.0,1
2024,1,27,6,F9,TPA,CLE,1340,927.0,-14.0,0
2024,6,1,6,DL,MSP,BDL,1950,1050.0,1.0,0
2024,3,11,1,WN,CHS,BWI,1150,472.0,-5.0,0
2024,9,30,1,WN,DSM,STL,635,259.0,-6.0,0
2024,10,11,5,DL,ATL,MSY,1540,425.0,-3.0,0
2024,8,9,5,WN,MCO,PIT,800,834.0,0.0,0
2024,5,28,2,AA,CLT,RIC,907,257.0,-5.0,0
2024,9,23,1,MQ,DCA,BTV,1454,437.0,-3.0,0
2024,8,10,6,OO,MSO,SLC,1137,436.0,-10.0,0
2024,12,10,2,WN,LAS,BOI,920,519.0,-4.0,0
2024,3,17,7,AA,ORD,PHL,845,678.0,8.0,0
2024,3,2,6,OO,CMH,MSP,1600,626.0,-3.0,0
2024,1,12,5,AS,SAN,SEA,1800,1050.0,50.0,1
2024,8,5,1,UA,ORD,BOS,2110,867.0,74.0,1
2024,5,12,7,DL,SJU,ATL,1249,1547.0,-1.0,1
2024,12,1,7,OH,BHM,DCA,615,653.0,-1.0,1
2024,9,15,7,WN,LAS,BZN,1855,701.0,-1.0,0
2024,4,13,6,OH,CLT,BHM,1439,350.0,0.0,0
2024,12,30,1,9E,DSM,MSP,1735,232.0,-7.0,0
2024,9,8,7,WN,IND,ATL,1430,432.0,2.0,0
2024,12,17,2,WN,LAS,OAK,1825,407.0,-4.0,0
2024,3,8,5,OO,DEN,TUL,1020,541.0,-6.0,1
2024,10,8,2,UA,IAH,SFO,1620,1635.0,-4.0,0
2024,4,29,1,OO,ELP,DEN,645,563.0,-4.0,0
2024,12,1,7,DL,JFK,PHX,1640,2153.0,-3.0,0
2024,11,9,6,UA,IAH,CMH,1210,986.0,14.0,1
2024,6,6,4,UA,EWR,MSP,1406,1008.0,-5.0,1
2024,4,23,2,MQ,MCI,ORD,1538,403.0,-3.0,0
2024,10,19,6,AA,LAX,PHL,745,2402.0,198.0,1
2024,11,20,3,MQ,PHX,SLC,1315,507.0,-3.0,0
2024,4,18,4,OH,CLT,DAY,1913,370.0,44.0,1
2024,5,6,1,NK,MCO,AUS,840,994.0,-3.0,0
2024,5,6,1,DL,MSP,JFK,705,1029.0,-5.0,0
2024,8,23,5,OO,XWA,MSP,607,553.0,-8.0,0
2024,2,8,4,AS,FAT,SEA,1135,748.0,-10.0,0
2024,6,7,5,WN,LAX,LAS,1735,236.0,35.0,1
2024,2,12,1,AA,MCO,DFW,1149,985.0,8.0,0
2024,2,22,4,DL,ATL,IAD,815,534.0,-6.0,0
2024,12,10,2,WN,ELP,AUS,1200,528.0,1.0,0
2024,7,30,2,OO,DEN,DSM,955,589.0,-3.0,0
2024,8,6,2,WN,OMA,DEN,1910,472.0,4.0,0
2024,5,20,1,DL,FLL,LAX,700,2343.0,-1.0,1
2024,10,27,7,OO,BNA,JFK,1654,765.0,73.0,1
2024,9,7,6,DL,ATL,CLE,1215,554.0,-8.0,0
2024,4,7,7,NK,BOS,RSW,1126,1249.0,-14.0,0
2024,12,14,6,MQ,GPT,DFW,1755,500.0,-6.0,0
2024,3,28,4,OO,DEN,XNA,1015,616.0,-8.0,0
2024,6,17,1,UA,IAH,DCA,1156,1208.0,13.0,0
2024,5,9,4,OO,ORD,MLI,1552,139.0,-3.0,0
2024,12,9,1,UA,EWR,PBI,1645,1023.0,-6.0,0
2024,6,26,3,AA,DFW,MCI,2130,460.0,62.0,1
2024,10,27,7,MQ,MIA,CMH,1941,990.0,-2.0,0
2024,7,13,6,NK,SAN,SJC,1505,417.0,2.0,0
2024,10,17,4,UA,EWR,RSW,1455,1068.0,-9.0,0
2024,10,19,6,AA,ABQ,DFW,716,569.0,-3.0,0
2024,5,11,6,DL,JFK,DTW,1915,509.0,-4.0,0
2024,3,25,1,DL,SAN,ATL,1132,1892.0,0.0,0
2024,5,4,6,AA,DFW,SFO,2044,1464.0,1.0,0
2024,8,6,2,AA,CID,DFW,1926,685.0,79.0,1
2024,8,15,4,OO,SBA,LAX,600,89.0,-17.0,0
2024,5,12,7,DL,ATL,LGA,2030,762.0,89.0,1
2024,5,2,4,AS,ANC,SEA,1100,1448.0,-1.0,0
2024,11,11,1,WN,CRP,HOU,1145,187.0,53.0,1
2024,9,2,1,OO,SEA,LAX,1646,954.0,-10.0,0
2024,9,12,4,MQ,DFW,BTR,1219,383.0,27.0,1
2024,8,1,4,DL,BHM,ATL,520,134.0,-4.0,0
2024,6,8,6,G4,FLL,MEM,600,851.0,1.0,0
2024,5,10,5,9E,JFK,PIT,959,340.0,-2.0,0
2024,1,28,7,DL,SEA,TUS,930,1216.0,28.0,1
2024,6,8,6,AA,CLT,DCA,1836,331.0,23.0,1
2024,5,8,3,DL,SAV,DTW,1256,705.0,1.0,0
2024,9,5,4,DL,RDU,FLL,1220,680.0,49.0,1
2024,11,25,1,DL,BOS,ATL,1210,946.0,0.0,0
2024,1,13,6,OO,ABQ,DEN,1800,349.0,-10.0,0
2024,7,28,7,OO,MDW,DTW,1743,228.0,115.0,1
2024,4,23,2,AA,IND,DFW,652,761.0,-7.0,0
2024,10,14,1,OO,PHX,DRO,2152,351.0,-4.0,0
2024,11,15,5,DL,DTW,SAT,825,1214.0,-6.0,0
2024,4,1,1,AA,HNL,DFW,1730,3784.0,-2.0,0
2024,7,8,1,OO,LAX,SBA,920,89.0,55.0,1
2024,5,21,2,DL,MSY,ATL,1451,425.0,-6.0,0
2024,7,19,5,WN,DAL,CHS,1240,977.0,12.0,0
2024,11,14,4,WN,SJC,SAN,630,417.0,-5.0,1
2024,4,27,6,9E,JFK,SAV,800,718.0,-5.0,0
2024,11,30,6,NK,FLL,ATL,920,581.0,22.0,0
2024,2,15,4,NK,SJU,ORD,1525,2072.0,-8.0,0
2024,4,8,1,WN,LAS,BNA,1410,1587.0,29.0,0
2024,6,16,7,WN,DAL,HOU,600,239.0,-4.0,0
2024,5,27,1,OO,BNA,ORD,530,409.0,478.0,1
2024,9,19,4,OH,ILM,CLT,901,185.0,-10.0,0
2024,3,5,2,F9,SLC,DEN,545,391.0,-7.0,0
2024,12,20,5,DL,BOS,HNL,1015,5095.0,-12.0,0
2024,9,15,7,AA,CLT,RSW,855,600.0,-6.0,0
2024,9,5,4,DL,ATL,LIT,2250,453.0,-9.0,0
2024,7,4,4,WN,EUG,LAS,1240,700.0,8.0,0
2024,5,7,2,MQ,MIA,TPA,1440,204.0,-6.0,0
2024,10,3,4,OO,BNA,ORD,1757,409.0,-9.0,0
2024,3,16,6,G4,FNT,PGD,951,1111.0,-8.0,0
2024,11,4,1,WN,LAS,HOU,1320,1235.0,0.0,0
2024,9,20,5,DL,JAC,SLC,1329,205.0,-6.0,0
2024,1,20,6,AA,BFL,PHX,1311,425.0,48.0,1
2024,1,4,4,UA,PHL,SFO,600,2521.0,-2.0,0
2024,2,17,6,NK,BOS,MCO,1944,1121.0,102.0,1
2024,9,17,2,UA,IAD,EWR,836,212.0,-4.0,0
2024,9,7,6,AA,LAX,RDU,730,2239.0,-5.0,0
2024,10,1,2,DL,BOS,AUS,1838,1698.0,17.0,0
2024,7,27,6,OO,GUC,DEN,720,152.0,98.0,1
2024,10,7,1,UA,ORD,TUS,859,1437.0,-7.0,0
2024,12,7,6,DL,LGA,MYR,925,563.0,-2.0,0
2024,6,27,4,9E,DTW,CVG,1605,229.0,-5.0,0
2024,3,26,2,YX,DCA,BOS,1230,399.0,-3.0,0
2024,9,13,5,WN,SEA,OAK,1945,672.0,49.0,1
2024,2,23,5,DL,SLC,GEG,1130,546.0,-2.0,0
2024,5,26,7,WN,BNA,STL,2245,272.0,-7.0,1
2024,5,19,7,UA,LAX,ORD,2323,1744.0,6.0,0
2024,2,18,7,WN,SAN,PHX,1655,304.0,-1.0,0
2024,4,21,7,OO,MSO,SLC,1230,436.0,-10.0,0
2024,4,11,4,WN,OAK,BOI,845,512.0,0.0,0
2024,11,8,5,DL,SFO,JFK,1400,2586.0,-1.0,0
2024,2,24,6,WN,LAS,OGG,1150,2695.0,0.0,0
2024,10,6,7,NK,OAK,LAS,1650,407.0,-8.0,0
2024,10,30,3,NK,SAT,LAX,2259,1211.0,1.0,0
2024,2,18,7,WN,MDW,ONT,1730,1706.0,9.0,0
2024,10,25,5,DL,MSP,RDU,1030,980.0,38.0,1
2024,4,24,3,B6,BOS,BWI,730,369.0,-8.0,0
2024,3,17,7,B6,PIT,BOS,600,496.0,-10.0,0
2024,7,23,2,AA,CLT,JAX,1800,328.0,167.0,1
2024,8,7,3,OO,BHM,DEN,1535,1083.0,-3.0,1
2024,3,1,5,AS,SEA,HNL,1741,2677.0,-5.0,0
2024,4,18,4,B6,JFK,TPA,740,1005.0,-2.0,0
2024,11,3,7,DL,OMA,ATL,520,821.0,20.0,1
2024,7,24,3,OO,GRI,DFW,1517,561.0,-5.0,0
2024,2,15,4,WN,DEN,TUL,1505,541.0,22.0,1
2024,6,17,1,DL,ECP,ATL,1835,240.0,0.0,0
2024,4,22,1,DL,ATL,OKC,1642,761.0,-3.0,0
2024,10,3,4,OO,OKC,ORD,1302,693.0,-6.0,0
2024,10,21,1,DL,SNA,SLC,1255,588.0,-14.0,0
2024,12,8,7,DL,RSW,DTW,1445,1084.0,206.0,1
2024,6,17,1,DL,HOU,ATL,1653,696.0,-5.0,0
2024,5,27,1,MQ,STL,PHX,1818,1262.0,-4.0,0
2024,4,30,2,AA,MIA,STL,2113,1068.0,0.0,0
2024,3,1,5,AA,PIT,MIA,600,1013.0,0.0,0
2024,8,22,4,DL,ATL,MCO,1925,404.0,-5.0,0
2024,8,9,5,DL,RDU,MSP,1137,980.0,-6.0,0
2024,10,1,2,AS,SEA,DFW,600,1660.0,73.0,1
2024,2,22,4,WN,DEN,ELP,1945,563.0,1.0,0
2024,10,20,7,UA,ORD,DFW,1957,802.0,-4.0,0
2024,7,12,5,WN,MDW,PNS,1430,781.0,0.0,0
2024,3,23,6,AA,SFO,CLT,705,2296.0,-5.0,0
2024,7,31,3,AA,DFW,SAT,1250,247.0,22.0,0
2024,7,27,6,DL,SLC,ORD,830,1250.0,7.0,0
2024,5,13,1,AA,CLT,IND,1316,427.0,34.0,1
2024,11,16,6,OO,BFL,SFO,615,238.0,-8.0,0
2024,11,21,4,DL,GSP,ATL,1834,153.0,24.0,0
2024,9,26,4,OO,ORD,ABQ,2005,1118.0,-4.0,0
2024,9,25,3,UA,SAT,IAH,725,191.0,-4.0,0
2024,3,17,7,MQ,DSM,MIA,705,1327.0,-1.0,0
2024,11,22,5,F9,SJU,BDL,1159,1666.0,16.0,0
2024,7,13,6,G4,AZA,TVC,1447,1599.0,-7.0,0
2024,10,28,1,OH,CLT,FAY,2252,118.0,-4.0,0
2024,9,17,2,DL,LGA,ORD,1200,733.0,-8.0,0
2024,7,16,2,AA,DFW,BUF,1945,1212.0,80.0,1
2024,3,12,2,DL,ATL,JAN,1441,341.0,-2.0,0
2024,2,25,7,UA,MCO,IAH,1150,854.0,-5.0,0
2024,11,27,3,DL,SBA,ATL,715,2023.0,-8.0,0
2024,7,9,2,YX,LGA,BUF,810,292.0,-7.0,0
2024,8,31,6,OO,ORD,SLN,1525,559.0,-2.0,0
2024,7,3,3,OO,PHX,CID,1855,1252.0,58.0,1
2024,3,19,2,AA,CLT,VPS,2025,460.0,2.0,0
2024,5,2,4,WN,DEN,MDW,750,895.0,18.0,1
2024,2,15,4,UA,EWR,FLL,1845,1065.0,0.0,0
2024,12,17,2,DL,TPA,DTW,1415,983.0,-7.0,0
2024,11,13,3,YX,MKE,BOS,1150,860.0,-6.0,0
2024,1,25,4,G4,SFB,CKB,1629,727.0,-8.0,0
2024,5,4,6,WN,LAS,STL,720,1371.0,8.0,0
2024,11,9,6,WN,DEN,ABQ,1315,349.0,2.0,0
2024,4,25,4,B6,BOS,BWI,730,369.0,50.0,1
2024,11,22,5,B6,DCA,MCO,1800,759.0,59.0,1
2024,6,5,3,AA,LGA,DFW,1000,1389.0,-2.0,0
2024,4,3,3,UA,DEN,OMA,1030,472.0,8.0,0
2024,5,23,4,WN,BWI,BOS,610,369.0,-5.0,0
2024,2,1,4,OO,DAY,ORD,1810,240.0,-9.0,0
2024,6,19,3,WN,LAS,IAH,840,1222.0,-6.0,0
2024,5,10,5,UA,DEN,MIA,1740,1709.0,-5.0,0
2024,7,2,2,WN,BHM,BWI,925,682.0,-5.0,0
2024,5,15,3,AS,PSP,SEA,1752,987.0,-6.0,0
2024,8,8,4,AS,SEA,ANC,1320,1448.0,29.0,1
2024,1,14,7,MQ,DFW,CRP,1441,354.0,-2.0,1
2024,3,4,1,B6,MCO,DCA,1000,759.0,-6.0,0
2024,7,24,3,G4,TYS,PGD,930,624.0,-14.0,0
2024,5,23,4,9E,LGA,BHM,850,866.0,339.0,1
2024,7,16,2,OH,CLT,SAV,1910,213.0,305.0,1
2024,4,4,4,OO,YUM,DFW,1300,1022.0,-8.0,0
2024,10,4,5,AS,SEA,LIH,1742,2701.0,21.0,0
2024,8,24,6,WN,DAL,PHX,1000,879.0,-3.0,0
2024,12,21,6,DL,MCO,ATL,530,404.0,-8.0,0
2024,12,24,2,AA,PHX,SAT,1010,843.0,79.0,1
2024,2,19,1,B6,PBI,BDL,811,1133.0,-13.0,0
2024,8,9,5,DL,MSP,DTW,1245,528.0,-4.0,0
2024,4,6,6,DL,AUS,SLC,745,1086.0,113.0,1
2024,9,16,1,F9,DFW,SEA,710,1660.0,-8.0,0
2024,6,2,7,MQ,TLH,DFW,1831,767.0,146.0,1
2024,11,8,5,DL,HNL,ATL,1653,4502.0,-1.0,0
2024,6,17,1,DL,BTV,ATL,610,961.0,5.0,0
2024,6,5,3,UA,SNA,DEN,1825,846.0,-13.0,0
2024,4,19,5,UA,CVG,IAH,1658,871.0,-3.0,0
2024,1,30,2,UA,SBA,SFO,1910,262.0,-11.0,0
2024,4,7,7,WN,DCA,MSY,1830,969.0,-5.0,0
2024,2,1,4,DL,ATL,EWR,1258,746.0,-4.0,0
2024,11,19,2,WN,HOU,CMH,1520,1000.0,9.0,0
2024,8,11,7,F9,CLE,FLL,610,1062.0,0.0,0
2024,12,7,6,WN,DEN,OAK,1145,957.0,32.0,0
2024,10,18,5,UA,SFO,PHL,903,2521.0,-3.0,0
2024,2,23,5,AA,CLT,PIT,1151,366.0,8.0,0
2024,2,15,4,DL,LGA,MIA,1700,1096.0,4.0,0
2024,5,9,4,AS,SNA,PDX,941,859.0,-13.0,0
2024,9,2,1,DL,ATL,MCI,1255,692.0,-6.0,0
2024,3,29,5,YX,JFK,CLE,1600,425.0,-11.0,0
2024,8,9,5,F9,PHL,SJU,1036,1576.0,-4.0,0
2024,11,26,2,9E,DTW,CHA,845,505.0,-9.0,0
2024,11,21,4,WN,DAL,STL,1915,546.0,22.0,1
2024,1,31,3,G4,PGD,ABE,1000,1018.0,-9.0,0
2024,10,8,2,B6,BOS,PIT,640,496.0,-7.0,0
2024,4,13,6,B6,FLL,JFK,2155,1069.0,146.0,1
2024,6,7,5,WN,DAL,LGA,1330,1381.0,13.0,0
2024,1,7,7,WN,DEN,FLL,1425,1703.0,39.0,1
2024,2,7,3,DL,FLL,ATL,1640,581.0,0.0,0
2024,11,7,4,DL,LGA,MCO,1650,950.0,23.0,0
2024,1,12,5,DL,ATL,MKE,2105,669.0,-1.0,0
2024,2,8,4,OO,ORD,MSN,1541,108.0,-3.0,0
2024,12,22,7,WN,LAS,SJC,1710,386.0,10.0,0
2024,8,18,7,NK,DTW,TPA,1421,983.0,25.0,1
2024,7,2,2,OO,RNO,LAX,735,391.0,-10.0,0
2024,4,5,5,YX,IND,BOS,1230,818.0,-1.0,0
2024,8,13,2,DL,LAX,MSP,1329,1535.0,-3.0,0
2024,8,28,3,WN,SAT,ELP,1030,496.0,-1.0,0
2024,3,24,7,AA,PHL,MCO,1554,861.0,-9.0,0
2024,4,7,7,G4,SFB,FWA,630,870.0,14.0,1
2024,4,1,1,OO,LAX,SFO,2118,337.0,-5.0,0
2024,1,3,3,AS,ATL,SEA,900,2182.0,9.0,0
2024,9,5,4,F9,LAS,OKC,610,986.0,-12.0,0
2024,6,18,2,AA,LAX,DFW,1740,1235.0,15.0,0
2024,5,8,3,WN,BWI,DAL,1420,1209.0,3.0,0
2024,12,20,5,DL,SLC,DFW,1750,989.0,-1.0,1
2024,12,17,2,NK,FLL,PHL,1900,992.0,1.0,0
2024,7,19,5,UA,EWR,ORD,1505,719.0,338.0,1
2024,8,16,5,G4,MOT,AZA,2101,1164.0,-15.0,0
2024,4,19,5,B6,BOS,JFK,1243,187.0,-10.0,0
2024,12,16,1,WN,PHX,MDW,1220,1444.0,0.0,0
2024,7,23,2,9E,IND,JFK,1753,665.0,3.0,0
2024,8,8,4,UA,IAH,MSY,1850,305.0,50.0,1
2024,4,5,5,DL,ATL,PHX,1100,1587.0,0.0,0
2024,6,22,6,WN,SJC,ONT,730,333.0,-2.0,0
2024,12,1,7,OO,FLG,PHX,1440,119.0,61.0,1
2024,1,9,2,DL,MCO,JFK,630,944.0,0.0,0
2024,6,29,6,WN,SAN,SAT,1825,1129.0,56.0,1
2024,7,19,5,WN,CLT,BWI,1950,361.0,14.0,1
2024,10,1,2,WN,OAK,LGB,1825,353.0,-2.0,0
2024,3,18,1,AA,LGA,RDU,1408,431.0,-5.0,0
2024,8,6,2,OO,AUS,MAF,2230,294.0,-6.0,0
2024,6,6,4,AA,ORD,PIT,1840,413.0,83.0,1
2024,1,31,3,WN,AUS,ATL,1745,813.0,-6.0,0
2024,8,5,1,NK,PIT,IAH,1143,1117.0,-3.0,0
2024,1,13,6,9E,BGR,LGA,800,378.0,-5.0,0
2024,10,13,7,DL,GNV,ATL,1722,300.0,-5.0,0
2024,2,10,6,OO,OKC,SLC,830,866.0,-15.0,0
2024,6,29,6,WN,HOU,LAS,740,1235.0,4.0,0
2024,6,13,4,G4,ICT,VPS,2020,796.0,-22.0,0
2024,8,5,1,AS,SEA,STL,1241,1709.0,-5.0,0
2024,5,6,1,OO,SJC,SEA,1430,696.0,24.0,1
2024,8,5,1,AA,PHX,DSM,1235,1150.0,-5.0,0
2024,10,17,4,YX,MSP,DCA,1239,931.0,-10.0,0
2024,12,17,2,YX,SAV,JFK,700,718.0,18.0,0
2024,12,7,6,UA,SAT,DEN,849,794.0,-8.0,0
2024,12,13,5,UA,IAH,SFO,2035,1635.0,93.0,1
2024,1,15,1,DL,GRR,ATL,630,640.0,18.0,1
2024,6,18,2,OO,PHX,TUS,2021,110.0,-4.0,0
2024,7,15,1,OH,CLT,MYR,1301,157.0,24.0,0
2024,8,21,3,YX,PWM,JFK,503,273.0,-10.0,0
2024,3,16,6,UA,GRR,DEN,1530,1015.0,-4.0,0
2024,2,23,5,UA,EWR,BOS,1729,200.0,-8.0,0
2024,12,19,4,DL,MLB,ATL,600,442.0,-7.0,0
2024,9,6,5,WN,HNL,SJC,1210,2417.0,-7.0,0
2024,4,29,1,G4,TYS,PGD,1437,624.0,-11.0,0
2024,11,18,1,OH,CLT,IAD,1805,322.0,-6.0,0
2024,10,29,2,HA,OGG,HNL,1915,100.0,-2.0,0
2024,1,23,2,B6,LAS,LAX,1859,236.0,14.0,0
2024,11,15,5,DL,ORD,DTW,1755,235.0,-7.0,0
2024,1,15,1,DL,DEN,LGA,1755,1620.0,31.0,1
2024,2,3,6,OO,DEN,LAX,1240,862.0,260.0,1
2024,11,20,3,AA,AUS,DFW,816,190.0,-3.0,0
2024,10,30,3,WN,LAX,MDW,1350,1750.0,17.0,1
2024,10,12,6,UA,DEN,MCI,1754,533.0,-9.0,0
2024,5,14,2,DL,ATL,BTR,2151,448.0,6.0,0
2024,12,19,4,WN,MDW,DCA,920,601.0,-7.0,0
2024,5,11,6,DL,TYS,ATL,530,152.0,-4.0,0
2024,8,11,7,OO,LAX,SMF,1525,373.0,-10.0,0
2024,6,15,6,WN,PHX,DEN,1100,602.0,3.0,0
2024,9,26,4,OO,DFW,ROW,2247,435.0,-6.0,0
2024,10,24,4,AA,SFO,DFW,958,1464.0,-6.0,0
2024,5,11,6,F9,LAS,DEN,1100,628.0,-8.0,0
2024,10,26,6,AS,AUS,PDX,1959,1715.0,0.0,0
2024,7,23,2,G4,LAS,MFE,1100,1210.0,-7.0,0
2024,4,20,6,AA,MIA,MCO,1553,192.0,-3.0,0
2024,9,14,6,DL,DEN,DTW,1520,1123.0,1.0,0
2024,6,25,2,DL,MSP,ATL,525,907.0,3.0,0
2024,6,18,2,WN,PHX,HOU,1030,1020.0,0.0,1
2024,9,20,5,OO,SEA,GEG,1130,224.0,-8.0,0
2024,4,14,7,AA,CHS,DFW,656,987.0,-4.0,0
2024,9,26,4,NK,ORD,LAS,1314,1514.0,-9.0,0
2024,11,29,5,OO,DEN,COS,2020,73.0,-2.0,0
2024,6,17,1,UA,LAX,AUS,1850,1242.0,61.0,1
2024,4,4,4,AA,CLT,DTW,734,500.0,3.0,0
2024,9,2,1,OO,ORD,OKC,1755,693.0,-3.0,0
2024,5,20,1,NK,DFW,LAS,1516,1055.0,1.0,0
2024,12,26,4,AS,SEA,DFW,600,1660.0,-7.0,1
2024,10,31,4,AA,MIA,PHL,1503,1013.0,-6.0,0
2024,2,10,6,YX,PHL,LGA,836,96.0,-7.0,0
2024,3,11,1,WN,SMF,SNA,955,404.0,-10.0,0
2024,11,1,5,UA,SFO,DEN,2022,967.0,-9.0,0
2024,2,17,6,OO,RNO,LAX,630,391.0,-4.0,0
2024,5,4,6,WN,OAK,LAS,1550,407.0,-9.0,0
2024,5,24,5,AA,SAT,DFW,1427,247.0,-1.0,0
2024,2,14,3,WN,SNA,LAS,1810,226.0,-1.0,0
2024,1,26,5,MQ,DFW,VPS,1654,641.0,31.0,1
2024,5,30,4,WN,SJC,LAS,1235,386.0,-1.0,0
2024,1,3,3,WN,BWI,BDL,915,283.0,19.0,0
2024,2,17,6,WN,ONT,AUS,835,1196.0,185.0,1
2024,8,11,7,DL,MSP,MSY,1423,1039.0,53.0,1
2024,2,9,5,AA,SMF,DFW,1419,1431.0,19.0,0
2024,5,19,7,WN,PHX,COS,1545,551.0,-2.0,0
2024,8,17,6,DL,ORD,MSP,1715,334.0,-3.0,0
2024,3,9,6,MQ,HRL,DFW,1933,461.0,40.0,1
2024,7,25,4,AS,SEA,OGG,1737,2640.0,17.0,0
2024,1,27,6,YX,ORD,GRR,954,137.0,-5.0,0
2024,7,21,7,AA,BUR,DFW,1223,1231.0,56.0,1
2024,6,10,1,AA,EGE,DFW,1439,721.0,46.0,1
2024,11,6,3,AA,MCO,MIA,1357,192.0,76.0,1
2024,11,5,2,WN,MAF,DAL,1240,319.0,5.0,1
2024,1,14,7,DL,DCA,ATL,1000,547.0,-7.0,0
2024,4,6,6,WN,MCO,ATL,1830,404.0,14.0,0
2024,1,31,3,DL,BIL,MSP,625,748.0,-1.0,0
2024,3,24,7,DL,ATL,MCI,1920,692.0,-1.0,0
2024,8,19,1,9E,ATL,AEX,2129,500.0,-2.0,0
2024,3,29,5,B6,BOS,FLL,1557,1237.0,-4.0,0
2024,10,24,4,DL,ORD,SEA,1410,1721.0,-3.0,0
2024,11,30,6,DL,LAX,PDX,1358,834.0,6.0,0
2024,7,21,7,DL,PIT,ATL,1929,526.0,134.0,1
2024,6,27,4,OO,BRO,DFW,536,482.0,-9.0,0
2024,12,19,4,DL,LGA,TPA,705,1010.0,-1.0,0
2024,10,6,7,WN,LAS,SBA,2155,289.0,-7.0,0
2024,1,5,5,WN,DEN,DAL,2040,651.0,4.0,0
2024,4,13,6,MQ,DFW,BIS,1034,977.0,-7.0,0
2024,4,8,1,WN,RSW,MDW,920,1105.0,4.0,0
2024,11,19,2,UA,ORD,LGA,900,733.0,-6.0,0
2024,6,13,4,DL,SFO,SLC,1715,599.0,-1.0,0
2024,5,1,3,WN,SLC,SAN,1155,626.0,-6.0,0
2024,11,8,5,WN,SMF,SAN,900,480.0,-2.0,0
2024,5,17,5,9E,LGA,MSN,920,812.0,0.0,0
2024,5,10,5,WN,MSP,DEN,1855,680.0,33.0,0
2024,5,10,5,B6,BOS,BUF,1257,395.0,2.0,0
2024,11,5,2,WN,SAN,SMF,900,480.0,24.0,0
2024,12,8,7,WN,ELP,DAL,1825,562.0,-6.0,0
2024,3,26,2,OO,MSP,FWA,1958,488.0,100.0,1
2024,7,21,7,AA,DSM,DFW,500,624.0,-3.0,0
2024,3,27,3,WN,SAN,HOU,910,1313.0,2.0,0
2024,7,19,5,AS,SAN,GEG,1955,1027.0,-7.0,0
2024,8,21,3,WN,SMF,HNL,1100,2462.0,5.0,0
2024,9,18,3,AA,ORD,DFW,1854,802.0,0.0,0
2024,4,12,5,NK,ACY,MCO,1218,852.0,-5.0,0
2024,12,8,7,AA,LIT,DFW,1824,304.0,0.0,0
2024,8,17,6,OH,BTV,CLT,1925,761.0,3.0,0
2024,6,21,5,WN,BWI,STL,1730,738.0,-5.0,0
2024,3,9,6,DL,MOB,ATL,600,302.0,-9.0,0
2024,7,27,6,UA,IAD,RSW,900,891.0,1.0,0
2024,12,25,3,WN,ATL,PIT,1115,526.0,-1.0,0
2024,11,24,7,G4,FWA,PGD,1804,986.0,-9.0,0
2024,2,27,2,WN,PHX,ATL,1855,1587.0,0.0,0
2024,9,23,1,AA,PHX,ORD,1215,1440.0,-4.0,0
2024,9,3,2,UA,DEN,PIT,1355,1290.0,-6.0,0
2024,6,1,6,AA,SFO,CLT,706,2296.0,-5.0,0
2024,8,23,5,OO,LAX,TUS,1440,451.0,17.0,0
2024,9,11,3,YX,ORD,DLH,2007,397.0,26.0,0
2024,8,31,6,AS,BNA,PDX,1855,1973.0,-5.0,0
2024,2,20,2,WN,DTW,BWI,1340,409.0,3.0,0
2024,6,3,1,OO,ABQ,DEN,1805,349.0,-10.0,0
2024,7,8,1,AA,DFW,DEN,1640,641.0,8.0,0
2024,2,19,1,UA,DEN,PDX,1155,991.0,-6.0,0
2024,12,21,6,DL,SLC,SBA,1120,615.0,-3.0,0
2024,8,22,4,B6,BOS,SAT,720,1764.0,-2.0,0
2024,5,17,5,YX,BOS,BWI,1725,369.0,-4.0,0
2024,3,18,1,OO,DFW,SAF,1959,551.0,-2.0,0
2024,2,7,3,WN,PHX,OAK,1240,646.0,17.0,0
2024,3,5,2,AS,SEA,RSW,1330,2623.0,1.0,0
2024,7,21,7,OH,BUF,DCA,1214,296.0,6.0,0
2024,11,28,4,OO,DTW,MKE,1557,237.0,-5.0,0
2024,6,10,1,OO,PVD,ORD,1645,849.0,-7.0,0
2024,4,29,1,OO,RDM,SEA,1110,228.0,-4.0,0
2024,9,17,2,OO,ROA,ORD,1753,531.0,-10.0,0
2024,3,28,4,AA,RIC,CLT,629,257.0,-3.0,1
2024,10,15,2,UA,RAP,ORD,1345,779.0,-4.0,0
2024,12,27,5,DL,MSP,SMF,1831,1517.0,-5.0,0
2024,2,4,7,DL,JAX,ATL,830,270.0,-2.0,0
2024,4,3,3,AA,SAN,DFW,1045,1171.0,0.0,0
2024,9,25,3,WN,TPA,STL,1255,869.0,9.0,0
2024,3,14,4,AA,DFW,TUS,815,813.0,15.0,1
2024,10,10,4,DL,SNA,SEA,1850,978.0,2.0,0
2024,9,19,4,DL,DTW,EWR,1446,488.0,-4.0,0
2024,1,7,7,B6,MCO,EWR,1815,937.0,45.0,1
2024,6,8,6,F9,CVG,MCO,1903,757.0,-2.0,0
2024,7,15,1,OH,DFW,HOU,2236,247.0,-6.0,0
2024,10,21,1,YX,PHL,PIT,2119,268.0,-7.0,0
2024,4,13,6,9E,RDU,DCA,705,227.0,-4.0,0
2024,4,28,7,NK,MYR,FLL,850,529.0,-9.0,0
2024,5,14,2,DL,SLC,IAH,1355,1195.0,-4.0,0
2024,6,12,3,WN,MCO,BWI,930,787.0,-3.0,0
2024,8,20,2,AA,DCA,MIA,1001,919.0,-4.0,0
2024,4,19,5,NK,MIA,DTW,1541,1145.0,2.0,0
2024,7,9,2,DL,SLC,BOI,1110,290.0,-2.0,0
2024,8,22,4,OO,AVL,ORD,1733,536.0,-6.0,0
2024,11,21,4,MQ,ORD,EYW,809,1251.0,0.0,1
2024,5,9,4,DL,MSP,DEN,1840,680.0,25.0,0
2024,7,11,4,MQ,ORD,ICT,1512,588.0,5.0,0
2024,4,23,2,9E,ROC,JFK,1120,264.0,-3.0,0
2024,9,21,6,MQ,GGG,DFW,1407,140.0,-10.0,0
2024,6,8,6,AS,SEA,LIH,1026,2701.0,-5.0,0
2024,12,1,7,WN,HOU,HRL,900,277.0,-10.0,0
2024,11,25,1,YX,SDF,DCA,619,474.0,4.0,0
2024,8,30,5,WN,LAS,RNO,2150,345.0,42.0,1
2024,5,29,3,DL,SEA,IAD,2222,2306.0,-3.0,0
2024,1,20,6,YX,CMH,MIA,819,990.0,12.0,0
2024,3,7,4,WN,DCA,STL,1845,719.0,27.0,1
2024,7,3,3,AA,TUL,DFW,754,237.0,0.0,0
2024,11,12,2,DL,RSW,CVG,1311,879.0,-4.0,0
2024,10,22,2,WN,TUS,DAL,1415,824.0,-4.0,0
2024,3,12,2,OO,LNK,ORD,1518,466.0,-15.0,0
2024,6,14,5,DL,SAN,DTW,2205,1956.0,2.0,0
2024,5,27,1,YX,IAD,CMH,2220,299.0,50.0,1
2024,6,19,3,WN,SEA,MDW,1805,1733.0,63.0,1
2024,10,30,3,WN,BWI,MKE,1405,641.0,-7.0,0
2024,7,29,1,OO,BOI,SEA,2059,399.0,-7.0,0
2024,9,25,3,B6,PBI,LGA,1845,1035.0,88.0,1
2024,10,19,6,WN,STL,DTW,835,440.0,-3.0,0
2024,6,9,7,AA,CLT,BOS,710,728.0,-3.0,0
2024,3,29,5,UA,OMA,DEN,600,472.0,-5.0,0
2024,9,18,3,UA,SFO,DEN,1115,967.0,0.0,0
2024,10,7,1,WN,MDW,LAS,1905,1521.0,5.0,0
2024,5,16,4,AA,OKC,DFW,1640,175.0,342.0,1
2024,5,7,2,DL,STL,MSP,1737,448.0,-8.0,0
2024,6,6,4,DL,LAX,DEN,1520,862.0,-8.0,0
2024,3,1,5,OO,ACV,SFO,1630,250.0,63.0,1
2024,8,25,7,AA,ORD,DFW,1446,802.0,132.0,1
2024,3,30,6,OO,CVG,ORD,1407,264.0,-5.0,0
2024,1,21,7,AA,DFW,MCO,1845,985.0,15.0,0
2024,12,17,2,OO,SLC,RDM,1100,525.0,-8.0,0
2024,6,29,6,WN,CMH,RSW,650,930.0,-6.0,0
2024,10,31,4,AA,BNA,DFW,610,631.0,-6.0,1
2024,8,12,1,YX,BNA,DCA,1813,562.0,10.0,0
2024,9,7,6,DL,FAT,ATL,2230,1997.0,18.0,0
2024,3,14,4,YX,LGA,DCA,1145,214.0,28.0,0
2024,8,13,2,NK,SDF,MCO,743,719.0,-13.0,0
2024,3,22,5,AA,LGA,DFW,1800,1389.0,28.0,0
2024,6,29,6,UA,ORD,LGA,800,733.0,-7.0,0
2024,10,2,3,DL,BIL,MSP,625,748.0,-7.0,0
2024,4,27,6,UA,KOA,LAX,1310,2504.0,-9.0,0
2024,1,28,7,UA,SFO,DEN,500,967.0,-9.0,0
2024,11,15,5,DL,ATL,CLT,1521,226.0,-5.0,0
2024,8,7,3,DL,BUF,MSP,1924,735.0,-14.0,0
2024,9,16,1,WN,MSY,LGA,1230,1183.0,0.0,0
2024,12,12,4,G4,AZA,FAR,1425,1220.0,52.0,1
2024,2,27,2,UA,DCA,ORD,1030,612.0,-13.0,0
2024,10,24,4,AA,PHX,DCA,901,1979.0,8.0,0
2024,6,9,7,WN,BUR,SMF,825,358.0,-2.0,0
2024,2,5,1,OH,CLT,CAE,942,88.0,-6.0,0
2024,5,22,3,AA,CLT,MCO,1619,468.0,-2.0,0
2024,3,17,7,B6,FLL,EWR,2012,1065.0,32.0,0
2024,2,12,1,AA,OKC,DFW,1021,175.0,24.0,1
2024,6,23,7,DL,SLC,SMF,1135,532.0,18.0,0
2024,2,14,3,MQ,DFW,TLH,1438,767.0,-5.0,0
2024,10,30,3,DL,CLT,ATL,1625,226.0,-3.0,1
2024,9,30,1,WN,OMA,STL,620,342.0,-7.0,0
2024,2,18,7,AA,DCA,DFW,1256,1192.0,-3.0,0
2024,11,27,3,OO,DEN,BFF,1625,150.0,20.0,0
2024,1,8,1,UA,IAH,LGA,1630,1416.0,78.0,1
2024,10,8,2,9E,SHV,ATL,1839,551.0,-11.0,0
2024,11,25,1,NK,LAS,ATL,600,1747.0,37.0,1
2024,10,14,1,OO,SBN,ORD,630,84.0,-9.0,0
2024,12,24,2,AS,SEA,LAX,919,954.0,-9.0,0
2024,9,12,4,WN,DAL,SAT,1045,247.0,0.0,0
2024,8,13,2,WN,DEN,PDX,1205,991.0,-2.0,0
2024,9,19,4,AA,ATL,DFW,1834,731.0,57.0,1
2024,9,11,3,YX,BWI,BOS,837,369.0,-5.0,0
2024,2,5,1,UA,EWR,ORD,1300,719.0,14.0,0
2024,12,4,3,DL,CVG,ATL,1525,373.0,9.0,0
2024,4,3,3,AS,SEA,SNA,600,978.0,5.0,1
2024,11,5,2,WN,MDW,PHX,1730,1444.0,0.0,0
2024,11,2,6,DL,ATL,VPS,1432,250.0,-5.0,0
2024,3,18,1,DL,HSV,ATL,1853,151.0,-20.0,0
2024,1,1,1,AA,CLT,CVG,1625,335.0,-5.0,0
2024,12,26,4,DL,PDX,ATL,715,2172.0,-1.0,0
2024,4,1,1,NK,MSP,DTW,1143,528.0,-3.0,0
2024,3,24,7,B6,SJU,JFK,900,1598.0,433.0,1
2024,11,7,4,OO,BFL,SFO,615,238.0,-9.0,1
2024,1,20,6,AA,MSY,CLT,1829,651.0,9.0,0
2024,5,18,6,UA,ORD,SEA,2009,1721.0,6.0,0
2024,5,23,4,DL,AUS,SEA,600,1770.0,-9.0,0
2024,3,22,5,WN,BWI,SRQ,1645,880.0,-2.0,0
2024,10,25,5,B6,LAX,JFK,740,2475.0,-3.0,0
2024,1,1,1,DL,ATL,CLE,1755,554.0,-4.0,0
2024,2,25,7,OO,RAP,DEN,701,300.0,-4.0,0
2024,6,29,6,WN,MCO,SAT,745,1041.0,-1.0,0
2024,1,6,6,DL,HPN,PBI,1505,1056.0,10.0,0
2024,2,27,2,OO,TUS,SLC,1210,601.0,-10.0,0
2024,4,17,3,AA,RDU,CLT,511,130.0,-6.0,0
2024,1,2,2,UA,ORD,LAS,1315,1514.0,-10.0,0
2024,11,25,1,DL,MSP,DFW,705,852.0,0.0,0
2024,10,15,2,YX,BOS,PIT,1955,496.0,-11.0,0
2024,7,4,4,OO,PSP,SEA,808,987.0,4.0,0
2024,12,3,2,AS,PDX,LAX,1955,834.0,-1.0,0
2024,9,27,5,WN,MCI,MSY,1440,689.0,71.0,1
2024,1,13,6,NK,LAX,LAS,1903,236.0,-5.0,0
2024,7,29,1,OO,PDX,SEA,1521,129.0,9.0,1
2024,12,19,4,OO,OKC,SLC,1815,866.0,-4.0,0
2024,8,23,5,UA,DEN,OMA,1345,472.0,-3.0,0
2024,6,4,2,AA,STL,ORD,555,258.0,-10.0,0
2024,5,23,4,G4,DSM,SNA,730,1429.0,547.0,1
2024,4,9,2,B6,MCO,LGA,1449,950.0,10.0,0
2024,10,7,1,DL,CVG,DEN,859,1069.0,0.0,0
2024,12,2,1,DL,MCO,ATL,800,404.0,-1.0,1
2024,5,16,4,F9,PHL,TPA,930,920.0,132.0,1
2024,6,7,5,UA,DEN,SMF,1926,909.0,2.0,0
2024,2,15,4,WN,SRQ,BNA,1655,648.0,81.0,1
2024,9,10,2,OO,LAX,PHX,1405,370.0,-9.0,0
2024,11,21,4,MQ,OKC,DFW,1212,175.0,-8.0,0
2024,10,24,4,WN,DAL,LBB,830,293.0,-2.0,0
2024,12,14,6,WN,OAK,KOA,910,2378.0,0.0,0
2024,9,8,7,UA,TUS,DEN,1330,639.0,-10.0,0
2024,1,31,3,9E,DSM,DTW,620,533.0,-5.0,0
2024,10,20,7,AA,LGA,MIA,1830,1096.0,1.0,0
2024,6,19,3,UA,ORD,ATL,710,606.0,-6.0,0
2024,5,18,6,AA,DFW,LAS,905,1055.0,18.0,0
2024,6,10,1,AS,SEA,IAH,2359,1874.0,-11.0,1
2024,12,18,3,OH,DFW,STL,1115,550.0,-5.0,0
2024,8,25,7,WN,TPA,AUS,745,928.0,-5.0,0
2024,10,13,7,DL,JFK,SAN,1759,2446.0,-5.0,1
2024,6,29,6,AA,MIA,LGA,1658,1096.0,42.0,1
2024,4,28,7,WN,MDW,SDF,2150,271.0,-6.0,0
2024,3,26,2,AA,EGE,DFW,1118,721.0,-5.0,0
2024,8,4,7,MQ,RST,ORD,600,268.0,-11.0,0
2024,4,3,3,OO,SMF,LAX,923,373.0,-6.0,0
2024,5,5,7,WN,PDX,LGB,835,846.0,-6.0,0
2024,8,8,4,AA,BNA,DFW,502,631.0,-6.0,0
2024,6,12,3,WN,ALB,BWI,1805,289.0,1.0,0
2024,5,3,5,AS,SAN,SEA,1051,1050.0,-7.0,0
2024,2,24,6,DL,LAX,IAH,859,1379.0,13.0,0
2024,5,2,4,NK,CHS,LGA,1834,641.0,-7.0,0
2024,12,30,1,F9,MCO,ISP,515,971.0,-10.0,1
2024,6,6,4,WN,LAS,ABQ,1430,486.0,44.0,1
2024,12,4,3,DL,RIC,ATL,800,481.0,1.0,0
2024,11,4,1,UA,SFO,LAX,1255,337.0,0.0,0
2024,2,5,1,G4,GJT,LAS,1530,420.0,30.0,1
2024,7,2,2,UA,ORD,SEA,1330,1721.0,-2.0,0
2024,2,17,6,WN,DAL,RSW,910,1005.0,11.0,0
2024,4,11,4,HA,HNL,OGG,1605,100.0,2.0,0
2024,12,12,4,OO,SEA,BOI,1950,399.0,-7.0,0
2024,11,12,2,DL,MSP,DTW,1245,528.0,-3.0,0
2024,3,15,5,OO,MSP,FSD,1050,196.0,-2.0,0
2024,3,7,4,WN,RNO,DEN,505,804.0,-3.0,0
2024,3,31,7,OO,DEN,LAX,1309,862.0,-7.0,0
2024,9,11,3,AA,CLT,PVD,1632,683.0,-1.0,0
2024,12,9,1,AA,MSY,DFW,936,447.0,-6.0,0
2024,6,22,6,UA,IAH,SFO,1656,1635.0,8.0,0
2024,3,3,7,UA,LAS,EWR,800,2227.0,15.0,0
2024,6,4,2,DL,ATL,BHM,2125,134.0,2.0,0
2024,5,10,5,DL,SLC,DEN,1022,391.0,-7.0,0
2024,10,8,2,UA,SAT,ORD,700,1041.0,-10.0,0
2024,4,9,2,HA,HNL,LGB,1055,2569.0,6.0,0
2024,1,10,3,DL,ATL,VPS,1240,250.0,-3.0,0
2024,1,27,6,WN,PHX,AUS,1225,872.0,7.0,0
2024,8,29,4,YX,JFK,DCA,950,213.0,-5.0,0
2024,11,1,5,OO,TWF,SLC,630,175.0,-3.0,1
2024,1,22,1,AA,ATL,ORD,615,606.0,-5.0,0
2024,2,12,1,DL,ATL,SJU,940,1547.0,13.0,0
2024,11,6,3,WN,DEN,TUL,845,541.0,-2.0,1
2024,1,5,5,AA,EWR,PHX,1655,2133.0,-3.0,0
2024,10,31,4,UA,SJU,EWR,105,1608.0,-5.0,0
2024,11,12,2,OO,TUS,PHX,942,110.0,-10.0,0
2024,6,13,4,OO,CHA,ORD,700,501.0,-10.0,0
2024,7,7,7,WN,BLI,LAS,600,954.0,0.0,0
2024,4,11,4,DL,LGA,DTW,1507,502.0,6.0,0
2024,1,12,5,UA,EWR,SJU,755,1608.0,8.0,0
2024,11,12,2,UA,MSY,IAH,950,305.0,-7.0,0
2024,2,8,4,DL,MSN,MSP,600,228.0,-4.0,0
2024,7,26,5,AA,JAX,CLT,944,328.0,-9.0,0
2024,7,20,6,B6,JFK,BOS,800,187.0,11.0,0
2024,1,13,6,WN,DEN,MCI,605,533.0,22.0,1
2024,9,28,6,AA,PHX,SAN,742,304.0,-6.0,0
2024,2,12,1,DL,LAX,PDX,1715,834.0,-1.0,0
2024,2,3,6,AA,PHX,SBA,1539,455.0,86.0,1
2024,6,21,5,AA,CLT,VPS,1459,460.0,-5.0,0
2024,4,14,7,MQ,IAH,ORD,1643,925.0,1.0,0
2024,10,1,2,DL,SFO,BOS,715,2704.0,-3.0,0
2024,3,14,4,DL,ORD,LGA,600,733.0,-1.0,0
2024,2,8,4,WN,LGB,DEN,1450,854.0,11.0,0
2024,3,31,7,WN,BWI,PVD,1240,327.0,-3.0,0
2024,12,22,7,DL,ATL,BUR,1015,1941.0,10.0,0
2024,5,13,1,OH,BDL,DCA,1228,313.0,-11.0,0
2024,4,14,7,NK,LAX,BWI,2249,2329.0,-6.0,0
2024,4,19,5,AS,SEA,HNL,2046,2677.0,8.0,0
2024,12,21,6,F9,LAX,DFW,1108,1235.0,180.0,1
2024,4,21,7,WN,LAS,DEN,1155,628.0,28.0,1
2024,7,26,5,WN,MSY,LGA,1140,1183.0,25.0,0
2024,12,19,4,WN,LAS,RNO,1410,345.0,0.0,0
2024,5,13,1,WN,HNL,SJC,820,2417.0,0.0,0
2024,9,29,7,F9,CLE,LGA,1323,419.0,-3.0,1
2024,7,31,3,AA,LAS,DFW,800,1055.0,123.0,1
2024,4,5,5,DL,SJU,ATL,1851,1547.0,-6.0,0
2024,12,19,4,B6,JFK,MCO,959,944.0,44.0,1
2024,6,4,2,WN,LIH,HNL,615,102.0,0.0,0
2024,3,14,4,DL,IND,LAX,634,1814.0,6.0,0
2024,8,2,5,WN,MDW,PHX,1945,1444.0,26.0,0
2024,5,31,5,OO,SFO,BUR,1930,326.0,-4.0,0
2024,11,20,3,UA,GRR,ORD,1155,137.0,-15.0,0
2024,9,27,5,G4,MYR,LCK,1438,478.0,15.0,1
2024,10,25,5,WN,LAX,SJC,2055,308.0,34.0,1
2024,12,29,7,OO,DTW,CLE,1020,95.0,13.0,1
2024,5,12,7,AA,RDU,CLT,2043,130.0,65.0,1
2024,9,23,1,DL,ATL,SAN,1750,1892.0,0.0,0
2024,5,5,7,AA,LAX,DFW,1455,1235.0,-3.0,0
2024,6,5,3,UA,SJU,EWR,105,1608.0,-6.0,0
2024,5,18,6,WN,SMF,DEN,600,909.0,-1.0,0
2024,8,10,6,AA,TUL,DFW,1837,237.0,-10.0,1
2024,4,12,5,OO,IAH,LFT,1424,201.0,30.0,0
2024,7,11,4,OH,AVL,CLT,1441,91.0,7.0,1
2024,8,23,5,MQ,FSM,DFW,1607,227.0,122.0,1
2024,11,9,6,OH,CLT,MLB,1725,490.0,-6.0,0
2024,3,29,5,UA,LAS,IAH,1357,1222.0,45.0,1
2024,9,23,1,WN,DCA,HOU,1820,1218.0,-6.0,0
2024,7,5,5,UA,DEN,ORD,1924,888.0,12.0,0
2024,4,29,1,WN,HNL,OAK,1415,2409.0,-2.0,0
2024,1,24,3,DL,MSP,LGA,1310,1020.0,-12.0,0
2024,2,4,7,WN,LIT,DAL,1855,296.0,-2.0,0
2024,4,20,6,AA,CLT,PIT,715,366.0,-4.0,0
2024,6,2,7,OO,DEN,CPR,1325,230.0,25.0,1
2024,3,5,2,DL,ATL,DTW,2055,594.0,9.0,0
2024,2,15,4,WN,BWI,SRQ,1925,880.0,42.0,1
2024,9,15,7,B6,BUF,JFK,600,301.0,-3.0,0
2024,3,28,4,AS,DEN,SEA,2130,1024.0,-18.0,0
2024,4,19,5,NK,BOS,ORF,1226,468.0,-4.0,0
2024,3,2,6,YX,DCA,LGA,659,214.0,-5.0,0
2024,7,29,1,AA,CLT,CLE,1717,430.0,2.0,1
2024,3,15,5,G4,TYS,PGD,1305,624.0,65.0,1
2024,10,7,1,F9,ORD,SLC,1739,1250.0,-4.0,0
2024,6,25,2,YX,DCA,CMH,1659,323.0,129.0,1
2024,2,7,3,UA,ATL,IAH,1605,689.0,-5.0,0
2024,12,24,2,NK,LGA,FLL,1854,1076.0,23.0,0
2024,7,19,5,DL,JFK,PHX,1640,2153.0,35.0,1
2024,3,4,1,DL,BOI,ATL,1343,1838.0,6.0,0
2024,2,29,4,YX,LGA,GSP,1106,610.0,-10.0,0
2024,10,15,2,WN,RNO,LAS,1655,345.0,-2.0,0
2024,2,12,1,WN,BNA,SAT,2050,822.0,1.0,0
2024,11,18,1,NK,MCO,CMH,2131,802.0,1.0,0
2024,12,24,2,WN,OAK,ONT,1555,362.0,-8.0,0
2024,4,26,5,AA,CLT,ORD,1627,599.0,3.0,0
2024,10,3,4,OH,BTR,DFW,530,383.0,-10.0,0
2024,3,22,5,NK,DTW,MIA,2121,1145.0,10.0,1
2024,11,23,6,OO,DEN,ASE,1540,125.0,-4.0,0
2024,4,27,6,AA,DEN,MIA,815,1709.0,-4.0,0
2024,9,23,1,DL,SAT,MSP,1832,1097.0,21.0,0
2024,11,27,3,AA,ONT,DFW,1253,1188.0,-7.0,0
2024,10,30,3,WN,DAL,MAF,2030,319.0,-5.0,0
2024,3,10,7,G4,PIE,TOL,630,945.0,-3.0,0
2024,2,5,1,WN,CVG,BWI,710,430.0,-3.0,0
2024,11,23,6,B6,BOS,CHS,850,818.0,1.0,0
2024,11,30,6,F9,DEN,MIA,1819,1709.0,0.0,0
2024,1,5,5,WN,AUS,HOU,1550,148.0,3.0,0
2024,4,7,7,B6,JFK,SJU,1152,1598.0,-4.0,0
2024,3,25,1,WN,BNA,MIA,2050,806.0,28.0,1
2024,8,2,5,WN,LAS,SAN,830,258.0,-4.0,0
2024,7,6,6,DL,SAN,ATL,1105,1892.0,36.0,1
2024,5,28,2,AA,ORD,PBI,1209,1144.0,-1.0,0
2024,5,13,1,WN,DEN,MDW,1200,895.0,-3.0,0
2024,12,7,6,AA,MIA,CLT,1115,650.0,0.0,0
2024,3,21,4,WN,MDW,RDU,800,632.0,-7.0,0
2024,3,24,7,WN,MDW,BNA,1905,395.0,8.0,0
2024,3,10,7,F9,MCO,DFW,1419,985.0,90.0,1
2024,5,4,6,AA,STL,CLT,1642,575.0,186.0,1
2024,10,8,2,DL,ATL,SJU,1008,1547.0,6.0,0
2024,9,30,1,DL,GNV,ATL,1035,300.0,-5.0,0
2024,4,18,4,OO,XNA,IAH,645,438.0,-8.0,0
2024,1,8,1,OO,SLC,SJC,800,584.0,-2.0,0
2024,2,4,7,HA,HNL,KOA,1330,163.0,-2.0,0
2024,1,13,6,OO,ORD,DAY,1440,240.0,113.0,1
2024,3,13,3,AA,MIA,LAX,1700,2342.0,-3.0,0
2024,5,31,5,WN,PHX,DAL,500,879.0,-1.0,0
2024,9,28,6,UA,SFO,IAH,916,1635.0,-2.0,0
2024,12,6,5,B6,MCO,SJU,1930,1189.0,19.0,0
2024,8,7,3,DL,DFW,LGA,600,1389.0,-4.0,0
2024,8,20,2,WN,BHM,LAS,1205,1618.0,-4.0,0
2024,9,20,5,UA,BOS,EWR,730,200.0,-8.0,0
2024,2,24,6,NK,SNA,LAS,1445,226.0,297.0,1
2024,9,26,4,UA,CLT,EWR,1120,529.0,16.0,1
2024,4,14,7,AA,MCO,CLT,1036,468.0,-7.0,0
2024,5,30,4,9E,LGA,ROC,1050,254.0,-7.0,0
2024,4,16,2,DL,TPA,MSP,1215,1306.0,-9.0,0
2024,6,6,4,NK,LAS,IND,2253,1590.0,54.0,1
2024,1,1,1,WN,FAT,LAS,1125,259.0,-7.0,0
2024,5,20,1,DL,DTW,RSW,1230,1084.0,-1.0,0
2024,2,11,7,DL,JFK,MIA,1955,1089.0,-10.0,0
2024,11,15,5,OO,DEN,LBL,1624,280.0,-10.0,0
2024,11,7,4,9E,LGA,CLT,1635,544.0,4.0,0
2024,3,21,4,UA,ORD,TPA,610,1012.0,-7.0,0
2024,4,4,4,WN,LAX,BWI,1220,2329.0,99.0,1
2024,3,6,3,WN,ORD,BNA,545,409.0,-5.0,0
2024,3,7,4,WN,KOA,OAK,1030,2378.0,-4.0,0
2024,12,9,1,HA,HNL,ITO,1830,216.0,2.0,0
2024,4,13,6,AA,SRQ,CLT,1012,547.0,8.0,0
2024,3,31,7,YX,DTW,CMH,1225,155.0,-4.0,0
2024,12,12,4,WN,PIT,DEN,840,1290.0,3.0,1
2024,6,13,4,UA,IAH,SEA,2000,1874.0,32.0,1
2024,8,5,1,UA,SDF,DEN,915,1024.0,-1.0,0
2024,5,19,7,YX,EWR,IND,1017,645.0,-2.0,0
2024,1,23,2,DL,SAN,ATL,630,1892.0,11.0,0
2024,2,16,5,DL,ATL,CLE,2249,554.0,-1.0,0
2024,8,25,7,OO,LBL,DEN,1220,280.0,-14.0,0
2024,4,23,2,AA,PHX,LAS,1400,255.0,185.0,1
2024,5,31,5,AA,PHX,AUS,830,872.0,-5.0,0
2024,3,6,3,OO,OKC,PHX,1411,833.0,-7.0,0
2024,11,24,7,UA,LAS,EWR,1235,2227.0,7.0,0
2024,12,6,5,AS,RDU,SEA,1852,2354.0,8.0,0
2024,11,24,7,WN,SDF,ATL,805,321.0,-7.0,0
2024,9,10,2,AA,JAC,DFW,1248,1047.0,-6.0,0
2024,1,7,7,OH,MHT,DCA,1227,406.0,-1.0,1
2024,9,6,5,OO,LAX,TUS,1730,451.0,-10.0,0
2024,9,20,5,UA,DEN,SAT,1745,794.0,-2.0,0
2024,9,11,3,DL,BOS,ATL,1710,946.0,7.0,0
2024,11,15,5,WN,MCO,MSY,1805,551.0,-9.0,0
2024,7,28,7,AS,SEA,FAI,735,1533.0,-6.0,0
2024,5,14,2,OO,AUS,MFE,1030,279.0,2.0,0
2024,3,6,3,WN,HOU,MIA,1345,955.0,-3.0,0
2024,12,16,1,WN,MDW,JAX,1235,849.0,-6.0,0
2024,3,14,4,HA,HNL,LGB,1055,2569.0,-1.0,0
2024,6,8,6,B6,LGA,ATL,654,762.0,40.0,1
2024,5,3,5,B6,LAX,JFK,1200,2475.0,-6.0,0
2024,8,5,1,OO,DEN,SGF,956,637.0,11.0,0
2024,9,11,3,OO,SGF,ORD,1120,438.0,-10.0,0
2024,3,23,6,OO,PHX,BUR,1425,369.0,-4.0,0
2024,11,26,2,UA,DEN,LAX,1130,862.0,-1.0,0
2024,12,16,1,WN,SAT,DEN,1845,794.0,4.0,0
2024,7,31,3,WN,MDW,BOS,750,861.0,-5.0,0
2024,8,30,5,WN,LAS,IND,1730,1590.0,118.0,1
2024,1,12,5,DL,PBI,LGA,1955,1035.0,59.0,1
2024,9,27,5,B6,MCO,BUF,1145,1011.0,-4.0,0
2024,12,3,2,MQ,CMH,DCA,610,323.0,-4.0,0
2024,7,26,5,MQ,XNA,DFW,800,280.0,-10.0,1
2024,7,10,3,DL,LGA,ATL,1059,762.0,0.0,0
2024,9,24,2,DL,LGA,TPA,1927,1010.0,-4.0,0
2024,11,25,1,UA,IAH,ORD,720,925.0,-5.0,0
2024,9,23,1,OH,LFT,DFW,1720,351.0,386.0,1
2024,10,1,2,OO,IND,DTW,1034,231.0,-9.0,0
2024,4,12,5,HA,HNL,LAS,1515,2762.0,10.0,0
2024,1,11,4,AA,MIA,PHX,2110,1972.0,19.0,1
2024,7,28,7,OO,MSP,FSD,1800,196.0,31.0,1
2024,10,10,4,UA,SFO,LAS,2244,414.0,43.0,1
2024,4,4,4,OH,CLT,TYS,1101,177.0,-2.0,1
2024,4,20,6,AA,CLT,ORF,1102,290.0,-8.0,0
2024,2,5,1,MQ,MAF,DFW,1022,309.0,-6.0,0
2024,4,3,3,OO,SLC,HLN,1100,402.0,-7.0,0
2024,7,8,1,UA,BWI,DEN,1005,1491.0,-4.0,0
2024,10,30,3,YX,TUL,DCA,1738,1049.0,-5.0,0
2024,8,26,1,UA,ORD,DEN,1430,888.0,4.0,0
2024,4,27,6,B6,JAX,BOS,1151,1010.0,-16.0,0
2024,2,14,3,UA,IAH,MCO,720,854.0,-4.0,0
2024,3,30,6,OO,YUM,PHX,642,160.0,433.0,1
2024,5,13,1,WN,SAN,SMF,830,480.0,-4.0,0
2024,1,10,3,AS,SEA,LAS,1055,867.0,-7.0,0
2024,8,29,4,OO,BJI,MSP,644,199.0,-6.0,0
2024,10,20,7,AA,DFW,SEA,1225,1660.0,-6.0,0
2024,12,1,7,UA,SFO,LAX,1940,337.0,5.0,0
2024,8,16,5,OH,CLT,MLB,1534,490.0,-5.0,0
2024,5,2,4,9E,AUS,CVG,959,958.0,-3.0,0
2024,11,12,2,OO,AZO,DTW,630,113.0,-2.0,0
2024,12,1,7,WN,TPA,DEN,1010,1506.0,12.0,1
2024,3,1,5,F9,LAS,SAN,1739,258.0,18.0,1
2024,7,19,5,AS,STL,SEA,700,1709.0,20.0,1
2024,9,25,3,DL,BTR,ATL,1700,448.0,163.0,1
2024,5,11,6,AA,CLT,TPA,2018,507.0,55.0,1
2024,6,27,4,AA,SJU,PHL,600,1576.0,-7.0,0
2024,11,12,2,WN,PHX,SLC,1555,507.0,2.0,0
2024,9,12,4,AA,DFW,SFO,2105,1464.0,24.0,1
2024,2,16,5,AA,CLT,TPA,809,507.0,-5.0,0
2024,11,19,2,9E,ATL,VLD,1100,208.0,-5.0,0
2024,4,17,3,WN,RSW,BWI,645,919.0,87.0,1
2024,6,25,2,WN,BNA,AUS,620,756.0,-4.0,0
2024,5,15,3,WN,LAX,PHX,930,370.0,-2.0,0
2024,7,8,1,OH,CLT,BTV,1630,761.0,20.0,0
2024,9,7,6,HA,HNL,KOA,900,163.0,-6.0,0
2024,10,12,6,MQ,MLI,DFW,1545,691.0,-4.0,0
2024,6,8,6,NK,ATL,DFW,1939,731.0,4.0,0
2024,4,16,2,NK,TPA,BOS,914,1185.0,-3.0,0
2024,12,30,1,WN,MDW,LAS,540,1521.0,-1.0,0
2024,6,26,3,AA,DFW,PNS,1430,604.0,-4.0,1
2024,7,17,3,UA,AUS,ORD,702,977.0,-11.0,0
2024,3,7,4,WN,MSP,AUS,1130,1042.0,-7.0,0
2024,4,29,1,G4,MYR,PIT,1451,475.0,-14.0,0
2024,11,12,2,WN,BWI,TPA,625,842.0,-4.0,0
2024,10,17,4,WN,DAL,SAT,740,247.0,-2.0,0
2024,9,17,2,DL,ATL,GPT,1755,352.0,-7.0,0
2024,7,15,1,DL,SRQ,ATL,600,444.0,1.0,0
2024,4,6,6,DL,LAS,DTW,1538,1749.0,130.0,1
2024,8,6,2,AA,STL,DFW,829,550.0,-4.0,0
2024,11,15,5,AA,CLT,BWI,1120,361.0,5.0,0
2024,10,9,3,WN,MDW,DCA,1130,601.0,0.0,0
2024,6,1,6,AA,CLT,SDF,1808,335.0,95.0,1
2024,12,26,4,AA,DFW,TYS,2111,772.0,117.0,1
2024,10,29,2,UA,SAN,SFO,1715,447.0,-11.0,0
2024,11,20,3,DL,ATL,CLE,1949,554.0,-2.0,0
2024,2,21,3,UA,DEN,IAH,500,862.0,-4.0,0
2024,10,22,2,HA,OGG,HNL,1020,100.0,1.0,0
2024,11,13,3,MQ,JAX,ORD,1600,864.0,-11.0,0
2024,5,16,4,B6,RNO,LAX,919,391.0,-7.0,0
2024,10,7,1,DL,LAX,PDX,1725,834.0,4.0,0
2024,4,7,7,OO,PDX,SJC,1620,569.0,-9.0,0
2024,12,22,7,AA,DFW,PHX,1219,868.0,-7.0,0
2024,1,19,5,WN,DCA,DAL,655,1184.0,155.0,1
2024,1,3,3,OO,SFO,PHX,1620,651.0,12.0,0
2024,10,27,7,DL,RSW,MSP,1432,1416.0,-10.0,0
2024,4,20,6,NK,ATL,IAH,605,689.0,-2.0,0
2024,2,18,7,AA,CLT,MSY,1113,651.0,1.0,0
2024,1,10,3,WN,DCA,STL,1400,719.0,-10.0,0
2024,1,21,7,WN,BUR,LAS,1440,223.0,2.0,0
2024,7,10,3,DL,LAX,DFW,814,1235.0,-12.0,0
2024,8,28,3,NK,EWR,MCO,2205,937.0,45.0,1
2024,6,3,1,WN,HOU,MSY,1820,302.0,44.0,1
2024,2,25,7,HA,LIH,HNL,1909,102.0,10.0,1
2024,1,6,6,NK,FLL,LGA,1607,1076.0,21.0,1
2024,2,15,4,DL,TPA,BOS,1150,1185.0,-3.0,0
2024,7,1,1,F9,ATL,MIA,1342,594.0,15.0,0
2024,7,10,3,WN,MAF,HOU,1105,441.0,4.0,0
2024,1,13,6,DL,AUS,ATL,1500,813.0,6.0,0
2024,9,14,6,DL,SRQ,ATL,1952,444.0,-20.0,0
2024,1,11,4,AA,RDU,DFW,1920,1061.0,8.0,0
2024,2,27,2,MQ,BNA,TPA,1646,612.0,-5.0,0
2024,4,5,5,AA,PHX,EWR,1532,2133.0,120.0,1
2024,6,10,1,WN,LIT,DEN,1720,771.0,55.0,1
2024,3,22,5,WN,RSW,BWI,850,919.0,11.0,0
2024,5,3,5,G4,SRQ,BOS,701,1220.0,-3.0,0
2024,3,15,5,UA,PIT,DEN,1618,1290.0,5.0,0
2024,10,17,4,B6,BOS,SJU,1125,1674.0,7.0,1
2024,7,12,5,WN,ORD,LAS,1510,1514.0,43.0,1
2024,8,8,4,UA,KOA,LAX,2237,2504.0,-3.0,0
2024,3,14,4,WN,PDX,LAS,1415,763.0,65.0,1
2024,3,14,4,NK,ATL,IAH,925,689.0,-7.0,0
2024,5,5,7,UA,GRR,ORD,730,137.0,39.0,1
2024,4,9,2,AA,MIA,OKC,2120,1222.0,80.0,1
2024,8,19,1,WN,SEA,LAS,1515,867.0,2.0,0
2024,9,9,1,AA,ORF,CLT,2013,290.0,28.0,1
2024,7,10,3,DL,MCO,DCA,1936,759.0,14.0,1
2024,6,4,2,WN,LGB,DEN,1055,854.0,0.0,0
2024,5,3,5,9E,MKE,LGA,1041,738.0,-7.0,0
2024,11,18,1,DL,ATL,MEM,2120,332.0,-10.0,0
2024,2,15,4,AA,BUF,CLT,625,546.0,7.0,0
2024,6,27,4,OH,ALB,CLT,1936,646.0,-9.0,0
2024,3,15,5,AA,ORD,AUS,1310,977.0,15.0,0
2024,6,28,5,WN,BHM,MDW,1640,570.0,19.0,0
2024,3,27,3,9E,CWA,MSP,1626,175.0,0.0,0
2024,1,26,5,9E,LGA,BTV,2145,258.0,653.0,1
2024,3,27,3,G4,PIE,TYS,1725,550.0,147.0,1
2024,2,29,4,AA,DFW,MEM,829,431.0,0.0,0
2024,5,27,1,WN,DEN,STL,1240,770.0,2.0,0
2024,5,19,7,NK,LGA,MCO,1059,950.0,10.0,0
2024,3,28,4,OO,MFR,SEA,1727,352.0,-6.0,0
2024,10,30,3,MQ,MIA,TYS,2144,724.0,-8.0,0
2024,1,20,6,9E,HSV,ATL,1203,151.0,-11.0,0
2024,12,6,5,9E,LGA,CLT,1720,544.0,108.0,1
2024,4,14,7,UA,HNL,SFO,700,2398.0,-2.0,0
2024,6,29,6,WN,MDW,SFO,1855,1855.0,20.0,0
2024,7,9,2,AA,PDX,MIA,2150,2700.0,-1.0,0
2024,10,23,3,OO,LGA,MKE,1029,738.0,-4.0,0
2024,10,12,6,WN,DAL,MCI,1535,461.0,1.0,0
2024,6,10,1,WN,DAL,TUL,2105,238.0,23.0,0
2024,7,1,1,B6,MIA,BOS,1240,1258.0,116.0,1
2024,8,27,2,AS,SEA,SFO,1430,679.0,-5.0,0
2024,7,5,5,WN,TPA,DAL,1940,917.0,34.0,1
2024,12,23,1,YX,CLT,BOS,1450,728.0,-7.0,0
2024,8,22,4,G4,VPS,BLV,1706,587.0,0.0,0
2024,11,27,3,B6,BOS,LAS,800,2381.0,-5.0,0
2024,8,31,6,DL,TPA,ATL,1612,406.0,-3.0,0
2024,2,16,5,WN,SAV,BWI,835,549.0,-3.0,0
2024,11,6,3,DL,CMH,ATL,1255,447.0,-3.0,0
2024,7,4,4,NK,DFW,BNA,1225,631.0,-7.0,0
2024,8,29,4,DL,ATL,PVD,1510,903.0,138.0,1
2024,9,25,3,WN,BWI,MCI,1805,967.0,-6.0,0
2024,1,31,3,OO,RDM,LAX,1940,726.0,-10.0,0
2024,3,6,3,OH,ABE,CLT,619,481.0,-10.0,0
2024,6,26,3,DL,SEA,SAN,1535,1050.0,2.0,0
2024,5,19,7,AS,SEA,DAL,735,1670.0,-3.0,0
2024,12,16,1,DL,IAH,ATL,705,689.0,3.0,0
2024,10,24,4,DL,SEA,KOA,1355,2688.0,-4.0,0
2024,3,19,2,WN,LAS,ICT,1210,986.0,17.0,1
2024,9,28,6,AS,EUG,SEA,800,234.0,2.0,0
2024,9,3,2,AA,BNA,MIA,1054,806.0,12.0,1
2024,2,25,7,9E,ATL,ABE,2110,692.0,-8.0,0
2024,4,10,3,9E,JFK,SAV,800,718.0,-6.0,0
2024,5,18,6,WN,SAN,SJC,1225,417.0,-6.0,0
2024,1,16,2,AA,LAS,ORD,1201,1514.0,-6.0,0
2024,6,27,4,OO,DEN,SLC,1900,391.0,0.0,0
2024,5,1,3,WN,SMF,SAN,1500,480.0,19.0,0
2024,6,10,1,WN,DEN,SEA,600,1024.0,-6.0,0
2024,4,29,1,WN,TPA,CMH,630,829.0,-3.0,0
2024,2,10,6,AA,MIA,OMA,2100,1393.0,-4.0,0
2024,10,15,2,AA,CLT,SAN,2042,2077.0,513.0,1
2024,6,22,6,NK,LGA,FLL,630,1076.0,16.0,0
2024,5,20,1,AA,CLT,MEM,1716,511.0,-1.0,0
2024,3,12,2,DL,SEA,ANC,1147,1448.0,-1.0,0
2024,7,19,5,AS,SFO,HNL,1759,2398.0,-7.0,0
2024,11,14,4,AS,SEA,PHX,1559,1107.0,-7.0,0
2024,6,10,1,OO,LAX,SFO,2210,337.0,-6.0,0
2024,7,17,3,B6,SFO,JFK,600,2586.0,-6.0,0
2024,11,3,7,WN,BNA,BWI,1720,587.0,5.0,0
2024,2,24,6,OO,SLC,PSC,1105,521.0,-1.0,0
2024,7,5,5,UA,SAN,ORD,1049,1723.0,15.0,0
2024,5,19,7,G4,BNA,RFD,859,438.0,-9.0,0
2024,10,11,5,OO,ACV,SFO,1845,250.0,-8.0,0
2024,9,14,6,WN,ABQ,PHX,720,328.0,0.0,0
2024,5,10,5,OO,DEN,DIK,2041,488.0,-8.0,0
2024,2,13,2,DL,ATL,SLC,1925,1590.0,-3.0,0
2024,10,17,4,F9,SLC,DEN,600,391.0,-7.0,0
2024,8,6,2,WN,LGB,SJC,1255,324.0,-3.0,0
2024,12,9,1,B6,BUF,JFK,1942,301.0,13.0,0
2024,4,22,1,OO,SFO,SBA,1654,262.0,-4.0,0
2024,10,8,2,UA,ATL,EWR,1634,746.0,0.0,0
2024,6,4,2,WN,SJC,PHX,2100,621.0,-1.0,0
2024,3,3,7,F9,PBI,PHL,1810,951.0,33.0,1
2024,6,20,4,OO,ORD,CMH,730,296.0,72.0,1
2024,11,29,5,UA,DFW,SFO,1949,1464.0,155.0,1
2024,6,14,5,OO,MAF,IAH,1409,429.0,-9.0,0
2024,10,16,3,AA,ORD,LAS,1210,1514.0,10.0,0
2024,3,4,1,UA,RSW,ORD,1103,1120.0,-2.0,0
2024,3,1,5,WN,BWI,MEM,1605,787.0,-2.0,0
2024,6,22,6,NK,PHL,MCO,617,861.0,199.0,1
2024,4,13,6,G4,SFB,PBG,735,1175.0,-9.0,0
2024,5,25,6,YX,ILM,LGA,1508,500.0,-9.0,0
2024,10,20,7,OO,SBP,SFO,1600,190.0,-11.0,0
2024,3,29,5,WN,BNA,AUS,1220,756.0,10.0,0
2024,4,30,2,WN,MDW,AUS,1205,972.0,-5.0,0
2024,9,29,7,WN,ATL,RIC,1150,481.0,23.0,1
2024,3,19,2,F9,TTN,MCO,1905,896.0,-12.0,0
2024,2,4,7,AA,PHL,LAX,1839,2402.0,0.0,1
2024,2,8,4,OO,LGA,MEM,900,963.0,-1.0,0
2024,4,17,3,WN,HNL,LAS,900,2762.0,0.0,0
2024,10,7,1,UA,LAS,SFO,800,414.0,-13.0,1
2024,8,27,2,OO,RAP,MSP,1622,489.0,12.0,0
2024,7,23,2,OO,DTW,CLE,845,95.0,15.0,0
2024,7,21,7,UA,IAD,DEN,1610,1452.0,2.0,0
2024,11,28,4,DL,SAV,ATL,838,214.0,1.0,0
2024,6,19,3,UA,BOS,DEN,2040,1754.0,23.0,0
2024,4,10,3,DL,MSP,RSW,1525,1416.0,-6.0,0
2024,3,1,5,WN,SAT,DAL,2040,247.0,-7.0,0
2024,10,29,2,B6,LAX,JFK,2139,2475.0,-4.0,0
2024,10,26,6,F9,DEN,LAX,600,862.0,-1.0,0
2024,10,14,1,NK,FLL,MYR,805,529.0,-3.0,0
2024,8,12,1,WN,BWI,PBI,1910,883.0,-1.0,0
2024,7,18,4,YX,CMH,DCA,1236,323.0,-8.0,0
2024,3,29,5,WN,LAS,SAT,525,1069.0,-3.0,0
2024,5,9,4,AA,DFW,AUS,1130,190.0,73.0,1
2024,5,9,4,OO,MSP,HIB,1729,174.0,-7.0,0
2024,7,9,2,MQ,DFW,PIA,1920,672.0,-4.0,0
2024,12,28,6,WN,MDW,DTW,935,228.0,-4.0,0
2024,6,11,2,OH,PHL,PVD,1040,237.0,-3.0,0
2024,9,14,6,WN,PHX,DEN,1730,602.0,10.0,0
2024,6,13,4,UA,DEN,SFO,1728,967.0,123.0,1
2024,6,5,3,UA,RNO,DEN,905,804.0,32.0,1
2024,8,8,4,DL,MSP,SAN,855,1532.0,30.0,1
2024,3,6,3,WN,DAL,MCO,810,973.0,-4.0,0
2024,6,12,3,YX,LGA,BNA,730,764.0,-5.0,0
2024,7,18,4,NK,BOS,MCO,1839,1121.0,203.0,1
2024,10,22,2,UA,RDU,ORD,1150,646.0,0.0,0
2024,9,1,7,AA,LGA,MIA,1700,1096.0,72.0,1
2024,4,3,3,AA,MIA,SMF,1930,2552.0,-3.0,0
2024,6,4,2,AS,SEA,PSP,706,987.0,-8.0,0
2024,4,23,2,9E,LGA,DSM,1055,1031.0,-9.0,0
2024,2,11,7,UA,DEN,FLL,1355,1703.0,-5.0,0
2024,4,25,4,AA,LAX,MIA,2359,2342.0,4.0,0
2024,1,24,3,DL,ECP,ATL,600,240.0,-5.0,0
2024,4,13,6,WN,SAT,DEN,610,794.0,5.0,0
2024,5,4,6,UA,BOS,DEN,730,1754.0,-3.0,0
2024,2,12,1,G4,BNA,FSD,930,741.0,126.0,1
2024,10,19,6,UA,RSW,IAH,1715,861.0,33.0,1
2024,8,27,2,OO,MSP,RAP,1015,489.0,-2.0,0
2024,9,15,7,DL,ATL,RSW,1050,515.0,-5.0,0
2024,5,15,3,9E,ATL,OAJ,1100,399.0,-3.0,0
2024,9,21,6,YX,JFK,ORD,806,740.0,30.0,0
2024,5,7,2,AA,DFW,BOS,703,1562.0,1.0,0
2024,2,15,4,OH,CLT,LEX,1817,281.0,6.0,0
2024,3,19,2,WN,TPA,IND,1535,837.0,9.0,0
2024,11,7,4,UA,DEN,LAX,1740,862.0,45.0,1
2024,8,19,1,WN,LAS,LGB,1430,231.0,29.0,1
2024,9,12,4,OO,BFL,DEN,525,845.0,-5.0,0
2024,7,9,2,OH,CLT,GSP,1126,75.0,25.0,1
2024,10,4,5,DL,ATL,OMA,1624,821.0,-8.0,0
2024,10,1,2,DL,LAX,SAT,830,1211.0,-8.0,0
2024,11,17,7,DL,LGA,ORD,1635,733.0,94.0,1
2024,4,13,6,DL,MIA,SLC,1825,2088.0,55.0,1
2024,12,14,6,WN,OAK,LAS,900,407.0,15.0,0
2024,6,15,6,OO,ORD,DAY,1055,240.0,-6.0,0
2024,5,26,7,WN,OAK,PSP,825,418.0,-6.0,0
2024,4,22,1,DL,LAS,JFK,935,2248.0,-3.0,0
2024,7,1,1,UA,SAN,IAH,745,1303.0,-3.0,0
2024,10,10,4,WN,DEN,BNA,2140,1014.0,10.0,0
2024,6,28,5,MQ,ORD,GSP,1428,577.0,-1.0,0
2024,4,23,2,9E,ATL,SHV,2200,551.0,-9.0,0
2024,7,31,3,OH,PHL,PVD,1921,237.0,-8.0,0
2024,6,3,1,UA,EWR,ORD,2140,719.0,-8.0,0
2024,1,26,5,OO,HIB,MSP,1051,174.0,-9.0,0
2024,6,6,4,WN,PDX,SMF,645,479.0,-6.0,0
2024,7,21,7,OO,SLC,BZN,1758,347.0,39.0,1
2024,10,30,3,WN,ECP,BNA,1040,401.0,-4.0,0
2024,2,27,2,WN,PDX,MDW,755,1751.0,-5.0,0
2024,2,25,7,AA,TPA,PHL,700,920.0,-5.0,0
2024,11,20,3,MQ,CID,ORD,1530,196.0,49.0,1
2024,11,26,2,AA,CLT,MCO,2015,468.0,76.0,1
2024,6,4,2,WN,PHX,ATL,530,1587.0,-1.0,0
2024,1,23,2,UA,FLL,CLE,1205,1062.0,-11.0,0
2024,10,15,2,UA,MSY,IAH,951,305.0,-8.0,0
2024,6,30,7,B6,ALB,MCO,1658,1073.0,11.0,1
2024,9,14,6,AA,DFW,ORD,2059,802.0,41.0,0
2024,2,23,5,YX,ORD,IND,1315,177.0,-6.0,0
2024,7,21,7,WN,DEN,RIC,1205,1482.0,21.0,1
2024,1,16,2,YX,DCA,BOS,850,399.0,0.0,1
2024,4,4,4,OO,ORD,LIT,845,552.0,13.0,0
2024,1,28,7,AA,LAX,DFW,1459,1235.0,99.0,1
2024,8,8,4,NK,PHL,MYR,1946,473.0,106.0,1
2024,8,9,5,UA,EWR,LAS,607,2227.0,6.0,0
2024,6,7,5,NK,MIA,DFW,1348,1121.0,-8.0,0
2024,1,10,3,UA,SAN,ORD,1420,1723.0,25.0,0
2024,3,23,6,NK,EWR,MCO,1850,937.0,-1.0,0
2024,9,8,7,AS,LAS,SEA,1400,867.0,3.0,0
2024,11,17,7,YX,LGA,TYS,1839,647.0,-15.0,0
2024,6,3,1,DL,DTW,PHL,1545,453.0,-1.0,0
2024,9,27,5,WN,SJC,SLC,1410,584.0,11.0,0
2024,12,4,3,UA,SFO,BUR,1621,326.0,-6.0,0
2024,1,4,4,YX,IAD,PVD,1745,371.0,8.0,0
2024,9,21,6,AA,CLT,RIC,1600,257.0,5.0,0
2024,8,21,3,OO,RDM,SEA,510,228.0,-4.0,0
2024,3,26,2,WN,TPA,MKE,610,1075.0,1.0,0
2024,4,27,6,AA,CLT,ORD,1310,599.0,-4.0,0
2024,5,16,4,OO,ATW,ORD,640,160.0,-10.0,0
2024,1,1,1,UA,PHL,ORD,1833,678.0,-3.0,0
2024,9,19,4,F9,ATL,TPA,2028,406.0,178.0,1
2024,1,23,2,AA,TUL,DFW,1646,237.0,37.0,1
2024,12,19,4,WN,BUR,SMF,1730,358.0,-2.0,0
2024,9,20,5,OO,SLC,TUS,935,601.0,-2.0,0
2024,9,18,3,AS,SEA,SNA,1350,978.0,-8.0,0
2024,1,3,3,NK,ORD,RSW,950,1120.0,34.0,1
2024,5,11,6,MQ,BOS,ORD,1530,867.0,-3.0,0
2024,9,6,5,DL,SLC,CLT,1143,1727.0,-7.0,0
2024,1,2,2,AA,MCI,ORD,600,403.0,-2.0,0
2024,11,4,1,DL,SAN,MSP,1159,1532.0,-6.0,0
2024,3,23,6,AA,CLT,ATL,2042,226.0,186.0,1
2024,3,23,6,AA,LAX,BNA,1006,1797.0,-5.0,0
2024,12,12,4,UA,IAH,PHX,1000,1009.0,-1.0,0
2024,9,20,5,WN,OAK,LAS,1735,407.0,84.0,1
2024,12,29,7,AA,BFL,DFW,526,1271.0,286.0,1
2024,3,28,4,DL,ECP,ATL,600,240.0,-5.0,0
2024,10,22,2,AA,CLT,JAX,1129,328.0,-4.0,0
2024,1,28,7,WN,SAN,LAS,2130,258.0,-9.0,0
2024,9,23,1,WN,MCO,MSY,1310,551.0,0.0,0
2024,3,4,1,WN,LAS,BUR,1855,223.0,-6.0,0
2024,11,27,3,AA,DFW,JAC,1015,1047.0,-3.0,0
2024,2,19,1,NK,CLT,ORD,945,599.0,-6.0,0
2024,11,21,4,UA,EWR,MCO,700,937.0,-9.0,0
2024,3,11,1,WN,HOU,PIT,1700,1131.0,-2.0,0
2024,8,9,5,WN,SMF,PHX,1235,647.0,3.0,0
2024,1,3,3,UA,BNA,SFO,1842,1969.0,12.0,0
2024,10,1,2,OH,CLT,CRW,906,221.0,8.0,1
2024,6,4,2,HA,KOA,HNL,1705,163.0,-8.0,0
2024,7,27,6,F9,MDW,SFO,1608,1855.0,-3.0,0
2024,7,14,7,NK,DFW,LAS,1210,1055.0,7.0,0
2024,4,19,5,OO,MGM,ATL,1759,147.0,-10.0,0
2024,4,23,2,WN,IND,DAL,1820,755.0,-1.0,0
2024,9,13,5,WN,SAN,DEN,1040,853.0,5.0,0
2024,9,10,2,WN,STL,BOS,1335,1047.0,0.0,0
2024,6,29,6,WN,DCA,MDW,1815,601.0,18.0,0
2024,5,17,5,AA,PHX,DFW,1810,868.0,13.0,0
2024,5,28,2,UA,EWR,LAX,2000,2454.0,2.0,0
2024,10,1,2,DL,DTW,SLC,1740,1481.0,103.0,1
2024,1,29,1,UA,DEN,JAC,745,406.0,-4.0,0
2024,12,7,6,AA,DFW,MFE,737,469.0,-3.0,0
2024,8,12,1,YX,BOS,CLT,745,728.0,-8.0,0
2024,2,16,5,AA,RSW,ORD,1142,1120.0,-8.0,0
2024,5,19,7,WN,MDW,CLT,2115,584.0,38.0,1
2024,12,2,1,WN,PHX,DAL,705,879.0,-1.0,0
2024,10,24,4,DL,JFK,PBI,1545,1028.0,-5.0,0
2024,10,17,4,OO,DTW,IAD,2135,383.0,-3.0,0
2024,9,28,6,WN,LAS,OAK,1650,407.0,20.0,0
2024,4,25,4,OO,SLC,BUR,805,574.0,-5.0,0
2024,8,1,4,AA,DFW,TYS,1426,772.0,121.0,1
2024,12,8,7,G4,BNA,FAR,630,910.0,-1.0,0
2024,8,25,7,AA,PHL,PHX,1853,2075.0,9.0,0
2024,4,5,5,WN,SAT,HOU,620,192.0,-2.0,0
2024,8,19,1,NK,MCO,LBE,947,823.0,-8.0,0
2024,10,1,2,AA,CLT,MYR,2045,157.0,66.0,1
2024,6,19,3,YX,CMH,LGA,1159,479.0,-6.0,0
2024,10,24,4,DL,MSP,DEN,2155,680.0,96.0,1
2024,7,13,6,AA,DFW,JFK,829,1391.0,-4.0,0
2024,11,11,1,AS,LAS,SEA,800,867.0,0.0,0
2024,5,23,4,WN,DAL,TPA,1600,917.0,6.0,0
2024,9,29,7,AA,LAX,HNL,1821,2556.0,-8.0,0
2024,6,13,4,UA,MIA,SFO,900,2585.0,34.0,1
2024,6,9,7,YX,IAD,SDF,900,451.0,-3.0,0
2024,3,7,4,DL,SLC,IAH,820,1195.0,-8.0,0
2024,3,14,4,DL,MSP,LAS,2159,1299.0,22.0,0
2024,10,13,7,F9,PHL,MSY,1345,1089.0,-11.0,0
2024,3,15,5,OO,DEN,GUC,1900,152.0,-5.0,0
2024,5,2,4,UA,IAH,DCA,1640,1208.0,269.0,1
2024,10,19,6,OO,MSP,OMA,1300,282.0,-2.0,0
2024,4,12,5,YX,SDF,EWR,733,642.0,-8.0,0
2024,1,20,6,AA,TPA,MIA,2036,204.0,-10.0,0
2024,2,25,7,WN,DCA,MDW,1820,601.0,31.0,1
2024,9,9,1,DL,SLC,SFO,2259,599.0,47.0,1
2024,5,22,3,WN,OKC,DCA,1220,1158.0,9.0,0
2024,3,15,5,WN,CHS,MDW,2020,745.0,-3.0,0
2024,11,26,2,OO,DEN,EAR,2040,305.0,-2.0,0
2024,1,25,4,F9,ATL,MCO,1120,404.0,122.0,1
2024,3,20,3,NK,MCO,CMH,600,802.0,-5.0,0
2024,3,16,6,AA,RDU,CLT,2012,130.0,-10.0,0
2024,4,9,2,NK,MYR,LGA,2135,563.0,62.0,1
2024,1,31,3,WN,CLE,STL,905,487.0,-6.0,0
2024,4,30,2,YX,PIT,EWR,600,319.0,-11.0,0
2024,8,8,4,WN,SJC,SNA,1750,342.0,0.0,0
2024,8,11,7,9E,ATL,TLH,1220,223.0,-3.0,0
2024,9,4,3,NK,LAS,SAT,745,1069.0,-9.0,1
2024,5,27,1,OO,ORD,ICT,859,588.0,-7.0,0
2024,7,7,7,WN,BOS,AUS,1435,1698.0,4.0,0
2024,1,7,7,DL,BOS,MCO,710,1121.0,-2.0,1
2024,12,15,7,DL,ORD,ATL,1745,606.0,11.0,0
2024,5,15,3,UA,DEN,TUL,1730,541.0,-3.0,0
2024,9,2,1,WN,PHL,MDW,2100,668.0,-10.0,0
2024,6,8,6,NK,SAN,PDX,615,933.0,-7.0,0
2024,11,10,7,WN,BNA,TPA,1620,612.0,5.0,0
2024,10,26,6,OH,DAY,DFW,850,861.0,-7.0,0
2024,5,5,7,AA,EYW,CLT,1647,736.0,14.0,1
2024,12,20,5,DL,LGA,DTW,2040,502.0,39.0,1
2024,3,27,3,OH,DFW,JAN,2206,408.0,11.0,0
2024,9,25,3,WN,SMF,SAN,900,480.0,-1.0,0
2024,11,5,2,AA,LGA,CLT,1257,544.0,0.0,0
2024,10,23,3,WN,LAS,PDX,1555,763.0,-1.0,0
2024,9,10,2,UA,AUS,SFO,2009,1504.0,48.0,1
2024,8,16,5,OO,ORD,SCE,1355,528.0,-4.0,0
2024,8,16,5,B6,MIA,JFK,1035,1089.0,-8.0,0
2024,2,6,2,DL,RSW,DTW,1259,1084.0,-5.0,0
2024,4,24,3,WN,LGA,DEN,2040,1620.0,-1.0,0
2024,2,5,1,WN,DEN,ABQ,2005,349.0,152.0,1
2024,9,7,6,G4,CVG,VPS,1200,600.0,-4.0,0
2024,6,4,2,UA,AUS,DEN,1443,775.0,4.0,1
2024,9,2,1,OO,DEN,IDA,810,458.0,-7.0,0
2024,12,10,2,WN,ATL,HOU,2035,696.0,-3.0,0
2024,2,13,2,WN,MCO,SYR,1235,1053.0,0.0,0
2024,12,22,7,AA,DFW,CHS,1511,987.0,-2.0,0
2024,6,29,6,B6,BUF,JFK,533,301.0,-4.0,0
2024,10,20,7,9E,DTW,BTV,2020,537.0,-4.0,0
2024,8,20,2,DL,SEA,OGG,1350,2640.0,-7.0,0
2024,4,15,1,OO,TYR,DFW,620,102.0,-10.0,1
2024,1,10,3,UA,PHX,ORD,1205,1440.0,-2.0,0
2024,5,5,7,WN,PDX,LAS,2050,763.0,3.0,0
2024,3,17,7,OO,LAX,SMF,2130,373.0,-4.0,0
2024,6,23,7,UA,SEA,EWR,1210,2402.0,1.0,0
2024,7,4,4,DL,ATL,IAH,1815,689.0,1.0,0
2024,1,2,2,UA,LAX,LAS,1306,236.0,-2.0,0
2024,8,4,7,AS,ANC,SEA,1000,1448.0,-6.0,0
2024,7,3,3,AA,CAE,DFW,700,922.0,-5.0,0
2024,11,13,3,9E,DTW,CLE,1900,95.0,-8.0,0
2024,5,3,5,WN,RNO,OAK,1655,181.0,202.0,1
2024,8,29,4,YX,LGA,CLE,1959,419.0,-10.0,1
2024,1,10,3,9E,ATL,HPN,1547,780.0,-4.0,0
2024,8,20,2,DL,MSP,MCO,1032,1310.0,-3.0,0
2024,4,19,5,UA,IAD,SEA,1730,2306.0,20.0,1
2024,1,13,6,OO,PIH,SLC,635,150.0,-6.0,0
2024,12,21,6,WN,MCO,MDW,1630,990.0,135.0,1
2024,6,19,3,OO,DEN,LNK,1720,423.0,-1.0,0
2024,6,30,7,OO,SAN,STS,745,508.0,-3.0,0
2024,12,18,3,WN,SNA,SJC,1800,342.0,-5.0,0
2024,10,30,3,AA,SYR,DCA,1751,298.0,-7.0,0
2024,10,19,6,OO,DEN,BFF,1620,150.0,216.0,1
2024,2,13,2,F9,ATL,LAS,1517,1747.0,29.0,0
2024,4,18,4,NK,MIA,MSY,2250,675.0,-1.0,0
2024,7,11,4,AS,WRG,PSG,1110,31.0,0.0,0
2024,9,27,5,AA,HNL,LAX,1525,2556.0,57.0,1
2024,3,10,7,WN,SNA,DEN,1755,846.0,-1.0,0
2024,8,4,7,OO,MOT,DEN,1700,604.0,-8.0,0
2024,8,17,6,WN,LAX,MDW,1025,1750.0,9.0,0
2024,1,19,5,MQ,GPT,DFW,1036,500.0,-2.0,0
2024,5,14,2,OO,DFW,BTR,1751,383.0,100.0,1
2024,4,11,4,AA,PHX,AUS,906,872.0,-1.0,0
2024,7,4,4,WN,RSW,IND,1345,945.0,-2.0,0
2024,10,24,4,AA,CHS,CLT,700,168.0,-1.0,0
2024,9,27,5,WN,IND,TPA,2005,837.0,200.0,1
2024,12,12,4,WN,LGB,LAS,815,231.0,-6.0,0
2024,5,9,4,NK,LAX,CLT,827,2125.0,3.0,0
2024,3,28,4,OO,SAN,MRY,1020,375.0,-9.0,0
2024,4,30,2,DL,SLC,LAS,830,368.0,-9.0,0
2024,9,6,5,OO,ORD,MLI,915,139.0,20.0,0
2024,5,28,2,DL,TPA,LGA,1110,1010.0,-4.0,0
2024,8,23,5,WN,ATL,LGA,955,762.0,-1.0,0
2024,9,4,3,OO,ONT,SLC,1700,558.0,-5.0,0
2024,4,23,2,AA,DFW,PHL,708,1303.0,-2.0,0
2024,11,3,7,AA,TPA,MIA,700,204.0,290.0,1
2024,12,3,2,OO,ORD,MEM,1110,491.0,-9.0,0
2024,5,25,6,AA,LGA,BOS,920,184.0,-5.0,0
2024,9,17,2,YX,LGA,CMH,1135,479.0,-11.0,0
2024,7,28,7,G4,CVG,LAX,630,1900.0,-9.0,0
2024,7,27,6,DL,BDL,ATL,1148,859.0,36.0,1
2024,10,16,3,WN,PDX,SJC,1220,569.0,-4.0,0
2024,12,10,2,DL,DTW,SAV,1015,705.0,-11.0,0
2024,1,11,4,WN,SLC,AUS,1525,1086.0,40.0,1
2024,8,24,6,UA,BUR,SFO,1355,326.0,-11.0,0
2024,3,27,3,OH,ILM,CLT,1107,185.0,47.0,1
2024,11,22,5,DL,MSP,SRQ,920,1342.0,-6.0,0
2024,4,9,2,DL,MSP,EWR,1959,1008.0,-1.0,0
2024,6,3,1,WN,MDW,LAS,1550,1521.0,3.0,0
2024,2,22,4,AA,EUG,DFW,539,1606.0,-2.0,0
2024,5,16,4,OO,SFO,RNO,2240,192.0,-3.0,0
2024,10,22,2,UA,SFO,PHX,1110,651.0,-5.0,0
2024,11,5,2,WN,DAL,PHX,920,879.0,71.0,1
2024,2,2,5,DL,LGA,DFW,1115,1389.0,-6.0,0
2024,11,12,2,WN,DAL,LGA,1305,1381.0,2.0,0
2024,4,22,1,AA,MIA,CHS,2240,489.0,90.0,1
2024,7,7,7,DL,LGA,MIA,1610,1096.0,-5.0,0
2024,3,16,6,B6,JFK,RDU,930,427.0,-4.0,0
2024,4,15,1,OO,ORD,SDF,1425,286.0,14.0,0
2024,3,28,4,UA,PBI,EWR,702,1023.0,-15.0,0
2024,3,3,7,DL,LGA,DTW,900,502.0,-4.0,0
2024,7,6,6,WN,DAL,OMA,1745,586.0,38.0,1
2024,3,19,2,WN,CLT,BWI,700,361.0,-4.0,0
2024,4,11,4,F9,DEN,MSY,1600,1062.0,48.0,1
2024,9,1,7,OO,ATL,DHN,2055,170.0,-4.0,0
2024,6,28,5,AA,DFW,IND,700,761.0,-8.0,0
2024,4,15,1,AA,BDL,CLT,1830,644.0,114.0,1
2024,1,2,2,AS,PSP,PDX,1706,873.0,44.0,1
2024,11,24,7,9E,JFK,RDU,1445,427.0,-8.0,0
2024,1,30,2,B6,DCA,BOS,1330,399.0,-10.0,0
2024,8,1,4,YX,DCA,JFK,1706,213.0,6.0,1
2024,11,20,3,AA,MIA,SMF,2019,2552.0,53.0,1
2024,11,16,6,OH,CLT,ORF,1639,290.0,-2.0,0
2024,5,26,7,AA,GEG,DFW,549,1477.0,-10.0,0
2024,5,14,2,DL,LAX,SAT,840,1211.0,-7.0,0
2024,12,15,7,9E,EWR,CVG,1429,569.0,-10.0,0
2024,10,26,6,AA,CLT,BNA,2040,328.0,-2.0,0
2024,11,24,7,OO,DTW,ELM,1345,332.0,66.0,1
2024,9,16,1,DL,SLC,GEG,1140,546.0,19.0,0
2024,10,11,5,DL,PHL,SLC,705,1927.0,-7.0,0
2024,10,19,6,WN,BWI,BOS,1330,369.0,46.0,1
2024,5,15,3,AS,DTW,SEA,700,1927.0,0.0,0
2024,9,21,6,AA,PBI,PHL,1208,951.0,-7.0,0
2024,2,19,1,MQ,DFW,COU,1232,490.0,-6.0,0
2024,4,27,6,DL,ATL,BUF,1618,712.0,-5.0,0
2024,7,10,3,AA,EWR,CLT,1740,529.0,46.0,1
2024,2,4,7,G4,SFB,PIT,1801,809.0,12.0,0
2024,3,13,3,UA,SRQ,EWR,1645,1034.0,1.0,0
2024,11,14,4,HA,PDX,OGG,840,2562.0,-1.0,0
2024,2,7,3,YX,DCA,JFK,1950,213.0,-7.0,0
2024,5,2,4,NK,MYR,ACY,2136,466.0,-6.0,0
2024,4,1,1,WN,PHX,OAK,1550,646.0,34.0,1
2024,4,30,2,UA,ORD,JAX,1948,864.0,-4.0,0
2024,10,7,1,UA,IAD,BOS,2220,413.0,57.0,1
2024,4,9,2,WN,MDW,GRR,2200,137.0,-6.0,0
2024,1,26,5,OO,DEN,FAR,1720,627.0,-4.0,0
2024,11,25,1,9E,ATL,CHO,1234,457.0,3.0,0
2024,6,28,5,DL,LAX,PDX,2040,834.0,205.0,1
2024,2,22,4,WN,SMF,SAN,730,480.0,1.0,0
2024,11,14,4,DL,LAX,MSP,1600,1535.0,-7.0,0
2024,7,7,7,9E,CVG,LGA,1853,585.0,-6.0,0
2024,8,9,5,9E,RDU,EWR,741,416.0,94.0,1
2024,10,22,2,WN,PHX,LAS,1805,255.0,8.0,0
2024,12,8,7,UA,ORD,TPA,1114,1012.0,32.0,0
2024,1,16,2,F9,MCO,RDU,2255,534.0,-2.0,0
2024,12,26,4,AA,CLT,CHS,1831,168.0,88.0,1
2024,9,21,6,AS,LAS,SEA,1000,867.0,-3.0,0
2024,1,22,1,MQ,LRD,DFW,600,396.0,-4.0,0
2024,2,21,3,YX,EWR,PIT,1729,319.0,-7.0,0
2024,5,8,3,AA,MEM,PHX,735,1264.0,-1.0,1
2024,2,20,2,MQ,CID,DFW,1913,685.0,-2.0,0
2024,8,21,3,DL,CVG,FLL,715,932.0,-5.0,0
2024,2,10,6,DL,MSP,SFO,1100,1589.0,2.0,0
2024,7,27,6,OO,SCE,ORD,1740,528.0,-3.0,0
2024,5,27,1,AA,SFO,MIA,1307,2585.0,-5.0,0
2024,10,9,3,YX,LGA,BOS,1059,184.0,-3.0,0
2024,4,1,1,NK,PHL,MCO,1422,861.0,18.0,0
2024,10,12,6,MQ,DFW,AUS,1300,190.0,-2.0,0
2024,5,14,2,WN,BWI,SYR,2130,273.0,59.0,1
2024,9,12,4,AA,FAT,DFW,1331,1313.0,-8.0,0
2024,5,10,5,AA,RSW,CLT,755,600.0,-6.0,0
2024,12,8,7,AA,IAH,MIA,523,964.0,-3.0,0
2024,7,16,2,DL,SMF,SLC,1900,532.0,35.0,1
2024,11,26,2,OO,MSP,FSD,905,196.0,-6.0,0
2024,2,14,3,MQ,GNV,MIA,1006,294.0,-2.0,0
2024,8,8,4,MQ,MSO,ORD,1237,1332.0,15.0,0
2024,3,22,5,AA,MKE,MIA,632,1258.0,104.0,1
2024,1,12,5,UA,TPA,IAH,1700,787.0,-2.0,0
2024,12,11,3,WN,PIT,TPA,730,873.0,-5.0,0
2024,9,23,1,UA,TPA,DEN,1302,1506.0,-8.0,0
2024,7,25,4,AA,DFW,FLL,705,1119.0,40.0,0
2024,2,4,7,DL,BOS,DFW,1835,1562.0,-6.0,0
2024,6,13,4,WN,MDW,HOU,2255,937.0,15.0,1
2024,7,21,7,UA,ORD,IAD,1328,588.0,7.0,0
2024,5,31,5,WN,SMF,ONT,845,390.0,-4.0,0
2024,7,26,5,AA,DFW,JAX,2044,918.0,16.0,0
2024,8,25,7,F9,LAX,SFO,910,337.0,85.0,1
2024,5,31,5,NK,MCO,MSY,630,551.0,-6.0,0
2024,8,8,4,AS,SEA,PHL,956,2378.0,-5.0,0
2024,10,29,2,OO,RAP,ORD,1345,779.0,-8.0,0
2024,8,11,7,B6,BOS,LGA,930,184.0,-11.0,0
2024,1,4,4,DL,SJU,ATL,1534,1547.0,-1.0,0
2024,11,18,1,WN,OAK,HOU,535,1642.0,-1.0,0
2024,5,23,4,DL,JFK,MCO,705,944.0,-4.0,0
2024,4,7,7,AA,PBI,CLT,1345,590.0,-4.0,0
2024,6,15,6,OO,DEN,SLN,2105,383.0,58.0,1
2024,4,22,1,B6,BOS,JFK,724,187.0,-14.0,0
2024,6,27,4,DL,ATL,GNV,1754,300.0,33.0,1
2024,4,6,6,DL,MSY,MSP,1655,1039.0,-3.0,0
2024,3,22,5,WN,COS,DEN,1945,73.0,-1.0,0
2024,8,29,4,9E,CVG,JFK,1140,589.0,-9.0,0
2024,5,6,1,AS,SEA,SJC,1248,696.0,11.0,0
2024,4,10,3,OH,CLT,BHM,718,350.0,12.0,1
2024,7,11,4,AA,CLT,ONT,2115,2078.0,2.0,0
2024,5,9,4,DL,MSP,SEA,1230,1399.0,8.0,0
2024,8,17,6,WN,MCO,PVD,1235,1072.0,77.0,1
2024,12,21,6,DL,ORF,ATL,800,516.0,11.0,0
2024,3,30,6,WN,MCO,PHL,810,861.0,24.0,0
2024,2,27,2,B6,DEN,BOS,2319,1754.0,17.0,0
2024,9,10,2,WN,DEN,ATL,1505,1199.0,4.0,0
2024,3,25,1,AA,CLT,PHX,2050,1773.0,-3.0,1
2024,2,20,2,WN,SAN,SJC,1330,417.0,32.0,1
2024,4,6,6,WN,LAX,OGG,700,2486.0,83.0,1
2024,10,16,3,9E,BMI,ATL,1552,533.0,-6.0,0
2024,4,12,5,AA,DFW,BFL,1941,1271.0,-4.0,0
2024,8,12,1,UA,DEN,EWR,1325,1605.0,110.0,1
2024,9,12,4,F9,SAN,DEN,1405,853.0,-1.0,0
2024,1,25,4,DL,MSP,IAH,700,1034.0,0.0,0
2024,2,6,2,AA,MIA,SJU,824,1045.0,-7.0,0
2024,11,2,6,UA,DFW,ORD,1430,802.0,2.0,0
2024,3,20,3,WN,SAT,BNA,700,822.0,0.0,0
2024,10,24,4,OH,CLT,CRW,906,221.0,-4.0,0
2024,2,25,7,UA,DEN,MCO,1350,1546.0,-4.0,0
2024,10,16,3,UA,CVG,IAH,700,871.0,1.0,0
2024,7,4,4,WN,MCI,MSY,1400,689.0,19.0,1
2024,6,14,5,WN,MCI,BNA,1020,491.0,1.0,0
2024,5,24,5,B6,LAX,JFK,1410,2475.0,14.0,0
2024,4,22,1,AA,SRQ,ORD,1632,1050.0,53.0,1
2024,5,10,5,AA,PHX,PHL,1529,2075.0,-2.0,0
2024,11,11,1,OO,ATW,ORD,825,160.0,-7.0,0
2024,8,24,6,UA,EWR,CLT,1900,529.0,37.0,1
2024,8,10,6,OH,CHS,CLT,1445,168.0,16.0,1
2024,3,27,3,WN,LIH,HNL,1630,102.0,16.0,0
2024,4,14,7,YX,EWR,PIT,2059,319.0,33.0,1
2024,1,11,4,OO,PHX,SMF,1735,647.0,-4.0,0
2024,6,8,6,HA,KOA,LAX,1530,2504.0,55.0,1
2024,11,16,6,UA,EWR,BNA,1550,748.0,64.0,1
2024,9,2,1,DL,CHS,ATL,645,259.0,10.0,0
2024,11,21,4,DL,RDU,BOS,930,612.0,-5.0,0
2024,9,20,5,MQ,RAP,DFW,1637,835.0,68.0,1
2024,8,15,4,OO,MRY,SAN,600,375.0,-10.0,0
2024,1,19,5,OO,ORD,BUF,1332,474.0,72.0,1
2024,5,23,4,UA,CLE,IAH,615,1091.0,-2.0,0
2024,4,2,2,MQ,MIA,DTW,1455,1145.0,-1.0,0
2024,10,7,1,F9,SLC,DEN,904,391.0,-9.0,0
2024,5,21,2,B6,JFK,CHS,710,636.0,-10.0,0
2024,2,20,2,WN,ATL,GSP,1045,153.0,12.0,0
2024,5,9,4,AA,OMA,DFW,942,583.0,124.0,1
2024,6,13,4,B6,DCA,BOS,2040,399.0,-9.0,0
2024,9,19,4,F9,DEN,PDX,1130,991.0,-5.0,0
2024,3,29,5,AA,DFW,ABQ,2257,569.0,-7.0,0
2024,8,23,5,UA,SAT,IAH,1915,191.0,-18.0,0
2024,11,13,3,MQ,DFW,LRD,808,396.0,-6.0,0
2024,11,6,3,UA,TPA,IAH,940,787.0,-1.0,0
2024,3,13,3,OO,DFW,GGG,1250,140.0,-5.0,0
2024,11,17,7,DL,CVG,MSP,1630,596.0,-3.0,0
2024,2,25,7,B6,JFK,SLC,1300,1990.0,27.0,1
2024,2,15,4,DL,BOS,DFW,725,1562.0,-3.0,0
2024,10,25,5,DL,ATL,RDU,2200,356.0,-4.0,0
2024,1,2,2,OH,HPN,DCA,1129,234.0,-9.0,0
2024,2,27,2,WN,PNS,DAL,1005,592.0,-7.0,0
2024,9,6,5,DL,ATL,RSW,1050,515.0,-5.0,0
2024,3,9,6,HA,HNL,SEA,1245,2677.0,1.0,0
2024,4,21,7,WN,PHX,GEG,950,1020.0,-1.0,0
2024,8,30,5,WN,DAL,BWI,600,1209.0,-3.0,0
2024,9,1,7,WN,OAK,MDW,1100,1844.0,11.0,0
2024,8,10,6,UA,RSW,DEN,1555,1607.0,-6.0,0
2024,2,9,5,UA,DEN,DRO,1116,251.0,-2.0,0
2024,3,20,3,DL,SLC,MEM,1409,1262.0,-13.0,0
2024,4,9,2,WN,HOU,MAF,2135,441.0,-5.0,1
2024,5,2,4,DL,ATL,SYR,1518,794.0,-2.0,0
2024,9,14,6,F9,PHX,ATL,1043,1587.0,-6.0,0
2024,7,9,2,WN,MAF,AUS,1530,294.0,-11.0,0
2024,6,20,4,OO,FSD,DEN,600,483.0,-8.0,0
2024,3,3,7,AS,SEA,PHX,1148,1107.0,13.0,0
2024,4,24,3,WN,LGB,DAL,1305,1232.0,3.0,0
2024,6,7,5,OO,ORD,STL,1310,258.0,-7.0,0
2024,1,12,5,MQ,JAN,DFW,1411,408.0,88.0,1
2024,2,22,4,OO,ORD,ICT,845,588.0,-2.0,0
2024,6,14,5,YX,LGA,BOS,1100,184.0,2.0,0
2024,5,28,2,UA,IAD,RDU,2225,224.0,131.0,1
2024,11,5,2,WN,HOU,DAL,1830,239.0,22.0,1
2024,2,17,6,AA,CLT,EWR,2037,529.0,17.0,0
2024,6,15,6,F9,DFW,LAX,2023,1235.0,-6.0,0
2024,11,21,4,B6,JFK,RSW,1432,1074.0,36.0,1
2024,3,19,2,UA,AUS,SFO,1540,1504.0,15.0,0
2024,2,4,7,9E,ITH,JFK,518,189.0,-6.0,0
2024,7,28,7,DL,CAE,ATL,1153,192.0,-10.0,0
2024,9,11,3,NK,FLL,CLE,2138,1062.0,14.0,0
2024,12,19,4,UA,ORD,PDX,907,1739.0,20.0,0
2024,5,11,6,9E,ATL,TYS,1838,152.0,58.0,1
2024,9,10,2,WN,SMF,PHX,600,647.0,-2.0,0
2024,6,29,6,AA,DFW,ECP,811,685.0,2.0,1
2024,8,29,4,DL,SLC,DFW,1732,989.0,-7.0,0
2024,1,15,1,WN,HOU,DAL,2130,239.0,92.0,1
2024,5,12,7,YX,DCA,MSY,1455,969.0,-1.0,0
2024,9,23,1,WN,SAN,MDW,1740,1728.0,-1.0,0
2024,10,5,6,OH,TYS,CLT,640,177.0,-11.0,0
2024,2,28,3,AS,SEA,SLC,1006,689.0,-7.0,0
2024,10,16,3,MQ,RDU,ORD,1443,646.0,0.0,0
2024,5,22,3,WN,BUF,MDW,755,468.0,-3.0,0
2024,2,2,5,UA,ORD,LAX,1538,1744.0,-7.0,0
2024,3,9,6,DL,JFK,SEA,1715,2422.0,127.0,1
2024,4,4,4,AA,DFW,LAS,2155,1055.0,18.0,0
2024,6,23,7,AA,SNA,ORD,800,1726.0,89.0,1
2024,9,19,4,UA,ORD,BDL,1100,783.0,-1.0,0
2024,3,19,2,AA,SJC,DFW,1424,1438.0,-5.0,0
2024,11,18,1,WN,BNA,OKC,1435,616.0,-3.0,0
2024,12,2,1,OO,DTW,GRB,1000,287.0,-5.0,0
2024,10,1,2,MQ,MHK,DFW,527,431.0,-4.0,0
2024,9,26,4,NK,LAS,SJC,836,386.0,-17.0,0
2024,4,10,3,AA,LGA,MIA,1830,1096.0,11.0,1
2024,12,1,7,MQ,MIA,HPN,1949,1118.0,11.0,0
2024,4,13,6,OO,FAR,DEN,911,627.0,-2.0,0
2024,2,20,2,B6,MCO,RDU,1959,534.0,-4.0,0
2024,3,21,4,DL,ATL,RDU,1225,356.0,-5.0,0
2024,10,16,3,OO,ATL,XNA,2246,589.0,-6.0,0
2024,3,4,1,MQ,ORD,XNA,1527,522.0,-3.0,0
2024,8,23,5,YX,ACK,LGA,1141,202.0,-9.0,0
2024,8,5,1,9E,LGA,TYS,1830,647.0,-1.0,0
2024,8,3,6,DL,BOS,RSW,1530,1249.0,0.0,0
2024,7,9,2,DL,LAS,ATL,925,1747.0,29.0,1
2024,8,26,1,OH,TYS,CLT,1105,177.0,-5.0,0
2024,8,15,4,DL,ATL,LGA,1900,762.0,9.0,0
2024,8,2,5,WN,MDW,MYR,2025,738.0,26.0,1
2024,8,9,5,OO,SEA,GEG,1950,224.0,14.0,1
2024,11,1,5,OO,MRY,LAX,1407,266.0,-10.0,0
2024,2,10,6,UA,IAH,LAX,521,1379.0,-7.0,0
2024,10,22,2,WN,LAS,BNA,1240,1587.0,40.0,0
2024,6,4,2,WN,SJC,PHX,1155,621.0,-6.0,0
2024,3,4,1,G4,CVG,PIE,1410,776.0,-11.0,0
2024,11,6,3,UA,DEN,LAS,745,628.0,62.0,1
2024,7,27,6,AA,LAX,STL,1728,1592.0,-3.0,0
2024,6,18,2,OO,DEN,HLN,1928,594.0,66.0,1
2024,7,24,3,OO,DTW,OMA,832,651.0,-5.0,0
2024,11,27,3,WN,ABQ,DEN,1750,349.0,-5.0,0
2024,10,31,4,OO,IND,ORD,1350,177.0,-8.0,0
2024,11,25,1,AA,DFW,CAE,1219,922.0,-5.0,0
2024,4,26,5,AA,LAX,JFK,800,2475.0,-10.0,0
2024,7,2,2,AA,SAT,CLT,1754,1095.0,15.0,0
2024,5,5,7,OO,SJC,LAX,1020,308.0,-4.0,0
2024,11,6,3,AA,JFK,SFO,1659,2586.0,-4.0,0
2024,10,21,1,UA,GUM,HNL,700,3801.0,-11.0,0
2024,2,18,7,OO,DEN,DSM,952,589.0,-2.0,0
2024,10,14,1,WN,SMF,LGB,915,387.0,-1.0,0
2024,5,15,3,WN,OMA,HOU,1455,804.0,331.0,1
2024,4,2,2,DL,DTW,TPA,2140,983.0,-13.0,0
2024,5,13,1,YX,EWR,IND,1729,645.0,3.0,0
2024,4,8,1,OH,BTR,CLT,1311,675.0,10.0,0
2024,4,4,4,AS,AUS,PDX,1959,1715.0,35.0,0
2024,8,4,7,DL,ATL,RDU,1257,356.0,-4.0,0
2024,8,25,7,WN,RSW,PIT,1155,966.0,13.0,0
2024,3,28,4,AA,MIA,LGA,2039,1096.0,36.0,1
2024,4,9,2,OO,ORD,SGF,1255,438.0,-3.0,0
2024,8,2,5,YX,LGA,BOS,600,184.0,-5.0,0
2024,6,28,5,AS,ATL,SEA,1932,2182.0,36.0,1
2024,3,6,3,WN,PHX,LAS,1700,255.0,17.0,1
2024,11,30,6,DL,BHM,ATL,1343,134.0,-7.0,0
2024,9,17,2,WN,MCO,BNA,1340,616.0,14.0,0
2024,12,7,6,AA,DFW,LGA,1909,1389.0,75.0,1
2024,2,27,2,OO,PHX,RNO,1735,601.0,10.0,0
2024,9,4,3,AA,CLT,ILM,2100,185.0,-9.0,0
2024,6,2,7,AA,PHX,GEG,2030,1020.0,-3.0,0
2024,12,12,4,AS,PDX,OGG,811,2562.0,4.0,0
2024,1,2,2,UA,LAX,IAH,1742,1379.0,0.0,0
2024,5,19,7,DL,MCO,CVG,1115,757.0,-2.0,0
2024,6,29,6,UA,ORD,EWR,1145,719.0,-4.0,0
2024,3,4,1,UA,ORF,DEN,813,1553.0,0.0,0
2024,5,18,6,OO,ATL,MGM,2200,147.0,4.0,1
2024,6,9,7,AS,SAN,PDX,1414,933.0,2.0,0
2024,4,1,1,WN,PHX,BWI,630,1999.0,7.0,0
2024,6,2,7,DL,DFW,SLC,1240,989.0,1.0,0
2024,5,15,3,MQ,FAR,DFW,631,968.0,-1.0,0
2024,7,11,4,OO,DRO,DFW,1628,674.0,-12.0,0
2024,3,23,6,DL,LAS,SEA,1715,867.0,1.0,0
2024,6,30,7,DL,ATL,SFO,1855,2139.0,9.0,0
2024,12,3,2,B6,BOS,TPA,1000,1185.0,-2.0,0
2024,12,2,1,DL,RDU,DTW,1257,501.0,-9.0,0
2024,7,24,3,NK,BWI,TPA,525,842.0,-6.0,0
2024,12,19,4,OH,PHL,RDU,1414,337.0,-7.0,0
2024,8,22,4,AA,DFW,TUL,1639,237.0,-2.0,0
2024,5,9,4,B6,BOS,JFK,1722,187.0,48.0,1
2024,2,16,5,AA,HNL,LAX,800,2556.0,-8.0,0
2024,10,14,1,AA,MCI,CLT,1357,808.0,-7.0,0
2024,4,28,7,G4,HTS,SFB,939,665.0,6.0,0
2024,11,23,6,WN,FLL,MDW,2025,1167.0,47.0,1
2024,7,25,4,WN,RNO,LAS,2045,345.0,24.0,0
2024,3,27,3,OO,OKC,LAX,800,1187.0,188.0,1
2024,11,22,5,AA,SAN,DFW,948,1171.0,-4.0,0
2024,3,27,3,MQ,XNA,DFW,1635,280.0,-1.0,0
2024,1,5,5,YX,IND,DCA,913,500.0,-4.0,0
2024,7,20,6,UA,EWR,CLT,1423,529.0,19.0,1
2024,3,10,7,WN,HNL,KOA,835,163.0,-5.0,0
2024,3,29,5,OO,DAY,ORD,1803,240.0,-10.0,0
2024,8,21,3,AA,DFW,SNA,1015,1205.0,-3.0,0
2024,10,26,6,WN,SNA,PHX,1400,338.0,1.0,0
2024,4,15,1,DL,ATL,CHS,1808,259.0,-1.0,0
2024,9,6,5,AS,OGG,SAN,1027,2541.0,-15.0,0
2024,7,8,1,AA,GEG,PHX,1512,1020.0,32.0,0
2024,8,11,7,MQ,GPT,DFW,1945,500.0,0.0,0
2024,7,8,1,NK,FLL,TPA,810,197.0,-8.0,0
2024,1,3,3,AS,MCO,SFO,1849,2446.0,-4.0,0
2024,8,2,5,AA,DFW,MSP,1853,852.0,11.0,0
2024,7,16,2,DL,PNS,ATL,1520,271.0,-7.0,0
2024,3,11,1,AA,ORD,LAS,950,1514.0,-2.0,0
2024,9,24,2,B6,PIT,BOS,1530,496.0,-11.0,0
2024,10,30,3,DL,TLH,ATL,1745,223.0,-11.0,0
2024,2,12,1,AA,CLT,TPA,1917,507.0,56.0,1
2024,8,17,6,AS,SEA,LAS,1756,867.0,-7.0,1
2024,6,29,6,WN,BWI,FLL,1525,925.0,6.0,0
2024,10,5,6,MQ,ORD,MSP,1356,334.0,-1.0,0
2024,7,9,2,WN,ATL,STL,1255,484.0,-9.0,0
2024,9,26,4,UA,IAD,MCO,820,758.0,28.0,1
2024,12,30,1,MQ,DFW,RAP,1006,835.0,-3.0,0
2024,7,18,4,AA,LEX,CLT,1607,281.0,203.0,1
2024,3,12,2,DL,ORD,MSP,1550,334.0,-7.0,0
2024,11,1,5,MQ,GRK,DFW,700,134.0,-10.0,0
2024,9,14,6,UA,ORD,LAS,2005,1514.0,-3.0,0
2024,2,11,7,DL,ATL,BDL,2140,859.0,-1.0,0
2024,5,4,6,OO,SAN,SFO,1300,447.0,-7.0,0
2024,2,11,7,WN,STL,HOU,1055,687.0,14.0,1
2024,1,8,1,AA,BNA,LAX,730,1797.0,33.0,1
2024,4,25,4,UA,DEN,MTJ,1130,196.0,-4.0,0
2024,7,28,7,NK,SMF,LAS,1054,397.0,10.0,0
2024,2,18,7,DL,BOS,ATL,655,946.0,0.0,0
2024,1,20,6,DL,ATL,PVD,1145,903.0,-2.0,0
2024,12,27,5,DL,EWR,MSP,1205,1008.0,39.0,1
2024,6,9,7,AA,DFW,SAT,713,247.0,16.0,0
2024,8,9,5,DL,DTW,PBI,1015,1086.0,-9.0,1
2024,12,11,3,UA,DEN,JAC,1345,406.0,-5.0,0
2024,9,7,6,AA,DFW,TYS,2045,772.0,-3.0,0
2024,7,2,2,AA,TUL,DFW,1014,237.0,-8.0,0
2024,9,5,4,AA,CLT,XNA,855,754.0,-4.0,0
2024,10,4,5,DL,MSP,CHS,910,1087.0,-3.0,0
2024,10,24,4,MQ,DFW,SGF,2046,364.0,-2.0,0
2024,3,25,1,DL,DCA,ATL,1400,547.0,-3.0,0
2024,10,31,4,AA,PIT,MIA,600,1013.0,-2.0,0
2024,12,3,2,WN,MCI,MCO,1900,1072.0,-1.0,0
2024,10,2,3,DL,ORD,LGA,600,733.0,-8.0,0
2024,10,27,7,MQ,BNA,ORD,1217,409.0,-5.0,0
2024,7,3,3,DL,CLT,MSP,1134,930.0,18.0,0
2024,3,24,7,OO,RIC,DTW,1815,456.0,-7.0,0
2024,4,18,4,MQ,LBB,DFW,1621,282.0,-6.0,0
2024,3,1,5,OO,SFO,SEA,605,679.0,2.0,0
2024,6,21,5,NK,CMH,MYR,1859,488.0,-12.0,0
2024,9,7,6,UA,DRO,DEN,1330,251.0,-9.0,0
2024,7,21,7,UA,LAS,ORD,1551,1514.0,-5.0,0
2024,8,30,5,WN,PDX,DEN,850,991.0,2.0,0
2024,3,24,7,WN,BWI,SDF,2135,495.0,6.0,0
2024,10,29,2,UA,ORD,JAX,1949,864.0,-9.0,0
2024,12,2,1,OO,PHX,BFL,1128,425.0,-7.0,0
2024,7,12,5,AS,SEA,MSY,1122,2086.0,-8.0,0
2024,7,30,2,9E,RIC,LGA,1305,292.0,-8.0,0
2024,9,22,7,AA,SAT,DFW,1731,247.0,32.0,1
2024,3,9,6,OO,ORD,CAE,1755,666.0,-2.0,0
2024,9,5,4,YX,PWM,LGA,1106,269.0,-6.0,0
2024,8,24,6,DL,MSP,PWM,705,1136.0,-4.0,0
2024,12,21,6,YX,RDU,ORD,1645,646.0,-3.0,0
2024,7,11,4,AA,RDU,CLT,952,130.0,-9.0,0
2024,3,18,1,YX,LGA,DTW,1200,502.0,-10.0,0
2024,4,14,7,DL,LAX,LAS,1550,236.0,8.0,1
2024,12,26,4,AA,AUS,LAX,1830,1242.0,4.0,0
2024,4,4,4,WN,IAH,LAS,650,1222.0,-4.0,0
2024,5,5,7,WN,DAL,ECP,1940,674.0,21.0,1
2024,7,13,6,B6,JFK,FLL,925,1069.0,7.0,0
2024,8,5,1,DL,IAH,DTW,1650,1075.0,6.0,0
2024,6,2,7,WN,VPS,BNA,1800,389.0,-1.0,0
2024,3,13,3,OO,GJT,PHX,803,438.0,-11.0,0
2024,5,13,1,OO,MDW,DTW,932,228.0,-6.0,0
2024,12,17,2,DL,LAS,CVG,2310,1678.0,-5.0,0
2024,5,15,3,WN,OGG,LAS,805,2695.0,-1.0,0
2024,1,4,4,AS,SJC,SEA,1250,696.0,-6.0,0
2024,10,27,7,B6,FLL,SJU,1010,1046.0,45.0,1
2024,5,26,7,WN,MCO,STL,820,882.0,-3.0,0
2024,1,1,1,WN,BWI,SAN,2005,2295.0,33.0,0
2024,9,23,1,WN,MCO,ATL,955,404.0,1.0,0
2024,6,27,4,AS,PSG,WRG,1506,31.0,2.0,0
2024,4,2,2,9E,LGA,GSP,1850,610.0,-7.0,0
2024,11,2,6,AA,PHX,LAX,1105,370.0,-6.0,0
2024,8,2,5,9E,MGM,ATL,600,147.0,-8.0,0
2024,2,21,3,AA,DFW,SEA,1902,1660.0,-5.0,0
2024,7,13,6,DL,GEG,MSP,1410,1175.0,55.0,1
2024,9,29,7,AA,PHX,LAX,1820,370.0,-4.0,0
2024,1,12,5,F9,MCO,ORD,655,1005.0,9.0,1
2024,5,26,7,AA,DFW,FAT,1145,1313.0,55.0,1
2024,2,2,5,DL,LIT,ATL,545,453.0,-5.0,0
2024,12,20,5,DL,SJU,ATL,1410,1547.0,0.0,0
2024,3,28,4,MQ,DFW,BRO,1711,482.0,-5.0,0
2024,3,20,3,AS,SEA,LAX,1345,954.0,-7.0,0
2024,10,11,5,9E,CLE,LGA,1230,419.0,-5.0,0
2024,7,22,1,OH,PHL,PVD,2115,237.0,-1.0,0
2024,4,25,4,AS,ANC,SEA,1100,1448.0,-11.0,0
2024,3,24,7,WN,DEN,TUS,2155,639.0,11.0,1
2024,1,18,4,DL,ATL,SDF,1124,321.0,-10.0,0
2024,3,13,3,DL,ATL,AUS,810,813.0,2.0,0
2024,5,24,5,AA,LGA,DFW,815,1389.0,-6.0,0
2024,3,6,3,NK,PDX,LAS,545,763.0,7.0,1
2024,9,18,3,AA,DFW,JAC,1115,1047.0,-5.0,0
2024,11,18,1,WN,DEN,BWI,500,1491.0,-3.0,0
2024,7,20,6,OO,BOI,LAX,1415,674.0,-5.0,0
2024,7,16,2,WN,MDW,FLL,1945,1167.0,192.0,1
2024,2,22,4,B6,JFK,SRQ,845,1041.0,13.0,0
2024,6,18,2,OO,SEA,SJC,1135,696.0,20.0,1
2024,3,31,7,AS,SEA,SJC,700,696.0,-8.0,0
2024,12,31,2,OO,PHX,PVU,933,468.0,55.0,1
2024,1,29,1,DL,ATL,OMA,834,821.0,-4.0,0
2024,6,20,4,AA,DFW,LAS,1652,1055.0,-6.0,0
2024,5,14,2,MQ,DCA,CMH,2003,323.0,31.0,0
2024,6,11,2,HA,LIH,HNL,1225,102.0,-5.0,0
2024,10,31,4,DL,DTW,MSP,830,528.0,-4.0,0
2024,10,26,6,WN,TPA,BNA,1925,612.0,-14.0,0
2024,3,13,3,DL,ONT,SEA,1540,956.0,-9.0,0
2024,11,15,5,OO,MBS,DTW,1755,98.0,-10.0,0
2024,11,8,5,F9,SFO,ONT,1353,363.0,-6.0,0
2024,8,17,6,UA,BOI,SFO,1905,522.0,-8.0,0
2024,8,27,2,F9,ATL,DFW,830,731.0,-6.0,0
2024,2,29,4,UA,SFO,DEN,630,967.0,27.0,0
2024,3,5,2,AA,CLT,PHX,1300,1773.0,-5.0,0
2024,8,29,4,WN,SMF,LAS,1840,397.0,-3.0,0
2024,9,19,4,WN,SDF,LAS,1700,1624.0,68.0,1
2024,1,21,7,UA,JAX,DEN,1605,1447.0,-3.0,0
2024,12,9,1,F9,DTW,PHX,1249,1671.0,-6.0,0
2024,10,30,3,UA,IAD,CLT,820,322.0,-7.0,1
2024,9,10,2,WN,MDW,ATL,735,591.0,-4.0,0
2024,9,15,7,YX,CMH,JFK,1231,483.0,-8.0,0
2024,3,8,5,WN,DEN,LAS,1435,628.0,59.0,1
2024,8,9,5,WN,LAS,LAX,2140,236.0,46.0,1
2024,7,8,1,AA,MIA,CLT,1240,650.0,-3.0,0
2024,12,10,2,YX,LGA,ORD,1410,733.0,-5.0,0
2024,1,10,3,NK,FLL,ATL,2127,581.0,34.0,0
2024,8,20,2,YX,DTW,SDF,1219,306.0,-12.0,0
2024,2,1,4,UA,SLC,IAH,1632,1195.0,-7.0,0
2024,9,21,6,OO,CYS,DEN,600,90.0,-3.0,0
2024,3,1,5,UA,DCA,SFO,1758,2442.0,102.0,1
2024,8,13,2,UA,LAX,OGG,1710,2486.0,8.0,0
2024,8,9,5,DL,SMF,SLC,1330,532.0,-4.0,0
2024,5,8,3,WN,IND,LAS,1905,1590.0,13.0,0
2024,5,24,5,YX,DCA,BOS,1950,399.0,0.0,1
2024,9,6,5,OO,SBP,SEA,700,847.0,-8.0,0
2024,8,19,1,NK,CLT,FLL,1152,632.0,-8.0,1
2024,4,20,6,DL,DTW,TPA,1615,983.0,-5.0,0
2024,3,29,5,OO,DTW,MDW,825,228.0,-1.0,0
2024,8,24,6,F9,TPA,ISP,900,1034.0,-1.0,0
2024,3,9,6,YX,ORD,BUF,2025,474.0,29.0,1
2024,2,15,4,AS,HNL,SFO,1650,2398.0,49.0,1
2024,7,26,5,AS,ABQ,SEA,1953,1180.0,-13.0,0
2024,10,22,2,OO,SLC,MSO,925,436.0,-9.0,0
2024,11,1,5,OO,TUS,PHX,1506,110.0,122.0,1
2024,10,20,7,MQ,MIA,PNS,1725,530.0,-5.0,0
2024,5,26,7,MQ,MIA,CMH,1940,990.0,-3.0,0
2024,11,24,7,UA,AUS,SFO,715,1504.0,4.0,0
2024,10,26,6,HA,HNL,OGG,1420,100.0,4.0,0
2024,11,1,5,UA,SAT,IAD,743,1362.0,-4.0,0
2024,4,11,4,NK,LAS,LAX,1354,236.0,-3.0,0
2024,11,27,3,G4,TYS,PIE,1846,550.0,-5.0,0
2024,9,19,4,DL,BOS,SLC,610,2105.0,3.0,0
2024,2,4,7,AA,PHX,CVG,1701,1569.0,22.0,1
2024,2,8,4,YX,DCA,BOS,1415,399.0,1.0,0
2024,11,23,6,AS,KOA,SJC,1559,2384.0,-3.0,0
2024,12,26,4,OO,ORD,MSP,620,334.0,-6.0,0
2024,10,24,4,OO,SEA,BOI,2110,399.0,-5.0,0
2024,2,12,1,UA,LAX,SFO,815,337.0,-3.0,1
2024,12,21,6,AA,LAX,STL,1750,1592.0,-5.0,0
2024,6,10,1,DL,BOS,RSW,710,1249.0,1.0,0
2024,9,8,7,F9,TPA,CLE,1805,927.0,12.0,1
2024,6,16,7,WN,GEG,DEN,1045,836.0,11.0,0
2024,10,28,1,YX,BOS,LGA,900,184.0,-6.0,0
2024,4,25,4,AA,DFW,SAN,1238,1171.0,-5.0,0
2024,4,25,4,WN,FLL,BWI,2155,925.0,-10.0,0
2024,7,16,2,UA,DEN,BOI,2035,649.0,300.0,1
2024,5,13,1,AA,ORD,JFK,1132,740.0,-4.0,0
2024,3,22,5,NK,MIA,BNA,1654,806.0,219.0,1
2024,12,15,7,YX,LGA,PHL,610,96.0,-2.0,0
2024,2,29,4,AS,ANC,SCC,1548,626.0,15.0,0
2024,8,31,6,AA,DCA,MCO,656,759.0,95.0,1
2024,9,28,6,YX,DCA,PWM,1454,482.0,-9.0,0
2024,1,6,6,WN,PHX,DAL,1930,879.0,96.0,1
2024,6,1,6,WN,ATL,MKE,1530,669.0,17.0,0
2024,9,1,7,OH,DCA,JAX,743,634.0,-7.0,0
2024,10,26,6,OO,DEN,PSC,1915,852.0,-4.0,0
2024,4,3,3,MQ,MIA,TYS,2147,724.0,29.0,1
2024,4,1,1,OO,GEG,SFO,528,733.0,-8.0,0
2024,9,10,2,OO,DFW,BHM,1328,597.0,6.0,0
2024,10,23,3,OO,AEX,DFW,534,285.0,-11.0,0
2024,8,1,4,OH,MDT,CLT,2012,413.0,-11.0,0
2024,10,1,2,9E,STL,LGA,600,888.0,-8.0,0
2024,2,21,3,WN,BWI,BUF,1255,281.0,0.0,0
2024,11,5,2,WN,LIH,HNL,1900,102.0,-5.0,0
2024,4,28,7,UA,SFO,DFW,1105,1464.0,0.0,0
2024,11,1,5,WN,LGB,LAS,850,231.0,-2.0,0
2024,7,14,7,NK,LAX,CLT,833,2125.0,22.0,1
2024,5,2,4,WN,PHX,DEN,930,602.0,-1.0,0
2024,1,1,1,AA,CLT,PHX,1637,1773.0,-4.0,0
2024,8,21,3,AA,ORD,LAS,1325,1514.0,-6.0,0
2024,11,24,7,OO,LGA,SYR,2159,198.0,-2.0,0
2024,12,12,4,AA,MIA,TPA,1707,204.0,-7.0,0
2024,7,14,7,F9,FLL,PHL,2135,992.0,166.0,1
2024,11,28,4,UA,MCO,CLE,1133,895.0,-10.0,0
2024,6,26,3,MQ,EVV,DFW,700,642.0,-9.0,0
2024,9,19,4,AA,PHX,BNA,1538,1449.0,-4.0,0
2024,7,28,7,DL,ATL,SMF,1706,2092.0,0.0,0
2024,8,14,3,AS,SEA,SMF,1210,605.0,1.0,0
2024,12,10,2,AA,CLT,LAX,2040,2125.0,6.0,0
2024,3,15,5,OH,LEX,CLT,1331,281.0,94.0,1
2024,12,16,1,NK,CMH,LAS,2057,1771.0,-8.0,0
2024,7,9,2,AS,PAE,LAX,1940,984.0,-8.0,0
2024,10,30,3,WN,MCI,PHX,1600,1044.0,30.0,1
2024,5,26,7,OO,PHX,LAX,1030,370.0,18.0,0
2024,3,26,2,MQ,DFW,HRL,1405,461.0,-5.0,0
2024,11,7,4,WN,GSP,BWI,720,426.0,-2.0,0
2024,2,5,1,AA,CLT,PBI,1447,590.0,1.0,0
2024,12,27,5,AA,PHL,PBI,1855,951.0,146.0,1
2024,2,24,6,NK,MCO,LGA,505,950.0,-6.0,0
2024,11,29,5,WN,STL,DEN,1645,770.0,0.0,0
2024,7,27,6,OO,IAD,DTW,610,383.0,216.0,1
2024,3,3,7,DL,MCO,ATL,1305,404.0,11.0,0
2024,9,29,7,AS,SAN,AUS,1823,1164.0,-12.0,0
2024,10,3,4,YX,JAX,LGA,628,833.0,-8.0,0
2024,10,3,4,DL,ATL,DSM,920,743.0,-4.0,0
2024,11,1,5,DL,CLT,MSP,605,930.0,-3.0,0
2024,6,14,5,DL,MSP,AVL,1503,861.0,-5.0,1
2024,2,18,7,AS,SEA,ANC,1325,1448.0,6.0,0
2024,10,15,2,AA,DFW,PHX,1635,868.0,9.0,0
2024,5,18,6,WN,LAX,STL,705,1592.0,-5.0,1
2024,12,19,4,NK,ATL,DTW,2143,594.0,80.0,1
2024,1,25,4,F9,DFW,DEN,2218,641.0,29.0,0
2024,4,24,3,OH,BHM,CLT,822,350.0,-9.0,0
2024,10,19,6,AA,PBI,DFW,637,1102.0,-3.0,0
2024,8,30,5,UA,DEN,PWM,951,1782.0,-3.0,0
2024,3,16,6,WN,LAS,STL,510,1371.0,-1.0,0
2024,3,29,5,F9,MCO,PSE,530,1179.0,-6.0,0
2024,11,20,3,WN,MCI,LGA,1620,1107.0,39.0,1
2024,1,28,7,YX,CHS,ORD,1520,760.0,-5.0,0
2024,7,13,6,UA,DEN,ONT,1930,819.0,58.0,1
2024,7,7,7,UA,MIA,ORD,1606,1197.0,175.0,1
2024,10,30,3,OO,SAN,EUG,1501,850.0,-8.0,0
2024,11,10,7,B6,FLL,EWR,2059,1065.0,-4.0,0
2024,10,16,3,B6,FLL,SFO,2050,2584.0,-9.0,0
2024,12,19,4,AA,ORD,BOS,1200,867.0,-8.0,0
2024,7,4,4,DL,ATL,LEX,1503,304.0,-7.0,0
2024,4,22,1,WN,HOU,MCO,1515,849.0,-2.0,0
2024,3,9,6,WN,MDW,SAN,1845,1728.0,-2.0,0
2024,2,28,3,MQ,AUS,ORD,1505,977.0,2.0,0
2024,2,25,7,WN,PHX,SAT,1630,843.0,16.0,0
2024,7,30,2,AA,SEA,MIA,2030,2724.0,1.0,0
2024,7,17,3,DL,DTW,EWR,1750,488.0,358.0,1
2024,10,17,4,AS,SAN,JFK,2240,2446.0,4.0,0
2024,9,15,7,DL,JAN,ATL,1925,341.0,-6.0,0
2024,9,12,4,9E,ATL,OAJ,910,399.0,-3.0,0
2024,2,16,5,UA,LAS,DEN,845,628.0,-5.0,0
2024,9,7,6,UA,DEN,OMA,2104,472.0,-10.0,0
2024,1,3,3,WN,DAL,HOU,1700,239.0,22.0,0
2024,7,17,3,DL,MSP,LGA,1006,1020.0,1.0,0
2024,12,15,7,B6,DEN,JFK,1305,1626.0,-3.0,0
2024,7,26,5,YX,LEX,DTW,1140,296.0,-4.0,0
2024,7,6,6,AA,MCO,ORD,655,1005.0,-7.0,0
2024,7,29,1,NK,MYR,ACY,1932,466.0,18.0,1
2024,6,11,2,WN,RDU,DAL,1715,1052.0,56.0,1
2024,8,5,1,WN,DAL,LAX,1810,1246.0,3.0,0
2024,7,14,7,WN,SJC,STL,725,1715.0,-5.0,0
2024,11,3,7,OO,DTW,ORF,2115,529.0,-5.0,0
2024,11,16,6,DL,CLT,ATL,1000,226.0,-5.0,0
2024,3,6,3,UA,IAD,MCO,825,758.0,16.0,1
2024,8,4,7,OO,DFW,SBN,1914,846.0,-7.0,0
2024,7,1,1,AS,LAX,SEA,1655,954.0,-6.0,0
2024,2,26,1,AA,SFO,DFW,1019,1464.0,-4.0,0
2024,11,1,5,AA,PHX,SNA,1708,338.0,-8.0,0
2024,8,19,1,MQ,TYS,DCA,1125,437.0,-5.0,0
2024,11,30,6,DL,MCI,MSP,1513,393.0,-1.0,0
2024,1,23,2,DL,ATL,SJU,815,1547.0,-2.0,0
2024,10,21,1,WN,AMA,DAL,545,323.0,-5.0,0
2024,7,13,6,NK,DFW,PHL,1452,1303.0,-8.0,0
2024,3,17,7,WN,BWI,MCO,1515,787.0,12.0,1
2024,12,19,4,WN,BWI,BUF,1220,281.0,41.0,1
2024,3,20,3,UA,SFO,PDX,1653,550.0,-1.0,0
2024,1,14,7,OO,PHX,LAX,1920,370.0,-2.0,0
2024,11,21,4,WN,HOU,SAT,1750,192.0,0.0,0
2024,4,14,7,WN,HOU,CHS,1555,928.0,12.0,0
2024,8,21,3,WN,PHX,IAD,1010,1956.0,-2.0,0
2024,8,11,7,UA,PHX,ORD,1805,1440.0,28.0,0
2024,1,2,2,F9,SAN,DEN,625,853.0,-6.0,0
2024,1,19,5,DL,ATL,DTW,2055,594.0,10.0,1
2024,10,18,5,F9,SAV,PHL,903,629.0,-9.0,0
2024,3,31,7,WN,MCO,HOU,1625,849.0,6.0,0
2024,9,4,3,OO,SLN,ORD,1815,559.0,-4.0,0
2024,1,28,7,OO,DFW,SAF,1522,551.0,-10.0,0
2024,3,19,2,AA,JFK,CLT,1130,541.0,31.0,0
2024,1,21,7,F9,PHL,SJU,1923,1576.0,-5.0,0
2024,2,26,1,DL,PDX,MSP,45,1426.0,-8.0,0
2024,12,9,1,DL,SEA,DTW,1159,1927.0,-1.0,0
2024,7,9,2,NK,BWI,FLL,2109,925.0,10.0,0
2024,2,21,3,WN,BWI,MSP,1125,936.0,17.0,0
2024,7,2,2,DL,BOS,DEN,2035,1754.0,-6.0,0
2024,3,7,4,WN,ELP,AUS,1020,528.0,-2.0,0
2024,9,16,1,OH,ICT,DCA,1725,1110.0,-7.0,0
2024,7,11,4,OH,CLT,MDT,1800,413.0,-4.0,0
2024,6,6,4,WN,PDX,OAK,615,543.0,-1.0,0
2024,7,6,6,UA,ROC,EWR,640,246.0,-1.0,0
2024,5,23,4,DL,ATL,CLT,1213,226.0,-1.0,0
2024,7,6,6,AA,DFW,MSY,1143,447.0,77.0,1
2024,7,13,6,F9,ATL,MCO,1105,404.0,130.0,1
2024,11,3,7,OO,SGU,DFW,1342,976.0,246.0,1
2024,11,2,6,WN,MIA,DAL,1400,1109.0,23.0,0
2024,10,7,1,WN,HRL,HOU,2000,277.0,-3.0,0
2024,6,22,6,OO,IND,DTW,1018,231.0,1.0,0
2024,10,9,3,DL,MSP,CLE,2110,622.0,-15.0,0
2024,12,31,2,DL,DTW,RSW,1650,1084.0,127.0,1
2024,7,20,6,WN,FLL,CMH,1320,973.0,0.0,0
2024,8,20,2,UA,ORD,DFW,1310,802.0,-8.0,0
2024,2,7,3,UA,LAX,ORD,1240,1744.0,-4.0,0
2024,3,31,7,WN,RDU,AUS,1200,1162.0,0.0,0
2024,9,22,7,WN,BWI,BOS,720,369.0,-7.0,0
2024,7,13,6,DL,ATL,MCI,1650,692.0,8.0,0
2024,12,7,6,DL,BNA,SLC,720,1404.0,-9.0,0
2024,6,14,5,AA,PHL,CMH,857,406.0,-5.0,0
2024,9,30,1,WN,DAL,STL,1330,546.0,-1.0,0
2024,5,23,4,UA,DEN,IAD,1600,1452.0,-1.0,0
2024,5,31,5,9E,JAX,JFK,700,828.0,-5.0,0
2024,9,15,7,WN,MCO,ORF,1245,655.0,6.0,0
2024,3,14,4,YX,JFK,CLE,913,425.0,-7.0,0
2024,11,19,2,WN,ATL,HOU,700,696.0,-3.0,0
2024,2,15,4,OH,SAV,CLT,638,213.0,-7.0,0
2024,7,12,5,AA,RNO,DFW,2359,1345.0,-11.0,0
2024,7,6,6,MQ,DFW,MAF,2130,309.0,-2.0,0
2024,10,28,1,AA,JAX,MIA,1904,335.0,-8.0,0
2024,12,27,5,MQ,MEM,DFW,917,431.0,-6.0,0
2024,6,5,3,B6,BOS,JAX,700,1010.0,-10.0,0
2024,5,20,1,UA,LAS,SFO,1806,414.0,10.0,0
2024,8,24,6,YX,BOS,HHH,1250,878.0,-11.0,0
2024,6,9,7,OO,MSP,MOT,1824,449.0,-5.0,0
2024,7,17,3,WN,DAL,MCI,1250,461.0,19.0,1
2024,7,27,6,WN,BWI,ORF,1830,159.0,2.0,0
2024,3,13,3,YX,AVL,ORD,656,536.0,-3.0,0
2024,6,25,2,WN,PBI,BWI,705,883.0,-1.0,0
2024,9,26,4,UA,ORD,STL,845,258.0,2.0,0
2024,3,8,5,YX,DCA,LGA,659,214.0,-3.0,0
2024,5,27,1,G4,BLI,OAK,900,764.0,-11.0,0
2024,9,23,1,DL,CHS,ATL,640,259.0,16.0,0
2024,12,10,2,DL,ATL,MCI,1441,692.0,11.0,0
2024,12,16,1,WN,SJC,LAS,640,386.0,-2.0,0
2024,12,17,2,WN,TPA,BNA,810,612.0,0.0,0
2024,2,3,6,OO,DTW,SDF,2050,306.0,-6.0,0
2024,1,22,1,AA,PHX,ORD,1122,1440.0,29.0,1
2024,2,21,3,UA,DEN,COS,1145,73.0,-5.0,0
2024,8,11,7,UA,DEN,MSP,1800,680.0,19.0,1
2024,9,19,4,OH,PHL,SDF,1539,576.0,-3.0,1
2024,5,27,1,OO,PHX,LAX,1027,370.0,1.0,0
2024,6,19,3,F9,RDU,MCO,1140,534.0,92.0,1
2024,10,8,2,UA,DEN,BNA,1745,1014.0,-7.0,0
2024,9,11,3,YX,CLE,BOS,1135,563.0,-1.0,0
2024,3,2,6,WN,HNL,SAN,820,2614.0,6.0,0
2024,12,13,5,UA,IAH,CLT,1835,912.0,-3.0,0
2024,5,19,7,UA,SEA,IAD,1300,2306.0,-5.0,0
2024,7,22,1,OO,TUL,LAX,1520,1283.0,-10.0,0
2024,4,19,5,AA,SYR,DFW,605,1336.0,-4.0,0
2024,10,24,4,WN,SAN,ELP,1330,636.0,-6.0,0
2024,5,5,7,UA,ORD,LGA,1830,733.0,-2.0,0
2024,3,6,3,UA,MIA,DEN,730,1709.0,-6.0,0
2024,12,23,1,NK,DTW,LAS,1848,1749.0,0.0,0
2024,11,14,4,OO,MRY,PHX,957,598.0,21.0,0
2024,11,29,5,WN,BUR,PHX,1810,369.0,-6.0,0
2024,8,8,4,WN,DEN,BZN,1420,524.0,12.0,0
2024,2,10,6,B6,PBI,BOS,1649,1197.0,14.0,0
2024,10,8,2,OO,ORD,BNA,1145,409.0,-8.0,0
2024,2,8,4,AA,AUS,DFW,2030,190.0,34.0,1
2024,1,11,4,OO,SJC,LAX,1935,308.0,-5.0,0
2024,9,15,7,UA,DEN,DTW,1750,1123.0,7.0,1
2024,2,27,2,MQ,SAV,MIA,700,440.0,-3.0,0
2024,11,8,5,WN,STL,DCA,1305,719.0,-4.0,0
2024,9,13,5,WN,OKC,DCA,1210,1158.0,-11.0,0
2024,2,23,5,AA,CLT,SAN,1914,2077.0,2.0,0
2024,9,27,5,F9,DFW,BOS,600,1562.0,-5.0,0
2024,9,15,7,DL,ATL,IAD,2215,534.0,-2.0,0
2024,6,25,2,MQ,EVV,DFW,1344,642.0,-5.0,0
2024,8,10,6,AA,BNA,CLT,1442,328.0,-8.0,1
2024,8,12,1,YX,DCA,IND,1002,500.0,-7.0,0
2024,1,11,4,WN,PDX,PHX,1055,1009.0,29.0,0
2024,1,19,5,AA,MIA,PHL,1617,1013.0,114.0,1
2024,11,9,6,MQ,DFW,LRD,1223,396.0,-4.0,0
2024,5,4,6,OH,AVL,CLT,1941,91.0,83.0,1
2024,3,14,4,AA,ELP,DFW,606,551.0,3.0,1
2024,12,14,6,MQ,GSP,DFW,1154,862.0,1.0,0
2024,11,9,6,AA,SNA,DFW,830,1205.0,-6.0,0
2024,6,12,3,MQ,DFW,JAN,1430,408.0,24.0,1
2024,8,19,1,DL,DCA,ATL,1600,547.0,-1.0,0
2024,10,27,7,AA,ORD,SFO,842,1846.0,8.0,0
2024,7,13,6,WN,HOU,TUL,815,453.0,5.0,0
2024,8,13,2,OO,SJC,LAX,615,308.0,-8.0,0
2024,3,25,1,WN,SJC,LAS,1640,386.0,5.0,0
2024,5,20,1,AS,SAN,AUS,1103,1164.0,-8.0,0
2024,1,1,1,OO,MOT,DEN,720,604.0,-7.0,0
2024,12,27,5,AA,DFW,SNA,1437,1205.0,-3.0,0
2024,10,7,1,F9,ATL,TPA,841,406.0,-9.0,0
2024,3,9,6,AA,DFW,SRQ,1230,945.0,365.0,1
2024,9,6,5,AS,SEA,SJC,650,696.0,-9.0,0
2024,12,7,6,9E,JFK,BTV,1050,266.0,8.0,0
2024,2,7,3,WN,COS,MDW,1330,917.0,-9.0,0
2024,4,15,1,G4,AVL,BOS,630,783.0,-6.0,0
2024,9,1,7,MQ,ORD,MCI,2031,403.0,-1.0,0
2024,1,17,3,DL,MIA,MCO,1925,192.0,-3.0,0
2024,2,18,7,OH,CLT,LEX,1817,281.0,15.0,0
2024,12,8,7,F9,TPA,CLE,1839,927.0,2.0,0
2024,1,13,6,WN,BNA,SAN,850,1751.0,8.0,0
2024,6,16,7,AA,DFW,BNA,1700,631.0,-1.0,1
2024,1,15,1,WN,TPA,ISP,1720,1034.0,8.0,0
2024,3,4,1,MQ,PHX,SMF,1104,647.0,-2.0,0
2024,12,2,1,WN,GRR,LAS,1515,1642.0,1.0,0
2024,4,29,1,F9,ATL,DFW,1837,731.0,71.0,1
2024,11,11,1,B6,BOS,BNA,1902,942.0,-9.0,0
2024,11,27,3,WN,BNA,PNS,2120,391.0,-7.0,0
2024,7,29,1,NK,ATL,LAS,754,1747.0,-4.0,0
2024,4,8,1,DL,MSP,IAH,1445,1034.0,-6.0,1
2024,3,13,3,WN,SMF,DEN,1205,909.0,49.0,1
2024,7,27,6,9E,LGA,CHS,1735,641.0,-15.0,0
2024,3,29,5,MQ,ORD,LIT,2030,552.0,-6.0,0
2024,2,28,3,B6,LAX,JFK,2236,2475.0,-3.0,0
2024,2,27,2,UA,IAH,FLL,1827,966.0,0.0,0
2024,1,12,5,UA,IAH,PHL,1210,1325.0,-5.0,0
2024,3,7,4,AS,SEA,CLE,921,2021.0,8.0,0
2024,4,8,1,WN,SAN,SAT,1750,1129.0,-6.0,1
2024,8,22,4,OO,ASE,ORD,1117,1013.0,-5.0,0
2024,1,13,6,UA,DCA,ORD,1659,612.0,-4.0,1
2024,11,12,2,WN,LAS,BUR,2005,223.0,-3.0,0
2024,10,25,5,WN,BOS,BWI,2140,369.0,-4.0,0
2024,2,2,5,OH,CLT,ORF,2010,290.0,4.0,0
2024,3,19,2,MQ,COU,ORD,1531,315.0,-3.0,0
2024,3,25,1,DL,ORF,ATL,1624,516.0,-3.0,0
2024,3,13,3,MQ,AVL,CLT,708,91.0,6.0,0
2024,2,10,6,DL,ATL,BOS,2059,946.0,-9.0,0
2024,5,10,5,AA,LIH,LAX,2145,2615.0,10.0,0
2024,4,14,7,YX,LGA,IND,1800,660.0,-7.0,0
2024,11,8,5,WN,LAS,OAK,1820,407.0,9.0,0
2024,3,28,4,NK,EWR,MCO,500,937.0,-4.0,0
2024,8,13,2,OO,HSV,ORD,730,510.0,-10.0,0
2024,7,5,5,WN,BNA,RDU,1015,442.0,141.0,1
2024,5,17,5,B6,JAX,JFK,1211,828.0,22.0,0
2024,9,13,5,UA,LAX,PHX,1250,370.0,-2.0,0
2024,2,2,5,OO,GEG,SEA,1921,224.0,-5.0,0
2024,10,7,1,AS,SAN,HNL,936,2614.0,33.0,1
2024,8,13,2,YX,LGA,BOS,800,184.0,-10.0,0
2024,7,13,6,AA,ORD,LAX,2028,1744.0,122.0,1
2024,8,12,1,9E,ATL,SHV,2140,551.0,-7.0,0
2024,11,3,7,DL,ECP,ATL,705,240.0,6.0,0
2024,5,17,5,WN,MYR,BWI,725,399.0,-3.0,0
2024,3,9,6,AA,ORD,LAX,1716,1744.0,86.0,1
2024,5,6,1,AA,ICT,DFW,1833,328.0,100.0,1
2024,4,11,4,AA,LAX,SFO,821,337.0,22.0,1
2024,3,4,1,AS,LAX,PDX,2055,834.0,59.0,1
2024,10,24,4,AA,CLT,CVG,1448,335.0,15.0,0
2024,6,28,5,OO,LAX,SJC,1217,308.0,-4.0,0
2024,7,6,6,G4,FLL,LEX,1306,865.0,-3.0,1
2024,4,5,5,DL,MDW,ATL,1706,591.0,51.0,1
2024,8,2,5,NK,IAH,BWI,1324,1235.0,38.0,1
2024,10,13,7,F9,ONT,LAS,2059,197.0,32.0,1
2024,3,23,6,WN,PIT,DEN,810,1290.0,-2.0,0
2024,4,30,2,AA,DCA,ORD,600,612.0,-2.0,0
2024,9,25,3,WN,MCI,MDW,1920,405.0,-6.0,0
2024,9,12,4,WN,MCO,BWI,1740,787.0,-3.0,0
2024,4,3,3,OH,CLT,PNS,1815,488.0,-3.0,0
2024,9,29,7,MQ,DFW,TUL,808,237.0,-6.0,0
2024,2,12,1,AA,BOS,AUS,1311,1698.0,-2.0,0
2024,11,19,2,WN,PHX,ELP,1955,347.0,-4.0,0
2024,4,4,4,WN,ELP,AUS,1020,528.0,-2.0,0
2024,9,14,6,AA,CLT,DFW,935,936.0,6.0,0
2024,4,28,7,YX,IND,LGA,1603,660.0,-8.0,0
2024,6,28,5,MQ,SJC,PHX,1914,621.0,121.0,1
2024,1,23,2,WN,PHX,CMH,1845,1670.0,9.0,0
2024,11,12,2,YX,BOS,CMH,1945,640.0,-9.0,0
2024,8,2,5,G4,LIT,PIE,2044,734.0,139.0,1
2024,12,15,7,DL,PHX,ATL,1613,1587.0,48.0,1
2024,3,30,6,AA,BOS,PHL,1211,280.0,4.0,0
2024,4,16,2,WN,BWI,ATL,715,577.0,-2.0,0
2024,7,23,2,WN,TPA,DAL,1430,917.0,17.0,1
2024,10,4,5,DL,SDF,ATL,1224,321.0,-4.0,0
2024,3,17,7,WN,AUS,LAS,1210,1090.0,-1.0,0
2024,4,3,3,WN,BWI,CLE,1425,314.0,18.0,0
2024,2,23,5,WN,HOU,ATL,1635,696.0,-6.0,0
2024,12,14,6,OO,PHX,TUS,945,110.0,-7.0,0
2024,4,18,4,AA,SMF,DFW,2359,1431.0,-7.0,0
2024,4,18,4,AA,PHX,LAS,2038,255.0,-4.0,0
2024,4,6,6,WN,MDW,ORF,830,704.0,2.0,0
2024,10,23,3,OH,MYR,DCA,1928,372.0,-12.0,0
2024,11,29,5,WN,AUS,DAL,1715,189.0,0.0,0
2024,10,26,6,UA,AUS,IAH,515,140.0,-8.0,0
2024,7,29,1,UA,IAH,DFW,2025,224.0,3.0,0
2024,12,23,1,B6,MIA,BOS,1455,1258.0,65.0,1
2024,11,24,7,AA,SNA,ORD,1140,1726.0,-3.0,0
2024,10,19,6,NK,ATL,DTW,700,594.0,-6.0,0
2024,1,10,3,AA,CLT,RSW,900,600.0,-3.0,0
2024,9,26,4,WN,SJC,PHX,1925,621.0,-9.0,0
2024,11,21,4,OO,PHX,OKC,944,833.0,-1.0,0
2024,5,20,1,AA,PHX,CMH,858,1670.0,4.0,0
2024,12,2,1,B6,MIA,JFK,1307,1089.0,2.0,0
2024,3,27,3,WN,OAK,HOU,1835,1642.0,-1.0,0
2024,5,11,6,UA,ORD,SEA,1611,1721.0,9.0,0
2024,9,29,7,DL,ATL,IND,2245,432.0,-2.0,0
2024,7,31,3,OO,DRO,DFW,1028,674.0,-7.0,0
2024,6,2,7,DL,LGA,MCO,1850,950.0,3.0,0
2024,11,25,1,UA,ORD,EWR,1350,719.0,63.0,1
2024,11,16,6,AA,CLT,AVP,916,509.0,-7.0,0
2024,7,28,7,MQ,DFW,TUL,1448,237.0,-2.0,0
2024,4,13,6,WN,AUS,LAS,1205,1090.0,-3.0,0
2024,4,20,6,AA,EWR,PHX,1023,2133.0,917.0,1
2024,11,13,3,WN,OKC,HOU,1845,419.0,-9.0,0
2024,10,5,6,DL,ATL,JAN,2252,341.0,-4.0,0
2024,8,21,3,WN,DAL,MSY,1945,436.0,-5.0,0
2024,6,9,7,OO,MFE,AUS,1737,279.0,-10.0,0
2024,9,11,3,OO,AMA,DEN,1750,359.0,-1.0,0
2024,2,16,5,UA,IAD,PHX,833,1956.0,-4.0,0
2024,5,28,2,AA,PHL,ORD,1030,678.0,-1.0,0
2024,9,8,7,WN,BNA,HOU,1420,670.0,15.0,0
2024,6,25,2,UA,ORD,RSW,715,1120.0,130.0,1
2024,6,30,7,WN,BWI,GRR,1055,528.0,27.0,1
2024,9,15,7,WN,DAL,MCO,730,973.0,21.0,0
2024,4,26,5,NK,ORD,FLL,1038,1182.0,-1.0,0
2024,10,15,2,DL,MCO,ATL,1405,404.0,-7.0,0
2024,9,29,7,F9,TPA,CVG,1145,773.0,-6.0,0
2024,2,27,2,AA,JFK,MIA,730,1089.0,-3.0,0
2024,12,1,7,DL,ATL,GSO,1238,306.0,29.0,1
2024,3,30,6,OH,CLT,OAJ,1846,191.0,-5.0,0
2024,10,13,7,UA,XNA,DEN,900,616.0,-11.0,0
2024,4,1,1,WN,FAT,LAS,530,259.0,18.0,0
2024,4,18,4,DL,CHA,ATL,1520,106.0,3.0,0
2024,10,26,6,NK,IAH,LAX,1221,1379.0,-9.0,0
2024,12,7,6,WN,DCA,HOU,600,1218.0,-5.0,0
2024,9,15,7,WN,ORD,BNA,1620,409.0,132.0,1
2024,9,7,6,AA,SAN,CLT,1252,2077.0,-12.0,0
2024,10,3,4,WN,DEN,LAS,1940,628.0,0.0,0
2024,4,24,3,MQ,DFW,ABI,909,158.0,0.0,0
2024,8,28,3,9E,ROA,ATL,1315,357.0,1.0,0
2024,12,31,2,9E,ATL,LEX,1235,304.0,5.0,0
2024,3,21,4,OO,PHX,TUS,2035,110.0,-3.0,0
2024,10,8,2,AS,SEA,RNO,1709,564.0,-4.0,0
2024,4,29,1,NK,PIT,LAX,600,2136.0,-1.0,0
2024,11,7,4,OO,RDD,LAX,1902,501.0,-10.0,0
2024,4,16,2,WN,MDW,MSY,735,825.0,-5.0,0
2024,9,10,2,MQ,DFW,JAN,835,408.0,-9.0,0
2024,4,9,2,DL,CLT,ATL,920,226.0,-3.0,0
2024,12,9,1,OO,MSP,RST,2245,76.0,-8.0,0
2024,6,30,7,AA,MSP,ORD,1736,334.0,142.0,1
2024,11,5,2,NK,MSY,LAX,2017,1670.0,-9.0,0
2024,2,19,1,DL,ATL,ORD,1830,606.0,-1.0,0
2024,3,19,2,OO,AZO,DTW,630,113.0,-8.0,0
2024,5,28,2,DL,DTW,PDX,835,1953.0,-1.0,0
2024,10,22,2,WN,MCI,PHX,1600,1044.0,-2.0,0
2024,7,12,5,WN,CHS,DAL,1845,977.0,94.0,1
2024,6,28,5,AS,ANC,SEA,500,1448.0,-7.0,0
2024,12,9,1,B6,JFK,SJU,1200,1598.0,-3.0,0
2024,10,21,1,UA,DEN,BZN,1340,524.0,-8.0,0
2024,6,2,7,DL,FAY,ATL,600,331.0,-2.0,0
2024,10,9,3,OO,DEN,MRY,1125,959.0,-6.0,0
2024,10,5,6,HA,HNL,KOA,1150,163.0,12.0,0
2024,8,17,6,OO,DEN,AMA,1915,359.0,157.0,1
2024,6,17,1,B6,RDU,JFK,1459,427.0,107.0,1
2024,11,23,6,AA,MIA,LAX,833,2342.0,-5.0,0
2024,11,24,7,YX,ORF,EWR,1714,284.0,-1.0,0
2024,8,31,6,WN,BNA,BWI,710,587.0,-6.0,0
2024,6,8,6,B6,JFK,SAN,559,2446.0,-8.0,0
2024,11,26,2,WN,GEG,PHX,635,1020.0,-3.0,0
2024,10,22,2,UA,ORD,DEN,714,888.0,122.0,1
2024,2,2,5,WN,OMA,MDW,1125,423.0,-1.0,0
2024,6,11,2,UA,ORD,PDX,1245,1739.0,-2.0,0
2024,5,22,3,AA,SAN,DFW,921,1171.0,5.0,1
2024,6,4,2,UA,DEN,LAX,1345,862.0,-3.0,0
2024,3,16,6,MQ,FAR,ORD,504,557.0,-4.0,0
2024,4,15,1,OO,BOI,LAX,605,674.0,-6.0,0
2024,8,13,2,F9,DEN,LAS,2238,628.0,82.0,1
2024,3,10,7,B6,LGA,DEN,1350,1620.0,25.0,0
2024,2,8,4,WN,BNA,VPS,1940,389.0,-9.0,0
2024,10,13,7,OO,XNA,ORD,1410,522.0,-10.0,0
2024,9,1,7,WN,OGG,HNL,1820,100.0,-6.0,0
2024,1,28,7,B6,DEN,LGA,1327,1620.0,3.0,1
2024,11,5,2,HA,KOA,HNL,1320,163.0,-2.0,0
2024,7,6,6,DL,IAH,LAX,600,1379.0,-7.0,0
2024,12,28,6,UA,DEN,LAS,1625,628.0,-4.0,0
2024,11,5,2,OO,ATL,XNA,1428,589.0,-4.0,0
2024,4,19,5,WN,BNA,CLE,1930,448.0,5.0,0
2024,10,22,2,DL,ATL,BNA,1641,214.0,6.0,0
2024,4,4,4,UA,IAD,BNA,1705,542.0,54.0,1
2024,6,25,2,AA,DCA,CHS,1725,444.0,13.0,0
2024,11,10,7,YX,CLE,LGA,1048,419.0,-5.0,0
2024,4,22,1,DL,SEA,TPA,1340,2520.0,3.0,0
2024,9,21,6,OO,SWO,DFW,531,225.0,-3.0,0
2024,10,28,1,OO,ORD,MKE,1547,67.0,54.0,1
2024,9,2,1,HA,HNL,ITO,1615,216.0,-3.0,0
2024,12,28,6,AA,GRR,CLT,600,583.0,-3.0,0
2024,8,24,6,OO,IMT,DTW,1452,344.0,-7.0,0
2024,11,30,6,AA,OKC,DFW,1436,175.0,81.0,1
2024,2,20,2,OO,LAX,SLC,1245,590.0,10.0,0
2024,10,14,1,WN,SJC,LGB,1945,324.0,-5.0,0
2024,5,5,7,DL,ATL,COS,1935,1184.0,86.0,1
2024,2,26,1,UA,DEN,SFO,959,967.0,-2.0,0
2024,12,23,1,DL,ATL,PHL,1846,666.0,11.0,0
2024,8,19,1,UA,IAD,SAN,1245,2253.0,3.0,0
2024,8,23,5,AA,DFW,EGE,1235,721.0,17.0,0
2024,12,6,5,DL,LGA,FLL,1929,1076.0,4.0,0
2024,8,31,6,AA,SJU,MIA,1338,1045.0,76.0,1
2024,3,17,7,AA,LAX,LAS,1956,236.0,-2.0,0
2024,9,30,1,DL,HOU,ATL,1900,696.0,-12.0,0
2024,10,22,2,DL,DTW,AUS,2055,1149.0,-6.0,0
2024,9,5,4,YX,LGA,CLE,2115,419.0,-6.0,0
2024,11,24,7,B6,ATL,JFK,2004,760.0,41.0,1
2024,7,10,3,DL,SLC,MCI,1403,920.0,-3.0,0
2024,6,28,5,AA,MCO,DFW,716,985.0,-8.0,0
2024,9,16,1,YX,CMH,DCA,627,323.0,-7.0,0
2024,10,30,3,WN,DAL,HOU,1830,239.0,29.0,1
2024,10,18,5,9E,BUF,JFK,1844,301.0,-10.0,0
2024,6,5,3,9E,DTW,MQT,1620,349.0,-2.0,0
2024,5,29,3,WN,GEG,DEN,1300,836.0,7.0,0
2024,10,17,4,OO,DRO,PHX,545,351.0,-9.0,0
2024,10,2,3,OO,RIC,DTW,1725,456.0,-6.0,0
2024,11,3,7,UA,MCI,ORD,1135,403.0,-5.0,0
2024,5,29,3,9E,ATL,ABE,1451,692.0,-4.0,0
2024,2,20,2,WN,LAS,DAL,1555,1067.0,-4.0,0
2024,6,27,4,AS,SEA,LIH,1759,2701.0,-9.0,0
2024,12,7,6,F9,SFO,LAS,1053,414.0,-10.0,0
2024,3,13,3,UA,BWI,LAX,800,2329.0,-7.0,0
2024,3,11,1,WN,LAS,BWI,1750,2106.0,-1.0,0
2024,10,28,1,WN,MDW,SAN,630,1728.0,-5.0,0
2024,5,25,6,WN,ISP,MCO,840,971.0,1.0,0
2024,3,8,5,DL,SAN,SLC,1923,626.0,-2.0,0
2024,3,10,7,G4,FLL,AVL,1532,661.0,54.0,1
2024,11,19,2,OH,CVG,CLT,1359,335.0,57.0,1
2024,8,28,3,OO,MSP,SDF,2000,604.0,-3.0,0
2024,10,6,7,OO,RDM,SFO,1729,462.0,14.0,0
2024,4,16,2,WN,DAL,AUS,1230,189.0,-8.0,0
2024,4,9,2,AS,SAN,MCO,1055,2149.0,-7.0,0
2024,4,15,1,WN,AUS,SAN,1210,1164.0,14.0,1
2024,12,21,6,OO,RDM,SEA,500,228.0,-8.0,0
2024,8,14,3,OO,DTW,AZO,1030,113.0,-10.0,0
2024,3,21,4,WN,BWI,MDW,1900,611.0,13.0,0
2024,5,9,4,OO,DTW,AZO,1639,113.0,23.0,1
2024,2,27,2,WN,LGB,OAK,1940,353.0,-7.0,0
2024,11,28,4,UA,BQN,EWR,109,1585.0,6.0,0
2024,6,20,4,OO,SEA,SJC,725,696.0,-10.0,0
2024,5,4,6,MQ,ORD,LEX,1820,323.0,2.0,0
2024,8,7,3,AA,LAS,DFW,1637,1055.0,32.0,1
2024,11,18,1,WN,MCO,IND,650,829.0,-5.0,0
2024,8,7,3,OH,CLT,IAD,1107,322.0,-4.0,0
2024,4,26,5,OO,DEN,OKC,2059,495.0,-3.0,1
2024,7,25,4,YX,LGA,PIT,1025,335.0,-10.0,0
2024,1,28,7,AA,MTJ,DFW,1441,722.0,-4.0,0
2024,2,14,3,WN,PHX,COS,1855,551.0,-2.0,0
2024,7,16,2,OO,BOI,GEG,951,287.0,38.0,1
2024,8,4,7,WN,LAS,SNA,1250,226.0,3.0,0
2024,9,9,1,AS,PDX,BOS,1024,2537.0,-6.0,0
2024,6,30,7,UA,DEN,IAD,745,1452.0,10.0,0
2024,4,11,4,UA,SFO,BUR,1040,326.0,-5.0,0
2024,11,10,7,OH,DFW,SDF,2103,733.0,-5.0,0
2024,9,24,2,AA,DFW,SJC,1139,1438.0,6.0,0
2024,3,28,4,NK,DTW,ATL,839,594.0,-6.0,0
2024,12,28,6,OO,JAC,LAX,1530,784.0,39.0,1
2024,2,21,3,WN,CMH,MCO,910,802.0,-7.0,0
2024,8,15,4,WN,MCO,STL,1825,882.0,-5.0,0
2024,4,2,2,DL,SLC,SMF,2300,532.0,-6.0,0
2024,9,12,4,OO,SLC,FAT,1550,501.0,-3.0,0
2024,9,26,4,AA,CLT,BOS,2240,728.0,10.0,0
2024,6,6,4,NK,SJU,ATL,1620,1547.0,-5.0,1
2024,5,8,3,DL,EWR,MSP,614,1008.0,-9.0,0
2024,4,9,2,WN,SAT,SAN,1025,1129.0,38.0,1
2024,2,1,4,B6,ORD,JFK,1740,740.0,14.0,0
2024,1,5,5,AA,IND,MIA,600,1020.0,0.0,0
2024,6,7,5,B6,SAV,JFK,1441,718.0,-9.0,0
2024,8,8,4,DL,GRR,ATL,600,640.0,6.0,0
2024,4,18,4,DL,ATL,SNA,1745,1919.0,36.0,1
2024,1,29,1,OO,SEA,GEG,925,224.0,202.0,1
2024,10,5,6,MQ,RDU,ORD,1329,646.0,2.0,0
2024,6,12,3,OH,HPN,DCA,1725,234.0,-7.0,0
2024,7,24,3,9E,LGA,GSO,1959,461.0,46.0,1
2024,8,22,4,YX,RDU,JFK,1431,427.0,-3.0,0
2024,10,21,1,WN,LAX,BWI,530,2329.0,-4.0,0
2024,5,31,5,F9,SFO,ONT,515,363.0,-6.0,0
2024,10,17,4,WN,DAL,LAS,900,1067.0,-4.0,0
2024,1,3,3,OO,SAN,SJC,1915,417.0,10.0,0
2024,5,31,5,AS,DTW,SEA,700,1927.0,-3.0,0
2024,1,18,4,UA,RSW,LAX,830,2238.0,-4.0,0
2024,9,7,6,WN,STL,DTW,1400,440.0,11.0,0
2024,3,11,1,OO,SJC,SLC,1013,584.0,24.0,1
2024,5,26,7,DL,SJU,ATL,1431,1547.0,-5.0,0
2024,9,24,2,UA,DEN,BWI,1755,1491.0,-2.0,0
2024,9,2,1,YX,SDF,IAD,948,451.0,-11.0,0
2024,2,29,4,UA,SDF,DEN,1515,1024.0,-3.0,0
2024,7,6,6,DL,TPA,JFK,1100,1005.0,21.0,0
2024,4,3,3,WN,PHX,BOI,835,735.0,-5.0,0
2024,4,4,4,WN,ECP,STL,1000,634.0,-5.0,0
2024,3,14,4,9E,JFK,SYR,1354,209.0,73.0,1
2024,6,3,1,B6,FLL,TLH,745,393.0,-10.0,0
2024,5,20,1,OO,MDT,ORD,1222,594.0,0.0,0
2024,9,5,4,MQ,ABQ,DFW,1439,569.0,10.0,0
2024,8,11,7,AS,PDX,SNA,1110,859.0,-10.0,0
2024,8,17,6,AS,PIT,SEA,700,2125.0,-11.0,0
2024,11,28,4,WN,ATL,PHX,610,1587.0,0.0,0
2024,11,7,4,NK,DFW,TPA,719,929.0,20.0,1
2024,8,16,5,WN,PHX,SAN,1220,304.0,-5.0,0
2024,4,25,4,WN,DAL,SAN,2015,1182.0,41.0,1
2024,3,7,4,DL,ATL,IAD,1721,534.0,-2.0,0
2024,11,5,2,YX,BOS,DCA,2010,399.0,-8.0,0
2024,3,17,7,OO,LAX,SLC,1859,590.0,-4.0,0
2024,8,24,6,DL,STL,ATL,600,484.0,-6.0,0
2024,2,15,4,AA,CLT,MCO,915,468.0,-5.0,0
2024,11,17,7,YX,MCI,EWR,645,1092.0,-4.0,0
2024,8,13,2,AS,ORD,SFO,1820,1846.0,11.0,1
2024,8,16,5,OO,SEA,SMF,1659,605.0,-6.0,0
2024,5,12,7,AA,PHX,ORD,1850,1440.0,-5.0,0
2024,9,11,3,UA,DFW,EWR,1310,1372.0,-9.0,0
2024,1,24,3,AA,SYR,DFW,605,1336.0,-7.0,0
2024,7,11,4,WN,DEN,MCO,1735,1546.0,48.0,1
2024,3,31,7,DL,ATL,MDW,1100,591.0,-5.0,0
2024,8,9,5,AA,PHX,BOS,1230,2300.0,42.0,1
2024,10,16,3,UA,HNL,DEN,2010,3365.0,-5.0,0
2024,8,22,4,AA,PDX,DFW,1143,1616.0,6.0,0
2024,8,14,3,UA,IAH,DCA,1650,1208.0,-1.0,0
2024,1,18,4,WN,DEN,BNA,625,1014.0,-7.0,0
2024,1,9,2,WN,FLL,MSY,1850,674.0,24.0,1
2024,6,25,2,OO,ORD,ASE,850,1013.0,48.0,1
2024,5,29,3,MQ,TLH,DFW,600,767.0,-3.0,0
2024,1,28,7,WN,SJC,BUR,1630,296.0,-3.0,0
2024,2,3,6,WN,LAS,LAX,1250,236.0,4.0,0
2024,11,18,1,YX,DTW,LGA,1826,502.0,-10.0,0
2024,1,30,2,DL,SLC,DEN,2055,391.0,-4.0,0
2024,8,8,4,AS,PHX,PDX,1000,1009.0,-8.0,0
2024,12,26,4,AA,MCO,DFW,646,985.0,-5.0,0
2024,3,5,2,DL,ATL,IAH,1235,689.0,0.0,0
2024,8,16,5,AA,DFW,SMF,843,1431.0,59.0,1
2024,11,7,4,UA,DFW,IAH,700,224.0,10.0,1
2024,6,13,4,OO,ABE,ORD,640,655.0,-12.0,0
2024,8,13,2,UA,ATL,ORD,1020,606.0,-7.0,0
2024,10,8,2,OO,DEN,SAF,1115,303.0,-8.0,0
2024,10,5,6,AA,BDL,CLT,1719,644.0,-14.0,0
2024,5,15,3,OO,BIS,MSP,1741,386.0,7.0,0
2024,2,9,5,DL,ATL,RDU,715,356.0,-3.0,0
2024,8,19,1,WN,DAL,DEN,1025,651.0,-5.0,0
2024,4,23,2,OO,MSP,CMH,857,626.0,-4.0,0
2024,1,1,1,WN,MDW,PHL,1610,668.0,28.0,1
2024,8,22,4,AA,PHX,BOS,2202,2300.0,11.0,0
2024,11,15,5,OO,RDD,SFO,1050,199.0,-9.0,0
2024,8,31,6,UA,BNA,SFO,700,1969.0,5.0,0
2024,4,30,2,NK,FLL,SAT,2215,1145.0,8.0,0
2024,4,26,5,UA,ORD,PIT,1420,413.0,-5.0,0
2024,1,18,4,YX,LGA,CLE,815,419.0,-9.0,0
2024,1,8,1,OO,BNA,IAH,1535,657.0,190.0,1
2024,12,5,4,WN,BNA,CLE,1835,448.0,3.0,0
2024,11,25,1,AS,JFK,PSP,1145,2378.0,-7.0,0
2024,4,18,4,AA,DFW,LGA,610,1389.0,3.0,0
2024,9,30,1,AS,SEA,DAL,735,1670.0,3.0,0
2024,8,6,2,OO,SMF,SFO,1430,86.0,208.0,1
2024,9,30,1,MQ,TYS,ORD,1111,475.0,-5.0,0
2024,11,27,3,WN,HOU,CRP,2235,187.0,-5.0,0
2024,5,16,4,OO,DEN,MAF,956,563.0,0.0,0
2024,10,6,7,OO,PHX,LAX,1615,370.0,-8.0,0
2024,10,15,2,MQ,PHX,BFL,2032,425.0,-7.0,0
2024,6,13,4,WN,MCI,OAK,1705,1489.0,12.0,0
2024,5,6,1,9E,PIT,LGA,1934,335.0,-3.0,0
2024,2,18,7,AS,PDX,LAX,1735,834.0,-6.0,0
2024,4,19,5,OH,GSP,CLT,1616,75.0,-4.0,0
2024,3,28,4,DL,ATL,PHX,1237,1587.0,-2.0,0
2024,8,11,7,AA,DFW,PHL,830,1303.0,38.0,0
2024,4,17,3,WN,BNA,DAL,2050,623.0,-3.0,0
2024,3,13,3,MQ,SGF,DFW,823,364.0,-6.0,0
2024,12,24,2,MQ,MIA,JAX,1340,335.0,-2.0,0
2024,5,3,5,AA,PHX,AUS,906,872.0,-8.0,0
2024,2,9,5,NK,MCO,IND,1148,829.0,-11.0,0
2024,4,26,5,F9,SEA,DEN,1803,1024.0,-2.0,1
2024,1,4,4,DL,MSP,DEN,1245,680.0,-3.0,0
2024,7,31,3,YX,IND,BOS,1836,818.0,12.0,0
2024,7,30,2,DL,SDF,ATL,1059,321.0,-10.0,0
2024,5,24,5,WN,SAV,BNA,1105,417.0,-1.0,1
2024,12,28,6,OO,SFO,SNA,2021,372.0,-10.0,0
2024,8,6,2,UA,IAH,ORD,1000,925.0,-3.0,0
2024,2,21,3,WN,OKC,ATL,725,761.0,-1.0,0
2024,3,5,2,9E,JFK,ROC,1300,264.0,-6.0,0
2024,5,20,1,MQ,DFW,OKC,1258,175.0,-3.0,0
2024,5,28,2,YX,DSM,LGA,801,1031.0,-9.0,0
2024,11,2,6,AS,PDX,BUR,815,817.0,19.0,0
2024,1,2,2,UA,DEN,MIA,1355,1709.0,-3.0,0
2024,10,21,1,DL,ATL,MSN,1525,707.0,-6.0,0
2024,8,13,2,9E,SYR,MSP,636,860.0,-4.0,0
2024,10,2,3,AA,MIA,STX,1051,1139.0,-3.0,0
2024,6,8,6,AS,IAD,SFO,700,2419.0,-9.0,0
2024,10,14,1,YX,OMA,LGA,1135,1148.0,-8.0,0
2024,2,25,7,DL,MSY,ATL,1508,425.0,9.0,0
2024,11,13,3,WN,MCO,PVD,1645,1072.0,-4.0,0
2024,4,10,3,WN,MCO,HOU,1800,849.0,22.0,1
2024,10,6,7,WN,BUF,BWI,1545,281.0,14.0,0
2024,12,25,3,G4,SPI,PGD,1845,994.0,3.0,1
2024,12,29,7,UA,SRQ,ORD,1415,1050.0,75.0,1
2024,10,20,7,DL,DTW,SAN,1650,1956.0,-10.0,0
2024,4,2,2,F9,SFO,DEN,47,967.0,11.0,1
2024,11,14,4,G4,PGD,SBN,1524,1049.0,-3.0,0
2024,8,30,5,B6,MCO,BOS,2045,1121.0,135.0,1
2024,4,28,7,9E,CHO,ATL,1836,457.0,25.0,0
2024,3,31,7,AA,CLT,JAX,741,328.0,-4.0,0
2024,11,22,5,OH,DCA,BDL,1219,313.0,-8.0,0
2024,10,1,2,AA,DFW,BUR,1918,1231.0,-4.0,0
2024,11,4,1,WN,FLL,DCA,1815,899.0,12.0,1
2024,6,28,5,AA,DFW,DSM,1654,624.0,-5.0,0
2024,1,23,2,DL,DFW,BOS,1210,1562.0,24.0,1
2024,11,1,5,AA,CLT,MIA,905,650.0,45.0,1
2024,9,24,2,9E,ILM,LGA,716,500.0,-14.0,0
2024,9,6,5,AS,SEA,DFW,2245,1660.0,18.0,1
2024,10,13,7,WN,BDL,DEN,600,1671.0,2.0,0
2024,5,26,7,AA,FAT,DFW,1040,1313.0,3.0,0
2024,5,31,5,WN,AUS,DEN,515,775.0,53.0,1
2024,9,15,7,G4,LEX,SFB,1504,667.0,14.0,0
2024,11,27,3,HA,HNL,KOA,1920,163.0,79.0,1
2024,8,21,3,OO,DFW,AEX,819,285.0,-10.0,0
2024,4,3,3,OO,GGG,DFW,609,140.0,-1.0,0
2024,7,6,6,OO,IAH,ICT,2136,542.0,21.0,0
2024,2,19,1,YX,ORD,BOS,1325,867.0,-4.0,0
2024,2,22,4,UA,ORD,SAN,1310,1723.0,-4.0,0
2024,2,7,3,DL,LGA,DEN,730,1620.0,-7.0,0
2024,10,6,7,OO,GPT,DFW,1055,500.0,-10.0,0
2024,12,6,5,UA,ATL,IAD,925,534.0,-4.0,0
2024,12,2,1,MQ,BNA,ORD,1007,409.0,12.0,0
2024,9,25,3,OO,TYS,ORD,1755,475.0,1.0,0
2024,4,29,1,DL,ATL,GSO,1550,306.0,-4.0,0
2024,6,9,7,F9,DEN,SFO,511,967.0,-2.0,0
2024,3,11,1,AA,LAX,CLT,1330,2125.0,1.0,0
2024,4,11,4,UA,IAH,DEN,1817,862.0,0.0,0
2024,12,27,5,F9,SJU,TPA,1028,1237.0,-5.0,0
2024,6,7,5,WN,PHX,DEN,1415,602.0,133.0,1
2024,5,17,5,OO,SUN,SLC,730,222.0,-9.0,0
2024,2,7,3,WN,MSP,BWI,1530,936.0,-4.0,0
2024,7,2,2,OO,SAT,LAX,1500,1211.0,-1.0,0
2024,2,7,3,OO,SEA,SMF,1105,605.0,-6.0,0
2024,5,20,1,WN,HNL,ITO,1430,216.0,-1.0,0
2024,12,19,4,B6,JFK,LAS,959,2248.0,-13.0,0
2024,9,20,5,AA,JFK,MIA,706,1089.0,-7.0,0
2024,9,23,1,AA,LGA,CLT,1715,544.0,-4.0,0
2024,1,21,7,F9,ATL,LAS,2302,1747.0,20.0,0
2024,6,5,3,OO,ONT,SEA,1842,956.0,0.0,0
2024,4,3,3,OO,DEN,MAF,956,563.0,38.0,1
2024,4,24,3,WN,AUS,DEN,1205,775.0,0.0,0
2024,4,15,1,WN,SAN,PHX,715,304.0,-7.0,0
2024,7,3,3,WN,OAK,MCI,610,1489.0,-4.0,0
2024,7,2,2,WN,STL,PHL,1935,814.0,19.0,1
2024,10,29,2,OO,IAH,ICT,2030,542.0,-4.0,0
2024,8,28,3,B6,DCA,FLL,1045,899.0,-11.0,0
2024,11,25,1,UA,LAS,IAH,800,1222.0,-7.0,0
2024,12,28,6,AS,HNL,SEA,2321,2677.0,1.0,0
2024,12,15,7,DL,LAX,JFK,730,2475.0,19.0,0
2024,10,25,5,UA,EWR,MSP,1410,1008.0,-5.0,0
2024,5,25,6,WN,MYR,BWI,1920,399.0,11.0,1
2024,9,19,4,UA,DEN,MCO,952,1546.0,-5.0,0
2024,12,21,6,OH,DCA,DSM,1000,897.0,100.0,1
2024,5,21,2,F9,CVG,ATL,631,373.0,-6.0,0
2024,2,16,5,G4,BLV,SRQ,1020,876.0,-16.0,0
2024,8,18,7,AA,AUS,DFW,2037,190.0,-13.0,0
2024,11,10,7,WN,ATL,STL,2045,484.0,57.0,1
2024,12,9,1,G4,LAS,MFE,645,1210.0,-8.0,1
2024,3,1,5,AA,DFW,MIA,2042,1121.0,1.0,0
2024,2,29,4,AS,SAN,PDX,1025,933.0,3.0,0
2024,4,21,7,WN,SMF,LGB,705,387.0,-4.0,0
2024,9,2,1,F9,JAX,PHL,819,742.0,0.0,0
2024,6,6,4,9E,LGA,BTV,2147,258.0,4.0,1
2024,5,25,6,WN,FLL,MCO,1900,177.0,1.0,0
2024,3,17,7,AA,DFW,PHL,830,1303.0,1.0,0
2024,2,12,1,OO,DTW,ORD,1359,235.0,-3.0,0
2024,1,2,2,9E,MCI,JFK,1000,1113.0,5.0,0
2024,4,3,3,YX,ALB,ORD,1652,723.0,-3.0,0
2024,12,11,3,WN,BNA,BWI,1315,587.0,3.0,0
2024,10,27,7,AA,PHX,AUS,931,872.0,10.0,0
2024,2,28,3,DL,SLC,SAN,800,626.0,-2.0,0
2024,8,31,6,AS,SEA,ANC,1000,1448.0,10.0,0
2024,3,2,6,AA,DFW,HDN,815,769.0,-1.0,0
2024,12,29,7,AA,ORD,FLL,1213,1182.0,47.0,1
2024,1,14,7,DL,SEA,SAN,945,1050.0,73.0,1
2024,5,9,4,OO,ORD,IND,1321,177.0,-6.0,0
2024,10,3,4,B6,BOS,AUS,700,1698.0,-8.0,0
2024,2,5,1,UA,DEN,RAP,1906,300.0,7.0,0
2024,6,9,7,YX,BOS,CLE,1415,563.0,-7.0,0
2024,3,12,2,WN,SRQ,BNA,720,648.0,0.0,0
2024,5,6,1,OO,DEN,BIS,1350,516.0,40.0,1
2024,6,27,4,NK,LAS,SJC,921,386.0,-8.0,0
2024,4,21,7,MQ,PVD,ORD,726,849.0,-7.0,0
2024,3,31,7,WN,BWI,ABQ,1500,1670.0,-5.0,0
2024,5,8,3,AS,SEA,DEN,609,1024.0,3.0,0
2024,12,1,7,OO,DEN,RIW,2100,296.0,12.0,0
2024,10,2,3,WN,AUS,BUR,1730,1241.0,17.0,0
2024,3,6,3,WN,HOU,DAL,730,239.0,-2.0,0
2024,2,4,7,NK,MKE,MCO,645,1066.0,-3.0,0
2024,1,24,3,DL,BIS,MSP,500,386.0,-5.0,0
2024,3,14,4,WN,BUR,BNA,730,1791.0,9.0,1
2024,4,14,7,DL,DTW,GRR,2154,120.0,-5.0,0
2024,12,26,4,B6,DEN,BOS,2316,1754.0,-3.0,0
2024,8,12,1,UA,RSW,IAD,1328,891.0,-12.0,0
2024,9,15,7,9E,JFK,ORF,1959,290.0,-8.0,0
2024,5,29,3,OH,MLI,CLT,700,674.0,3.0,0
2024,9,7,6,OO,PHX,ABQ,1910,328.0,-7.0,0
2024,10,12,6,DL,ATL,PDX,1645,2172.0,3.0,0
2024,2,14,3,F9,DEN,PHX,955,602.0,-5.0,0
2024,9,13,5,OO,LAX,PRC,1930,346.0,-3.0,0
2024,11,21,4,DL,ATL,MLB,1218,442.0,-8.0,0
2024,10,4,5,WN,ABQ,LAS,630,486.0,-2.0,0
2024,3,18,1,DL,SLC,SJC,2250,584.0,-8.0,0
2024,5,30,4,WN,MEM,MDW,1655,480.0,195.0,1
2024,2,28,3,WN,RSW,STL,815,979.0,-4.0,0
2024,9,19,4,AA,DFW,LGA,1300,1389.0,9.0,0
2024,5,7,2,WN,PHX,LAX,2000,370.0,36.0,1
2024,10,14,1,MQ,CMH,DCA,1747,323.0,-1.0,0
2024,10,8,2,MQ,DFW,MGM,1235,622.0,-3.0,0
2024,11,17,7,DL,MSY,JFK,1130,1182.0,0.0,0
2024,7,18,4,9E,MCI,JFK,1003,1113.0,-5.0,0
2024,10,3,4,YX,CVG,JFK,1749,589.0,-3.0,0
2024,1,14,7,OO,BLI,SEA,1325,93.0,2.0,0
2024,10,14,1,9E,JFK,RIC,810,288.0,-5.0,0
2024,4,29,1,B6,MCO,SLC,1851,1931.0,-7.0,0
2024,1,26,5,B6,BOS,RDU,1455,612.0,63.0,1
2024,10,2,3,NK,ATL,LGA,545,762.0,-8.0,0
2024,9,15,7,F9,BWI,MDW,1529,611.0,29.0,1
2024,12,2,1,OO,BOI,SFO,645,522.0,0.0,0
2024,9,23,1,WN,SMF,LAX,705,373.0,2.0,0
2024,8,13,2,AS,SEA,PDX,2249,129.0,40.0,1
2024,6,20,4,B6,BOS,JAX,1050,1010.0,-5.0,0
2024,1,14,7,DL,DFW,DTW,1110,986.0,12.0,0
2024,7,5,5,9E,DTW,MEM,825,610.0,-3.0,0
2024,4,14,7,AA,EWR,DFW,830,1372.0,-3.0,0
2024,6,6,4,F9,MSP,DFW,1743,852.0,58.0,1
2024,10,3,4,WN,SEA,DEN,835,1024.0,-2.0,0
2024,5,4,6,YX,LGA,CMH,850,479.0,-9.0,0
2024,12,12,4,B6,BOS,BUF,2050,395.0,-5.0,0
2024,3,28,4,AS,IAH,SEA,1859,1874.0,-2.0,1
2024,11,9,6,AA,PHL,CLT,1752,449.0,-7.0,0
2024,4,22,1,NK,EWR,DTW,2200,488.0,-6.0,0
2024,1,12,5,UA,EWR,MIA,1800,1085.0,125.0,1
2024,1,25,4,UA,IAH,CLT,1210,912.0,-5.0,0
2024,10,1,2,UA,SFO,SAT,1045,1482.0,24.0,1
2024,5,6,1,YX,DCA,LGA,2200,214.0,-7.0,0
2024,6,16,7,UA,DEN,AUS,1540,775.0,98.0,1
2024,11,24,7,WN,MCO,MCI,1225,1072.0,10.0,0
2024,4,13,6,F9,SFO,SLC,1223,599.0,29.0,1
2024,4,9,2,UA,IAD,IAH,1242,1190.0,-4.0,0
2024,9,3,2,NK,FLL,ATL,700,581.0,-4.0,0
2024,11,6,3,NK,FLL,EWR,1419,1065.0,-6.0,0
2024,7,12,5,WN,SAT,ELP,1005,496.0,-3.0,0
2024,9,18,3,UA,FCA,DEN,615,752.0,-8.0,0
2024,3,18,1,WN,RSW,STL,745,979.0,0.0,0
2024,6,15,6,B6,JFK,ABQ,2012,1826.0,50.0,1
2024,5,14,2,AA,CLT,SAV,2249,213.0,139.0,1
2024,5,10,5,WN,PDX,SJC,1115,569.0,-5.0,0
2024,5,2,4,AA,DFW,ORD,1830,802.0,97.0,1
2024,12,22,7,WN,AUS,SLC,925,1086.0,16.0,0
2024,12,24,2,AA,ORF,MIA,625,802.0,93.0,1
2024,11,12,2,WN,BZN,LAS,1330,701.0,0.0,0
2024,5,20,1,AA,PHL,PIT,1846,268.0,-4.0,0
2024,9,5,4,DL,DTW,IAH,1241,1075.0,174.0,1
2024,4,23,2,WN,LAS,RNO,1225,345.0,-9.0,0
2024,7,12,5,OH,PHL,SDF,1309,576.0,65.0,1
2024,1,21,7,OO,PHX,OKC,947,833.0,-11.0,0
2024,11,18,1,UA,EWR,IAD,1507,212.0,-2.0,0
2024,5,24,5,OH,BHM,CLT,1307,350.0,-7.0,0
2024,8,26,1,AA,LAX,DFW,1430,1235.0,-4.0,0
2024,11,15,5,DL,ATL,FLL,1959,581.0,1.0,0
2024,6,26,3,DL,DTW,MCI,2015,629.0,0.0,0
2024,6,14,5,OH,BNA,DCA,1922,562.0,-2.0,0
2024,12,9,1,F9,ATL,RDU,600,356.0,-10.0,0
2024,11,9,6,WN,SAN,BWI,700,2295.0,1.0,0
2024,3,19,2,WN,BNA,MCI,2145,491.0,9.0,0
2024,4,20,6,OO,DEN,EGE,1132,120.0,-5.0,0
2024,12,1,7,DL,SEA,SNA,1218,978.0,84.0,1
2024,9,19,4,AS,LAX,PDX,1200,834.0,-5.0,0
2024,8,9,5,UA,EWR,TPA,700,997.0,-5.0,0
2024,10,27,7,DL,FLL,ATL,1238,581.0,25.0,1
2024,8,23,5,OO,ORD,AVL,725,536.0,-10.0,0
2024,2,14,3,WN,RNO,LAS,1550,345.0,2.0,1
2024,8,3,6,WN,PIT,BWI,1740,210.0,203.0,1
2024,9,5,4,MQ,TVC,DCA,1245,599.0,-6.0,0
2024,5,31,5,OO,FSD,PHX,1443,1081.0,-14.0,0
2024,9,12,4,AA,AUS,LAS,1555,1090.0,83.0,1
2024,11,8,5,UA,IAH,SEA,1620,1874.0,-6.0,0
2024,7,30,2,WN,HNL,KOA,1640,163.0,-2.0,0
2024,3,25,1,WN,MDW,TPA,530,997.0,-3.0,0
2024,11,17,7,AA,DFW,TUL,1443,237.0,61.0,1
2024,6,20,4,MQ,DFW,MHK,1429,431.0,-5.0,0
2024,9,29,7,OO,DEN,COS,1805,73.0,-4.0,0
2024,4,5,5,WN,SMF,SAN,1900,480.0,47.0,1
2024,4,7,7,9E,JFK,SYR,2259,209.0,-6.0,0
2024,3,7,4,9E,JFK,RDU,900,427.0,-9.0,0
2024,7,15,1,AS,SEA,LIH,1759,2701.0,4.0,0
2024,12,20,5,AA,MKE,DFW,747,853.0,5.0,0
2024,6,24,1,WN,BUR,AUS,730,1241.0,-5.0,0
2024,4,22,1,UA,OMA,DEN,1410,472.0,-9.0,0
2024,10,18,5,OO,RIC,MSP,720,970.0,-3.0,0
2024,8,7,3,OO,SFO,TUS,1655,751.0,15.0,0
2024,8,22,4,OO,ORD,FSD,845,462.0,-9.0,0
2024,4,22,1,WN,MDW,SMF,1545,1790.0,17.0,1
2024,3,3,7,YX,PIT,RDU,701,328.0,-12.0,0
2024,11,9,6,WN,MCO,HOU,1010,849.0,17.0,0
2024,2,26,1,WN,PHX,OGG,950,2845.0,21.0,0
2024,10,9,3,AS,JNU,SEA,1859,909.0,-13.0,1
2024,7,25,4,OO,LAX,SMF,2100,373.0,-4.0,0
2024,12,10,2,YX,LGA,CHO,1200,305.0,-8.0,0
2024,9,5,4,DL,SAN,MSP,1313,1532.0,-4.0,0
2024,2,1,4,DL,ATL,HOU,1520,696.0,2.0,0
2024,8,12,1,AA,CLT,DFW,1653,936.0,-3.0,0
2024,2,2,5,UA,EWR,IAH,1545,1400.0,-7.0,0
2024,4,29,1,UA,PIT,IAD,1031,182.0,-3.0,0
2024,7,6,6,F9,LGA,RDU,600,431.0,-12.0,0
2024,2,17,6,DL,ATL,HSV,1845,151.0,-14.0,0
2024,10,23,3,UA,DEN,MCI,2052,533.0,-8.0,0
2024,6,5,3,F9,DEN,PDX,506,991.0,41.0,1
2024,9,14,6,UA,IAH,CLT,1840,912.0,1.0,0
2024,9,6,5,9E,SYR,DTW,539,374.0,-10.0,0
2024,6,4,2,AA,CLT,SFO,2032,2296.0,180.0,1
2024,5,27,1,OO,AMA,DEN,1740,359.0,11.0,0
2024,1,2,2,AS,FAI,ANC,530,261.0,-16.0,0
2024,12,18,3,UA,EWR,SFO,1630,2565.0,0.0,0
2024,8,4,7,DL,ATL,BNA,2110,214.0,93.0,1
2024,4,9,2,AA,DFW,DCA,705,1192.0,-4.0,0
2024,6,14,5,YX,BOS,PIT,845,496.0,-7.0,0
2024,1,23,2,AA,DFW,LAX,830,1235.0,-4.0,0
2024,6,21,5,OH,BDL,DCA,1958,313.0,-9.0,0
2024,9,28,6,WN,LAS,BUR,720,223.0,125.0,1
2024,11,13,3,WN,DEN,SFO,1010,967.0,4.0,0
2024,6,14,5,AA,MIA,SJU,1849,1045.0,1.0,0
2024,12,6,5,OO,GSP,ORD,1735,577.0,4.0,1
2024,10,5,6,DL,GRR,MSP,720,408.0,15.0,0
2024,10,13,7,AA,SNA,DFW,1500,1205.0,-3.0,0
2024,10,21,1,WN,SAT,DEN,1330,794.0,10.0,0
2024,10,25,5,OH,VPS,DCA,1042,789.0,19.0,1
2024,6,4,2,F9,PHX,DEN,1325,602.0,-1.0,1
2024,12,3,2,OO,LAX,SBA,1120,89.0,-1.0,0
2024,7,24,3,UA,LAX,OGG,1110,2486.0,-7.0,0
2024,6,19,3,AA,CLT,IND,1636,427.0,-6.0,0
2024,12,3,2,UA,CLT,ORD,1740,599.0,5.0,1
2024,10,10,4,OO,DEN,COS,1435,73.0,40.0,1
2024,2,8,4,OO,SFO,BFL,2235,238.0,-8.0,0
2024,9,15,7,DL,MSP,LAX,1835,1535.0,4.0,0
2024,3,3,7,B6,BOS,TPA,1438,1185.0,-9.0,1
2024,12,23,1,DL,BOS,MSP,740,1124.0,13.0,1
2024,3,6,3,UA,DFW,EWR,1636,1372.0,0.0,0
2024,7,28,7,AA,MIA,SMF,2050,2552.0,-2.0,0
2024,10,22,2,DL,RDU,SLC,1857,1823.0,-5.0,0
2024,9,6,5,OH,CLT,SAV,2020,213.0,-3.0,0
2024,3,3,7,AA,MIA,IND,2120,1020.0,10.0,1
2024,9,12,4,AA,JFK,PHX,643,2153.0,10.0,0
2024,3,14,4,F9,MCO,SYR,600,1053.0,-2.0,0
2024,8,27,2,NK,LAS,SNA,2000,226.0,6.0,0
2024,1,29,1,OO,IAH,HDN,1005,985.0,-7.0,0
2024,2,11,7,WN,AUS,ELP,2040,528.0,5.0,0
2024,12,1,7,DL,ATL,MCO,910,404.0,-1.0,0
2024,10,31,4,DL,LAS,LAX,605,236.0,-1.0,0
2024,8,8,4,WN,CLE,MDW,700,307.0,22.0,0
2024,6,1,6,WN,SAN,SJC,1930,417.0,-2.0,0
2024,1,24,3,B6,JFK,MCO,819,944.0,-15.0,0
2024,11,29,5,UA,ORD,LGA,1830,733.0,-7.0,0
2024,8,5,1,AA,OKC,CLT,1347,940.0,-9.0,0
2024,5,23,4,B6,IAH,JFK,1237,1417.0,649.0,1
2024,5,14,2,DL,ICT,ATL,1122,782.0,36.0,1
2024,5,2,4,WN,BWI,MIA,1700,946.0,6.0,0
2024,12,20,5,AA,SNA,ORD,750,1726.0,343.0,1
2024,4,21,7,OH,CLT,HPN,724,564.0,13.0,1
2024,2,26,1,DL,SFO,DTW,1246,2079.0,7.0,0
2024,6,27,4,B6,LGA,BOS,930,184.0,-2.0,0
2024,4,16,2,UA,DEN,PHX,1125,602.0,41.0,1
2024,2,21,3,NK,MCO,BOS,1645,1121.0,137.0,1
2024,10,12,6,WN,AMA,DAL,1630,323.0,-6.0,0
2024,8,19,1,DL,MSY,DTW,1117,926.0,-7.0,0
2024,8,16,5,MQ,GRR,ORD,1922,137.0,113.0,1
2024,12,24,2,WN,PHX,SNA,1915,338.0,-2.0,0
2024,3,18,1,YX,IND,DCA,2125,500.0,-9.0,0
2024,10,19,6,WN,BWI,DAL,935,1209.0,13.0,0
2024,3,17,7,WN,DAL,FLL,1315,1108.0,6.0,0
2024,9,7,6,OO,ASE,ORD,910,1013.0,-5.0,0
2024,9,9,1,DL,SLC,ATL,1415,1590.0,1.0,0
2024,3,12,2,WN,HOU,MDW,2015,937.0,7.0,0
2024,2,17,6,WN,BNA,MYR,1150,471.0,-1.0,0
2024,3,3,7,OO,IAH,AMA,930,517.0,-6.0,0
2024,6,13,4,MQ,DFW,ACT,1720,89.0,7.0,0
2024,4,2,2,OO,GTF,SLC,530,463.0,-6.0,0
2024,4,2,2,B6,FLL,JFK,1826,1069.0,8.0,0
2024,9,19,4,DL,MDW,ATL,600,591.0,-5.0,0
2024,10,12,6,AA,MCO,MIA,950,192.0,-2.0,0
2024,6,3,1,UA,CLE,ORD,1753,316.0,-2.0,0
2024,11,10,7,DL,ATL,MCO,2100,404.0,-3.0,0
2024,1,28,7,F9,PHL,RSW,900,993.0,-3.0,0
2024,8,30,5,UA,ORD,IAH,1035,925.0,29.0,1
2024,1,7,7,MQ,DFW,BIL,1123,1081.0,27.0,0
2024,6,18,2,WN,SNA,LAS,1140,226.0,66.0,1
2024,6,20,4,WN,OAK,LGB,1305,353.0,2.0,0
2024,5,23,4,AA,LAX,ORD,940,1744.0,-4.0,0
2024,4,15,1,B6,CHS,BOS,1331,818.0,78.0,1
2024,4,23,2,MQ,MEM,DFW,1730,431.0,-6.0,0
2024,7,23,2,DL,ATL,STL,1405,484.0,70.0,1
2024,4,4,4,DL,ATL,DTW,1510,594.0,-2.0,0
2024,11,29,5,OO,DEN,MKE,1735,896.0,-4.0,0
2024,2,17,6,YX,MIA,PIT,1355,1013.0,-5.0,0
2024,12,10,2,DL,MSP,BZN,1105,874.0,-2.0,0
2024,8,27,2,OH,IAD,CLT,1747,322.0,-10.0,0
2024,12,28,6,OO,SLC,HLN,2110,402.0,-5.0,0
2024,1,1,1,F9,SMF,LAS,1756,397.0,-9.0,0
2024,7,3,3,WN,MCO,PVD,2040,1072.0,0.0,0
2024,7,11,4,OH,BHM,DCA,1659,653.0,40.0,1
2024,9,3,2,OO,DFW,LCH,2109,295.0,-5.0,0
2024,11,24,7,DL,SYR,ATL,1231,794.0,-3.0,0
2024,3,2,6,OH,PHL,MEM,1055,875.0,-4.0,0
2024,5,8,3,AS,PDX,ANC,2145,1542.0,-2.0,0
2024,5,26,7,DL,DTW,PVD,1520,615.0,-7.0,0
2024,3,28,4,OO,DEN,FCA,1345,752.0,-1.0,0
2024,3,10,7,OH,CVG,DCA,1730,411.0,-6.0,0
2024,10,11,5,DL,ATL,DTW,600,594.0,-3.0,0
2024,7,14,7,AS,DEN,SEA,1042,1024.0,-2.0,0
2024,7,16,2,OO,ORD,PVD,1754,849.0,20.0,1
2024,3,17,7,OH,CLT,ECP,1105,437.0,-5.0,0
2024,7,5,5,B6,SJU,STT,1048,68.0,-14.0,0
2024,10,30,3,UA,EWR,SJU,947,1608.0,-4.0,0
2024,2,22,4,WN,STL,ATL,1830,484.0,21.0,1
2024,8,12,1,WN,BUR,SMF,1725,358.0,17.0,0
2024,7,19,5,MQ,CLT,LIT,2010,640.0,326.0,1
2024,8,12,1,NK,EWR,FLL,500,1065.0,32.0,0
2024,9,15,7,WN,PHX,PDX,1745,1009.0,1.0,0
2024,11,21,4,MQ,TLH,MIA,605,402.0,-6.0,0
2024,6,24,1,DL,ATL,SYR,2236,794.0,92.0,1
2024,11,3,7,UA,DEN,EWR,1133,1605.0,2.0,0
2024,7,11,4,UA,MSP,ORD,1835,334.0,52.0,1
2024,3,27,3,AA,DSM,DFW,1743,624.0,19.0,0
2024,11,19,2,OO,DEN,JMS,1325,573.0,-11.0,0
2024,11,30,6,AA,DFW,LAX,1500,1235.0,-3.0,0
2024,4,23,2,OO,DTW,IAD,715,383.0,-8.0,0
2024,4,1,1,DL,BWI,ATL,600,577.0,11.0,0
2024,10,10,4,OO,DFW,GJT,1446,773.0,-4.0,0
2024,10,27,7,AA,SDF,CLT,1105,335.0,-2.0,0
2024,8,19,1,F9,LAS,DFW,600,1055.0,-1.0,0
2024,6,17,1,UA,IAH,LAX,2148,1379.0,0.0,0
2024,7,10,3,WN,AUS,IND,1210,919.0,2.0,0
2024,3,17,7,WN,MCO,PHX,2050,1849.0,105.0,1
2024,11,4,1,OH,SBN,CLT,622,534.0,-10.0,0
2024,1,17,3,DL,SAN,SEA,1855,1050.0,-8.0,0
2024,6,26,3,MQ,ORD,BGR,1324,978.0,-4.0,0
2024,5,15,3,UA,IAH,FLL,1210,966.0,236.0,1
2024,5,27,1,DL,RDU,MSP,1854,980.0,-5.0,0
2024,11,15,5,OH,DCA,BNA,734,562.0,1.0,0
2024,4,9,2,AS,CLE,SEA,1859,2021.0,-18.0,0
2024,8,25,7,OO,MSP,ABR,1553,257.0,0.0,0
2024,7,28,7,G4,SGF,VPS,1441,610.0,0.0,0
2024,7,4,4,UA,IAD,EWR,1724,212.0,33.0,1
2024,4,18,4,DL,JFK,MCO,1156,944.0,44.0,1
2024,11,9,6,HA,KOA,HNL,1919,163.0,-10.0,0
2024,12,20,5,YX,ORF,ORD,700,717.0,-4.0,0
2024,8,23,5,AA,PDX,DFW,59,1616.0,30.0,1
2024,4,8,1,DL,SEA,ATL,2315,2182.0,3.0,0
2024,5,15,3,OO,DEN,BIL,800,455.0,-7.0,0
2024,8,29,4,DL,ORD,SLC,1930,1250.0,380.0,1
2024,1,19,5,UA,ATL,ORD,1850,606.0,3.0,0
2024,2,21,3,OO,IAH,BTR,1815,253.0,-5.0,0
2024,1,25,4,UA,DEN,RDM,1910,898.0,75.0,1
2024,4,4,4,MQ,CMH,MIA,1827,990.0,45.0,1
2024,1,27,6,OO,DEN,XNA,1748,616.0,-3.0,0
2024,11,13,3,DL,SEA,AUS,1750,1770.0,-6.0,0
2024,7,21,7,DL,CVG,ATL,1147,373.0,534.0,1
2024,1,27,6,B6,LGA,FLL,600,1076.0,-1.0,0
2024,5,20,1,AA,ORD,MCI,1901,403.0,133.0,1
2024,9,21,6,DL,LAS,MSP,605,1299.0,-4.0,0
2024,10,9,3,AA,JFK,LAX,1630,2475.0,-8.0,0
2024,5,26,7,OH,BNA,DCA,1542,562.0,19.0,1
2024,8,14,3,NK,BWI,IAH,1922,1235.0,24.0,0
2024,1,24,3,AA,DFW,DTW,1830,986.0,-4.0,0
2024,12,26,4,WN,SMF,SLC,1535,532.0,111.0,1
2024,8,3,6,OO,XNA,DEN,1135,616.0,-8.0,0
2024,5,7,2,WN,MCO,BWI,2125,787.0,106.0,1
2024,4,13,6,WN,BUR,SJC,1510,296.0,-7.0,0
2024,4,12,5,DL,SRQ,ATL,700,444.0,1.0,0
2024,12,1,7,OH,STL,DCA,617,719.0,4.0,0
2024,3,27,3,YX,JFK,DCA,1534,213.0,-6.0,0
2024,6,16,7,AS,SEA,STS,1145,618.0,-3.0,0
2024,12,19,4,UA,PHL,ORD,1850,678.0,11.0,0
2024,5,17,5,AA,DFW,RIC,1024,1158.0,95.0,1
2024,11,20,3,UA,ORD,ATL,1430,606.0,127.0,1
2024,2,5,1,DL,DTW,BUF,2212,241.0,-10.0,0
2024,9,23,1,AA,DCA,DFW,530,1192.0,-2.0,1
2024,7,28,7,DL,SEA,SLC,1715,689.0,31.0,1
2024,11,5,2,WN,DAL,AUS,1735,189.0,-2.0,0
2024,2,19,1,UA,RDU,ORD,1017,646.0,3.0,0
2024,9,24,2,WN,LAS,SMF,2020,397.0,-2.0,0
2024,11,29,5,OH,BHM,DCA,1728,653.0,-7.0,0
2024,6,23,7,DL,ATL,TPA,1509,406.0,-3.0,0
2024,1,20,6,DL,BOS,SLC,1620,2105.0,-3.0,0
2024,2,23,5,AA,BNA,CLT,610,328.0,43.0,1
2024,7,15,1,UA,DEN,RDM,1121,898.0,-6.0,0
2024,5,8,3,AA,CLT,MCI,859,808.0,-5.0,0
2024,7,20,6,9E,ROA,LGA,955,405.0,128.0,1
2024,11,3,7,OO,DFW,GRI,1317,561.0,148.0,1
2024,8,9,5,AA,DFW,RIC,1024,1158.0,0.0,0
2024,3,22,5,WN,PHX,ABQ,2150,328.0,42.0,1
2024,9,1,7,UA,SAN,IAH,745,1303.0,-3.0,0
2024,9,1,7,DL,JFK,SFO,900,2586.0,18.0,0
2024,5,28,2,UA,CLE,IAH,615,1091.0,-2.0,0
2024,12,28,6,WN,BNA,HOU,940,670.0,-1.0,0
2024,12,15,7,OO,SJC,PDX,615,569.0,-7.0,0
2024,10,4,5,DL,LGA,ATL,1000,762.0,-10.0,0
2024,1,15,1,WN,SAN,SMF,1830,480.0,2.0,0
2024,10,8,2,9E,JFK,CVG,1450,589.0,-5.0,0
2024,4,9,2,NK,LGA,MYR,525,563.0,-8.0,0
2024,9,1,7,AA,BDL,DCA,1735,313.0,31.0,1
2024,3,4,1,OO,IAH,MEM,1210,468.0,-6.0,0
2024,7,14,7,OO,ORD,DEC,1535,156.0,15.0,1
2024,11,15,5,UA,SJU,IAH,745,2007.0,-3.0,0
2024,2,5,1,OO,IAH,MSY,2140,305.0,1.0,0
2024,9,15,7,YX,CHO,LGA,1300,305.0,227.0,1
2024,3,31,7,DL,LGA,DEN,730,1620.0,-4.0,0
2024,12,24,2,DL,JAC,SLC,1315,205.0,-4.0,0
2024,2,19,1,WN,BWI,BUF,1030,281.0,-1.0,0
2024,12,21,6,AA,CLT,LAX,1503,2125.0,28.0,0
2024,12,6,5,DL,IND,ATL,1351,432.0,65.0,1
2024,5,11,6,9E,DCA,CVG,1008,411.0,-10.0,0
2024,1,13,6,DL,SFO,LAX,1255,337.0,24.0,0
2024,2,25,7,B6,PHX,BOS,2359,2300.0,-10.0,0
2024,8,28,3,NK,MCO,IAH,2323,854.0,-4.0,0
2024,7,26,5,NK,ACY,MCO,600,852.0,4.0,0
2024,6,18,2,AA,CLT,RDU,2053,130.0,7.0,0
2024,12,15,7,YX,DCA,BOS,1345,399.0,-5.0,0
2024,8,23,5,DL,SEA,ATL,2339,2182.0,63.0,1
2024,3,30,6,DL,DEN,JFK,1300,1626.0,-6.0,0
2024,2,23,5,UA,DFW,IAD,705,1172.0,-4.0,0
2024,12,14,6,DL,LAX,RDU,1205,2239.0,377.0,1
2024,4,12,5,MQ,ORD,MSP,858,334.0,-1.0,0
2024,5,29,3,DL,ATL,DAY,2225,432.0,-3.0,0
2024,4,13,6,DL,MSP,LAX,1000,1535.0,0.0,0
2024,5,29,3,MQ,DFW,XNA,2237,280.0,7.0,0
2024,11,20,3,UA,DEN,DRO,1115,251.0,-6.0,0
2024,11,29,5,AA,ORD,PHL,1213,678.0,-8.0,0
2024,1,16,2,DL,MKE,SLC,740,1247.0,20.0,0
2024,7,19,5,DL,SAT,LAX,700,1211.0,40.0,1
2024,7,11,4,F9,RDU,CLE,1619,416.0,-8.0,0
2024,10,28,1,OH,CLT,ECP,1005,437.0,0.0,1
2024,2,21,3,DL,DFW,LGA,1907,1389.0,188.0,1
2024,7,4,4,AA,DFW,SNA,1434,1205.0,4.0,0
2024,6,26,3,WN,SJC,DEN,1245,948.0,0.0,0
2024,8,17,6,9E,ROC,JFK,1816,264.0,101.0,1
2024,4,30,2,WN,DAL,LGA,1340,1381.0,44.0,1
2024,1,17,3,DL,STL,MSP,1755,448.0,-6.0,0
2024,7,31,3,OH,CLT,TYS,1100,177.0,10.0,0
2024,10,3,4,OO,BFL,PHX,1640,425.0,2.0,0
2024,10,21,1,YX,EWR,IND,1520,645.0,-7.0,0
2024,5,30,4,WN,MDW,BHM,2155,570.0,-7.0,0
2024,2,29,4,AA,CLT,SMF,1856,2244.0,39.0,1
2024,11,5,2,WN,TUL,DAL,1735,238.0,19.0,0
2024,11,2,6,B6,BOS,LAX,1500,2611.0,4.0,0
2024,12,9,1,WN,BUR,SMF,2000,358.0,-8.0,0
2024,10,6,7,AA,LAS,MIA,35,2174.0,22.0,0
2024,10,6,7,OH,LIT,CLT,1835,640.0,142.0,1
2024,10,29,2,YX,ORD,DCA,1015,612.0,-5.0,0
2024,10,17,4,B6,BOS,DEN,710,1754.0,-5.0,0
2024,4,18,4,UA,PDX,SFO,1555,550.0,59.0,1
2024,6,30,7,DL,SEA,SFO,2159,679.0,-3.0,0
2024,2,27,2,UA,DFW,SFO,1940,1464.0,-8.0,0
2024,8,7,3,WN,LIH,OAK,840,2457.0,-2.0,0
2024,9,1,7,WN,SLC,BWI,1340,1865.0,8.0,0
2024,7,14,7,AS,SEA,PHL,956,2378.0,8.0,0
2024,1,12,5,DL,DCA,MSP,734,931.0,9.0,0
2024,11,15,5,DL,DTW,LGA,1416,502.0,-5.0,0
2024,4,25,4,WN,AUS,BWI,1955,1342.0,100.0,1
2024,2,12,1,DL,DTW,LGA,1815,502.0,-5.0,0
2024,6,25,2,DL,DFW,BOS,1859,1562.0,59.0,1
2024,3,21,4,AS,AUS,SEA,1335,1770.0,166.0,1
2024,6,9,7,B6,ACK,JFK,1240,199.0,-7.0,0
2024,6,26,3,DL,MSY,LAX,630,1670.0,-5.0,0
2024,10,22,2,MQ,JAX,MIA,1036,335.0,-4.0,0
2024,10,1,2,NK,PHL,MCO,545,861.0,-8.0,0
2024,1,2,2,AA,LAX,MIA,2250,2342.0,-1.0,0
2024,7,20,6,AS,SEA,ANC,1859,1448.0,3.0,0
2024,10,14,1,WN,HRL,AUS,700,273.0,-3.0,0
2024,6,3,1,DL,ATL,SJC,915,2116.0,16.0,0
2024,1,8,1,AA,MCO,MIA,1005,192.0,9.0,0
2024,11,7,4,WN,SMF,BUR,1325,358.0,-2.0,0
2024,12,28,6,MQ,ORD,JAX,815,864.0,-7.0,0
2024,5,28,2,AA,CLT,MHT,1100,737.0,-1.0,0
2024,12,6,5,DL,ATL,BWI,1354,577.0,3.0,0
2024,5,31,5,G4,AUS,PIT,630,1210.0,64.0,1
2024,12,30,1,UA,BWI,DEN,1602,1491.0,10.0,0
2024,7,25,4,DL,ATL,LAX,1500,1947.0,28.0,1
2024,3,30,6,UA,AUS,EWR,600,1504.0,-9.0,0
2024,1,6,6,AA,SAT,PHX,857,843.0,-8.0,0
2024,12,19,4,MQ,DFW,LRD,810,396.0,-4.0,0
2024,1,29,1,OO,ORD,CRW,1420,416.0,-4.0,0
2024,7,16,2,MQ,DFW,ICT,813,328.0,-2.0,0
2024,7,31,3,DL,CLE,ATL,1659,554.0,11.0,0
2024,2,16,5,AS,SEA,SJC,2145,696.0,-9.0,0
2024,10,14,1,WN,SJC,LAS,1740,386.0,-8.0,0
2024,7,4,4,B6,SJU,MCO,1045,1189.0,-3.0,0
2024,7,29,1,UA,LAX,ORD,700,1744.0,-7.0,0
2024,5,8,3,WN,ONT,OAK,730,362.0,-3.0,0
2024,2,16,5,WN,BWI,MYR,1340,399.0,-7.0,0
2024,10,9,3,YX,DTW,SDF,1220,306.0,-6.0,0
2024,2,7,3,AS,LAX,SEA,1355,954.0,-13.0,0
2024,11,8,5,MQ,TLH,MIA,1026,402.0,9.0,0
2024,2,20,2,B6,PBI,HPN,1018,1056.0,-8.0,0
2024,9,19,4,AA,MIA,MCO,1700,192.0,51.0,1
2024,1,15,1,AA,ORD,DFW,830,802.0,148.0,1
2024,5,19,7,9E,CVG,JFK,1627,589.0,-10.0,0
2024,1,15,1,NK,PIT,FLL,535,994.0,7.0,1
2024,8,23,5,YX,CMH,LGA,1416,479.0,-6.0,0
2024,5,21,2,DL,MIA,RDU,1825,700.0,6.0,0
2024,11,15,5,NK,LGA,FLL,1854,1076.0,-6.0,0
2024,9,7,6,OO,JST,ORD,1424,487.0,-10.0,0
2024,10,30,3,AA,CLT,SAT,1300,1095.0,-3.0,0
2024,1,2,2,UA,DEN,PDX,1620,991.0,0.0,0
2024,12,9,1,WN,STL,RSW,1800,979.0,3.0,0
2024,3,4,1,DL,BOS,RDU,1350,612.0,-5.0,0
2024,6,16,7,AA,LAX,RDU,2236,2239.0,39.0,1
2024,3,27,3,UA,BOS,EWR,1845,200.0,0.0,0
2024,5,1,3,AA,DCA,SRQ,1536,851.0,-3.0,0
2024,11,28,4,G4,FSD,AZA,1329,1072.0,-3.0,0
2024,4,23,2,OO,DEN,HLN,1909,594.0,-10.0,0
2024,1,3,3,OO,MSP,GTF,2130,887.0,-6.0,0
2024,2,26,1,DL,SLC,SFO,1515,599.0,26.0,1
2024,2,3,6,F9,BUF,MCO,1230,1011.0,66.0,1
2024,8,30,5,AS,SEA,GEG,1818,224.0,-5.0,0
2024,7,1,1,UA,EWR,ATL,600,746.0,-2.0,0
2024,11,21,4,9E,ATL,BTR,840,448.0,-4.0,0
2024,6,28,5,MQ,ORD,MQT,1433,303.0,47.0,1
2024,12,12,4,WN,BNA,PHX,1255,1449.0,19.0,0
2024,5,7,2,F9,DEN,PIT,745,1290.0,-7.0,1
2024,7,4,4,UA,IAH,DCA,1807,1208.0,-5.0,0
2024,5,13,1,WN,PVD,TPA,1230,1136.0,19.0,1
2024,1,27,6,UA,MSP,EWR,740,1008.0,-6.0,0
2024,11,14,4,WN,STL,AUS,2225,721.0,-11.0,0
2024,10,10,4,YX,IAD,LGA,820,229.0,-3.0,0
2024,3,15,5,WN,DCA,OMA,1635,1012.0,-2.0,0
2024,5,19,7,UA,AUS,ORD,1726,977.0,7.0,1
2024,4,22,1,AA,MIA,STT,1045,1107.0,8.0,0
2024,10,10,4,YX,DCA,OMA,837,1012.0,-8.0,0
2024,2,17,6,NK,FLL,IND,1530,1005.0,57.0,1
2024,5,1,3,B6,JFK,MSY,1346,1182.0,102.0,1
2024,6,23,7,WN,BUF,BWI,1910,281.0,0.0,0
2024,8,25,7,AA,PHL,BUF,2115,279.0,-6.0,0
2024,3,19,2,WN,MDW,RSW,550,1105.0,3.0,0
2024,11,2,6,AA,CLT,STT,900,1520.0,-3.0,1
2024,10,20,7,AA,DFW,SAN,2250,1171.0,45.0,1
2024,7,13,6,AS,SEA,SAT,2334,1774.0,3.0,0
2024,5,15,3,AA,DFW,MCO,929,985.0,1.0,1
2024,9,4,3,AA,LGA,DFW,1100,1389.0,31.0,1
2024,10,18,5,DL,ATL,OAK,1935,2130.0,-6.0,0
2024,10,27,7,F9,TPA,CLE,600,927.0,-10.0,0
2024,7,14,7,DL,FLL,ATL,1107,581.0,10.0,0
2024,2,3,6,YX,JFK,CVG,1700,589.0,-11.0,0
2024,7,2,2,DL,BIL,SLC,530,387.0,-14.0,0
2024,8,13,2,B6,FLL,JFK,600,1069.0,-10.0,0
2024,7,16,2,MQ,TLH,MIA,2030,402.0,-3.0,0
2024,10,23,3,OO,SJC,LAX,1420,308.0,-5.0,0
2024,3,6,3,AA,MIA,DCA,1415,919.0,14.0,0
2024,7,30,2,AA,CLT,ILM,1825,185.0,60.0,1
2024,2,17,6,UA,EWR,ORD,1959,719.0,6.0,0
2024,10,19,6,G4,AVL,SRQ,1553,554.0,-17.0,0
2024,5,17,5,AA,CLT,SEA,1658,2279.0,95.0,1
2024,11,8,5,YX,JFK,DCA,2059,213.0,-7.0,1
2024,3,17,7,WN,BWI,DEN,1425,1491.0,77.0,1
2024,3,11,1,WN,MDW,RSW,545,1105.0,-4.0,0
2024,1,23,2,OO,SNA,SFO,915,372.0,-9.0,0
2024,8,8,4,DL,JFK,FLL,1119,1069.0,30.0,1
2024,9,6,5,AA,MYR,CLT,505,157.0,-15.0,0
2024,8,29,4,NK,ORD,LAX,2145,1744.0,44.0,1
2024,8,26,1,UA,EWR,ORD,630,719.0,-12.0,0
2024,1,2,2,OO,MSP,ABR,1420,257.0,-5.0,0
2024,6,28,5,YX,RDU,ORD,1752,646.0,8.0,0
2024,10,30,3,WN,DEN,LAS,620,628.0,0.0,0
2024,12,13,5,UA,IAD,BOS,2222,413.0,-3.0,0
2024,7,16,2,B6,BOS,BUF,745,395.0,24.0,1
2024,3,5,2,NK,MSY,EWR,510,1167.0,31.0,0
2024,9,23,1,MQ,FSM,DFW,1617,227.0,-1.0,0
2024,2,19,1,UA,EWR,AUS,1504,1504.0,-8.0,0
2024,10,12,6,AA,PHX,SBP,1009,509.0,65.0,1
2024,7,12,5,WN,STL,BWI,2030,738.0,173.0,1
2024,10,24,4,AA,BUR,DFW,1231,1231.0,-13.0,0
2024,10,24,4,OO,MSP,GFK,1010,284.0,-5.0,0
2024,6,19,3,WN,LAX,STL,1425,1592.0,4.0,0
2024,2,11,7,AA,DCA,FLL,1519,899.0,-10.0,0
2024,12,9,1,WN,PHX,OAK,735,646.0,1.0,0
2024,11,17,7,OO,ORD,CRW,1410,416.0,-10.0,0
2024,10,23,3,F9,LAS,MCO,810,2039.0,-6.0,0
2024,7,27,6,AA,MCO,DCA,2041,759.0,-2.0,0
2024,12,16,1,DL,CMH,SLC,745,1528.0,-4.0,0
2024,1,31,3,HA,OGG,HNL,645,100.0,-8.0,0
2024,7,7,7,NK,FLL,ACY,720,977.0,12.0,0
2024,3,2,6,YX,LGA,MSP,1312,1020.0,-5.0,0
2024,12,28,6,UA,ORD,MCI,2005,403.0,1.0,0
2024,4,26,5,WN,LAS,DEN,1650,628.0,80.0,1
2024,2,8,4,WN,SJC,AUS,700,1476.0,4.0,0
2024,11,10,7,UA,PBI,EWR,1454,1023.0,0.0,0
2024,1,4,4,MQ,DFW,LEX,1015,785.0,-3.0,0
2024,4,19,5,DL,ATL,SLC,2235,1590.0,0.0,0
2024,3,28,4,WN,TPA,AUS,1025,928.0,31.0,1
2024,7,7,7,9E,ITH,JFK,545,189.0,-4.0,0
2024,4,15,1,WN,RNO,LAS,1515,345.0,17.0,1
2024,4,23,2,OO,SEA,BOI,1659,399.0,-5.0,0
2024,11,11,1,UA,ORD,JAX,1110,864.0,-6.0,0
2024,2,21,3,B6,HPN,FLL,1451,1097.0,-1.0,0
2024,8,28,3,OO,ORD,DTW,1750,235.0,218.0,1
2024,3,5,2,MQ,ORD,GRB,950,173.0,-5.0,0
2024,4,3,3,OO,ABR,MSP,1441,257.0,-10.0,0
2024,1,12,5,MQ,ATW,CLT,519,742.0,-4.0,0
2024,9,26,4,G4,PBG,SFB,1841,1175.0,7.0,1
2024,5,5,7,MQ,AUS,IND,1905,919.0,-11.0,0
2024,12,4,3,OO,ICT,IAH,1710,542.0,1005.0,1
2024,8,17,6,DL,SNA,SLC,720,588.0,-11.0,0
2024,11,3,7,OO,DFW,SAF,2053,551.0,240.0,1
2024,1,22,1,F9,PHX,LAS,2323,255.0,49.0,1
2024,2,14,3,WN,BHM,DAL,740,587.0,-3.0,0
2024,2,22,4,UA,PIT,ORD,1050,413.0,-7.0,0
2024,10,31,4,WN,BUR,LAS,1410,223.0,-4.0,0
2024,5,18,6,OO,ATL,CRW,2110,363.0,-4.0,0
2024,3,8,5,YX,MSN,DCA,1755,707.0,-6.0,0
2024,8,13,2,AA,JFK,MIA,800,1089.0,0.0,0
2024,9,6,5,DL,ATL,SLC,1157,1590.0,-6.0,0
2024,7,29,1,DL,SEA,IAD,835,2306.0,-6.0,0
2024,9,24,2,WN,SAN,RNO,1935,488.0,-4.0,0
2024,2,6,2,YX,IND,PHL,541,588.0,-7.0,0
2024,6,17,1,WN,HOU,BNA,1835,670.0,119.0,1
2024,10,19,6,AA,PVD,CLT,1729,683.0,-8.0,0
2024,5,12,7,WN,SBA,DEN,545,916.0,-4.0,0
2024,8,31,6,DL,LAX,SLC,540,590.0,-1.0,0
2024,5,17,5,OH,GRR,DCA,1239,524.0,-13.0,0
2024,11,16,6,DL,JAX,DTW,1145,813.0,-9.0,0
2024,4,22,1,MQ,FWA,ORD,1050,157.0,-8.0,0
2024,11,30,6,OO,BIS,MSP,1740,386.0,17.0,1
2024,3,14,4,WN,MCI,DAL,2120,461.0,68.0,1
2024,4,8,1,OH,CAE,CLT,1249,88.0,-10.0,0
2024,12,6,5,AA,CLT,BNA,2050,328.0,-6.0,0
2024,7,28,7,WN,SJC,BUR,1845,296.0,5.0,0
2024,6,23,7,NK,DTW,TPA,1212,983.0,-9.0,0
2024,8,21,3,YX,EWR,BTV,1410,266.0,-9.0,0
2024,10,9,3,OO,DEN,HSV,1759,1048.0,-6.0,0
2024,7,9,2,WN,MDW,AUS,1325,972.0,36.0,1
2024,12,17,2,AA,CLT,CVG,1450,335.0,-10.0,0
2024,4,10,3,WN,HOU,LGB,845,1374.0,4.0,0
2024,10,28,1,WN,DAL,RDU,1400,1052.0,19.0,1
2024,9,19,4,AA,CLT,CHS,2300,168.0,60.0,1
2024,6,10,1,DL,CAE,ATL,1252,192.0,-3.0,0
2024,1,24,3,WN,MCI,MSP,1425,393.0,-4.0,0
2024,2,10,6,UA,RSW,DEN,1559,1607.0,-3.0,0
2024,9,23,1,WN,MIA,BWI,730,946.0,-4.0,0
2024,5,8,3,F9,LAS,CLE,844,1824.0,10.0,0
2024,1,11,4,AA,DFW,CAE,1351,922.0,14.0,0
2024,11,14,4,AS,PDX,SEA,500,129.0,-6.0,0
2024,1,10,3,UA,LAX,EWR,2100,2454.0,20.0,0
2024,5,17,5,DL,IND,DTW,1849,231.0,-6.0,0
2024,3,8,5,OO,DFW,LCH,1632,295.0,-5.0,0
2024,9,26,4,DL,MSP,STL,905,448.0,19.0,0
2024,10,8,2,WN,SJC,STL,720,1715.0,3.0,0
2024,10,26,6,AA,SYR,CLT,618,603.0,-10.0,0
2024,12,18,3,AS,SEA,ANC,2059,1448.0,2.0,0
2024,8,26,1,WN,BNA,MCO,750,616.0,-5.0,0
2024,5,7,2,UA,DEN,SJC,800,948.0,-9.0,0
2024,8,15,4,OH,DCA,JAX,743,634.0,-4.0,0
2024,8,16,5,OO,SAN,SFO,1555,447.0,-8.0,0
2024,1,6,6,OO,LCH,DFW,1823,295.0,-12.0,0
2024,12,4,3,WN,SMF,PSP,1935,439.0,-5.0,0
2024,11,22,5,WN,MSY,DAL,1630,436.0,-4.0,0
2024,11,25,1,OO,BOI,LAX,700,674.0,-10.0,0
2024,10,1,2,OO,SLC,MFR,2259,575.0,-10.0,0
2024,6,1,6,WN,OMA,DEN,1805,472.0,0.0,0
2024,6,22,6,AA,CLT,GRR,1925,583.0,-3.0,0
2024,8,24,6,NK,LAS,SEA,1235,867.0,-6.0,1
2024,9,2,1,OO,ORD,CVG,1320,264.0,-9.0,0
2024,12,7,6,AA,PHX,SAN,839,304.0,-7.0,0
2024,1,10,3,WN,BUR,DEN,1310,850.0,-5.0,0
2024,9,11,3,UA,ORD,FLL,710,1182.0,-8.0,0
2024,10,9,3,B6,JFK,PBI,1355,1028.0,-1.0,0
2024,10,29,2,WN,SMF,SAN,1230,480.0,0.0,0
2024,9,19,4,UA,MIA,ORD,1605,1197.0,2.0,1
2024,11,21,4,YX,CLE,LGA,1755,419.0,36.0,1
2024,11,6,3,YX,JAX,EWR,1844,820.0,-8.0,0
2024,9,4,3,WN,GEG,LAS,1300,806.0,10.0,0
2024,1,4,4,AS,SEA,MSY,2312,2086.0,-10.0,0
2024,5,16,4,AA,TPA,MIA,2035,204.0,66.0,1
2024,9,5,4,AA,LAS,DFW,1000,1055.0,-3.0,0
2024,12,5,4,DL,DTW,SAN,830,1956.0,-5.0,0
2024,5,27,1,DL,MSP,SAT,2015,1097.0,89.0,1
2024,1,29,1,OO,GSP,DTW,1826,508.0,3.0,1
2024,6,16,7,DL,RSW,LGA,1959,1080.0,-8.0,0
2024,8,21,3,UA,PNS,IAH,700,489.0,-7.0,0
2024,5,14,2,MQ,PNS,MIA,1020,530.0,-1.0,0
2024,5,29,3,DL,ATL,MYR,2200,317.0,-2.0,0
2024,1,24,3,OO,MAF,DEN,1353,563.0,-10.0,0
2024,11,22,5,AA,CLT,IAH,2140,912.0,1.0,0
2024,5,17,5,DL,IAH,ATL,1749,689.0,94.0,1
2024,6,5,3,OO,GRR,MSP,1534,408.0,-9.0,0
2024,6,12,3,AA,JFK,SFO,823,2586.0,-5.0,0
2024,11,26,2,UA,MEM,IAH,700,468.0,-10.0,0
2024,9,19,4,AA,MSP,CLT,1139,930.0,1.0,0
2024,12,11,3,AA,ORD,DFW,647,802.0,-5.0,0
2024,2,19,1,AS,PHX,SEA,1259,1107.0,113.0,1
2024,10,1,2,AA,BNA,DFW,1554,631.0,-5.0,0
2024,10,13,7,AA,DFW,ATL,1620,731.0,-3.0,0
2024,1,3,3,NK,EWR,FLL,1452,1065.0,-3.0,0
2024,6,18,2,WN,HOU,PHX,1655,1020.0,27.0,1
2024,10,31,4,DL,DTW,SAN,1650,1956.0,0.0,0
2024,6,25,2,UA,TPA,EWR,1617,997.0,13.0,1
2024,9,17,2,9E,MSP,CID,2145,220.0,4.0,0
2024,4,26,5,AA,LGA,CLT,1128,544.0,0.0,0
2024,5,10,5,OO,ORD,MKE,1955,67.0,3.0,0
2024,1,11,4,OO,ORD,FNT,1955,223.0,0.0,1
2024,8,19,1,AA,LEX,DFW,601,785.0,12.0,0
2024,2,5,1,DL,SRQ,ATL,1902,444.0,-2.0,0
2024,11,20,3,UA,SFO,MSY,1710,1911.0,13.0,0
2024,7,21,7,G4,DSM,BNA,1314,530.0,2.0,0
2024,7,14,7,G4,BLV,MYR,1119,696.0,-16.0,0
2024,10,17,4,WN,HRL,HOU,525,277.0,-8.0,0
2024,11,16,6,AA,CLT,VPS,2104,460.0,-5.0,0
2024,3,27,3,WN,MSY,FLL,700,674.0,40.0,1
2024,10,4,5,AS,ORD,PDX,700,1739.0,-12.0,0
2024,7,31,3,AA,STL,DCA,610,719.0,-16.0,0
2024,5,18,6,AA,MSY,MIA,1047,675.0,14.0,1
2024,4,24,3,OH,CLT,CHS,1645,168.0,-2.0,0
2024,6,11,2,WN,DAL,BNA,1325,623.0,0.0,0
2024,8,22,4,OO,ORD,MBS,1355,222.0,23.0,1
2024,10,24,4,AA,MCO,DFW,1735,985.0,-7.0,0
2024,12,16,1,HA,HNL,LIH,1849,102.0,-1.0,0
2024,3,26,2,DL,LIT,ATL,1614,453.0,117.0,1
2024,12,9,1,DL,SLC,RDU,1150,1823.0,-9.0,0
2024,3,19,2,WN,LAS,BUR,2005,223.0,-2.0,0
2024,11,11,1,OO,DEN,ASE,1905,125.0,39.0,1
2024,3,17,7,MQ,CID,ORD,1635,196.0,-6.0,0
2024,12,17,2,WN,PIT,MDW,1910,402.0,-2.0,0
2024,4,25,4,YX,EWR,MKE,1622,725.0,-2.0,0
2024,2,26,1,WN,DAL,SAT,1730,247.0,-3.0,0
2024,12,13,5,AA,DFW,LAS,1115,1055.0,52.0,1
2024,10,6,7,WN,CLE,PHX,1840,1737.0,1.0,0
2024,2,23,5,WN,MKE,DCA,805,634.0,-2.0,0
2024,3,21,4,AA,PHX,MIA,2254,1972.0,1.0,0
2024,3,9,6,OO,LAX,DEN,1830,862.0,-10.0,0
2024,4,14,7,AA,TUL,DFW,1207,237.0,-6.0,0
2024,10,1,2,WN,SNA,LAS,1555,226.0,-7.0,0
2024,12,18,3,UA,EWR,LAX,1700,2454.0,85.0,1
2024,11,29,5,UA,DEN,EUG,1115,996.0,-1.0,0
2024,11,8,5,MQ,LRD,DFW,540,396.0,-8.0,0
2024,3,12,2,F9,PBI,ISP,1017,1052.0,222.0,1
2024,6,14,5,MQ,ORD,CVG,1423,264.0,10.0,0
2024,7,25,4,WN,FLL,PIT,1235,994.0,8.0,1
2024,2,8,4,WN,PIT,STL,1145,554.0,-7.0,0
2024,11,22,5,YX,BNA,LGA,1307,764.0,-1.0,0
2024,3,5,2,B6,BOS,PIT,2214,496.0,75.0,1
2024,10,27,7,WN,OAK,ONT,1435,362.0,23.0,0
2024,7,10,3,UA,TPA,EWR,835,997.0,-1.0,0
2024,7,13,6,YX,LGA,MVY,1410,175.0,-11.0,1
2024,4,22,1,AA,CLT,DFW,927,936.0,18.0,0
2024,10,19,6,NK,MCO,DFW,743,985.0,-3.0,0
2024,11,23,6,AA,PHX,RNO,1740,601.0,-2.0,0
2024,4,24,3,YX,EWR,MYR,1449,550.0,-3.0,0
2024,10,7,1,OO,DTW,LAN,1641,74.0,2.0,0
2024,7,27,6,AA,PHX,OMA,851,1037.0,-5.0,0
2024,2,1,4,DL,SEA,IAD,735,2306.0,-6.0,0
2024,7,31,3,DL,MIA,ATL,1648,594.0,-1.0,0
2024,3,26,2,WN,ATL,STL,1630,484.0,3.0,0
2024,7,6,6,OH,CLT,MDT,2235,413.0,115.0,1
2024,8,19,1,WN,OMA,PHX,1435,1037.0,6.0,0
2024,9,20,5,AA,LGA,DCA,1720,214.0,-6.0,0
2024,3,16,6,OO,ICT,ORD,1552,588.0,-13.0,0
2024,2,24,6,YX,JFK,ORH,1210,150.0,-6.0,0
2024,8,14,3,OO,ORD,SBN,2105,84.0,8.0,0
2024,10,23,3,OO,SFO,LAX,1652,337.0,-9.0,0
2024,1,31,3,B6,MCO,EWR,600,937.0,-10.0,0
2024,4,29,1,DL,BHM,ATL,1526,134.0,8.0,0
2024,12,18,3,G4,SRQ,PSM,901,1266.0,-15.0,0
2024,4,5,5,WN,OAK,KOA,1345,2378.0,-2.0,0
2024,5,9,4,DL,FLL,DTW,805,1127.0,-5.0,0
2024,7,6,6,AS,SEA,SAT,1100,1774.0,19.0,0
2024,3,15,5,WN,LAS,SMF,1355,397.0,128.0,1
2024,6,14,5,UA,RSW,IAH,900,861.0,-2.0,0
2024,6,26,3,OO,TUS,PHX,1716,110.0,-2.0,0
2024,6,22,6,WN,SAN,HOU,1850,1313.0,103.0,1
2024,6,29,6,WN,SMF,ONT,2110,390.0,0.0,0
2024,8,2,5,WN,MIA,DAL,1225,1109.0,-6.0,0
2024,6,16,7,OO,DEN,MAF,1900,563.0,-10.0,0
2024,9,25,3,UA,IAH,MFE,730,316.0,-11.0,0
2024,3,29,5,9E,CVG,LGA,1400,585.0,-8.0,0
2024,4,25,4,MQ,AUS,ORD,1457,977.0,-3.0,0
2024,3,11,1,F9,DEN,GRB,635,905.0,-4.0,0
2024,5,1,3,YX,LGA,CVG,1247,585.0,4.0,0
2024,1,23,2,NK,LAS,FLL,1316,2173.0,-2.0,0
2024,11,1,5,DL,BOS,ATL,520,946.0,-1.0,0
2024,9,30,1,WN,ATL,MCI,2115,692.0,-1.0,0
2024,2,8,4,WN,BNA,CLE,1030,448.0,6.0,0
2024,8,24,6,YX,PIT,BOS,1400,496.0,16.0,0
2024,11,27,3,AA,LAX,KOA,1113,2504.0,-7.0,0
2024,5,19,7,WN,DEN,GEG,1530,836.0,39.0,1
2024,6,8,6,YX,DCA,CHS,1640,444.0,-9.0,0
2024,10,3,4,DL,LIT,ATL,1902,453.0,-16.0,0
2024,12,31,2,WN,MDW,DEN,1330,895.0,-2.0,0
2024,11,22,5,WN,DEN,STL,1140,770.0,0.0,0
2024,12,22,7,B6,SFO,BOS,2330,2704.0,1.0,1
2024,5,7,2,MQ,MCI,ORD,1031,403.0,42.0,1
2024,1,3,3,OO,LBB,DEN,945,456.0,-9.0,0
2024,1,20,6,AA,BDL,CLT,544,644.0,-4.0,0
2024,2,27,2,AA,PHX,MSN,1703,1396.0,-5.0,0
2024,3,7,4,UA,JAX,DEN,1618,1447.0,12.0,0
2024,3,30,6,WN,PHX,OAK,1555,646.0,21.0,0
2024,4,10,3,AA,MCO,PHL,1005,861.0,-12.0,0
2024,5,23,4,AA,JFK,ORD,847,740.0,-4.0,1
2024,4,19,5,UA,MSY,IAH,700,305.0,-11.0,0
2024,4,22,1,OH,BNA,DCA,1928,562.0,-6.0,1
2024,3,14,4,F9,PHX,DTW,1437,1671.0,0.0,1
2024,9,3,2,OO,MBS,DTW,1750,98.0,-3.0,0
2024,1,8,1,AA,DFW,MIA,1444,1121.0,85.0,1
2024,9,12,4,AA,MEM,CLT,915,511.0,-7.0,0
2024,4,15,1,DL,ATL,RIC,2055,481.0,0.0,0
2024,10,4,5,WN,PIT,MDW,650,402.0,3.0,0
2024,9,13,5,OH,DCA,ALB,1245,318.0,-2.0,0
2024,2,8,4,AA,PHX,CLT,2359,1773.0,-2.0,0
2024,7,1,1,UA,LAX,SFO,1030,337.0,7.0,0
2024,8,14,3,WN,ISP,BWI,630,220.0,-3.0,0
2024,7,1,1,WN,MCI,HOU,1845,666.0,14.0,0
2024,12,12,4,WN,ONT,LAS,1220,197.0,18.0,0
2024,10,28,1,UA,EWR,ATL,1729,746.0,-1.0,0
2024,2,14,3,UA,CVG,ORD,700,264.0,21.0,0
2024,3,18,1,WN,RNO,SJC,1900,188.0,-6.0,0
2024,12,8,7,WN,STL,MCO,2015,882.0,-8.0,0
2024,12,14,6,F9,LAS,LAX,605,236.0,-10.0,0
2024,1,17,3,UA,PHX,IAH,1315,1009.0,2.0,0
2024,11,22,5,MQ,CMI,DFW,500,693.0,-7.0,0
2024,8,11,7,MQ,ORD,PIT,959,413.0,-6.0,1
2024,11,16,6,OO,DEN,XWA,1125,582.0,-10.0,0
2024,8,4,7,F9,MIA,ATL,1430,594.0,355.0,1
2024,11,5,2,NK,FLL,BWI,1553,925.0,-1.0,0
2024,9,20,5,AA,CLT,MYR,1300,157.0,1.0,0
2024,2,19,1,DL,RIC,ATL,1055,481.0,-2.0,0
2024,9,23,1,WN,TPA,BHM,1050,459.0,-6.0,0
2024,4,1,1,G4,PSM,PGD,1023,1279.0,20.0,1
2024,2,8,4,WN,MCO,MSY,1920,551.0,-1.0,0
2024,4,25,4,DL,PBI,BOS,1230,1197.0,156.0,1
2024,3,6,3,OO,SLC,IDA,1540,188.0,-7.0,0
2024,8,15,4,F9,PDX,SFO,1534,550.0,47.0,1
2024,12,5,4,9E,JFK,RDU,1600,427.0,-4.0,0
2024,1,28,7,YX,JFK,BOS,959,187.0,0.0,0
2024,1,27,6,OO,SEA,SFO,1340,679.0,-5.0,0
2024,8,12,1,AA,PHL,LAX,525,2402.0,-3.0,0
2024,2,28,3,OO,SUN,LAX,1637,696.0,-4.0,0
2024,1,28,7,WN,MCI,DAL,1235,461.0,-1.0,0
2024,6,27,4,AA,CHS,PHL,759,550.0,-11.0,0
2024,9,11,3,OH,PHL,ILM,1900,413.0,-3.0,0
2024,11,14,4,AS,ONT,SEA,1830,956.0,-2.0,0
2024,4,20,6,WN,DAL,TPA,1730,917.0,113.0,1
2024,8,13,2,AA,MIA,IND,1530,1020.0,65.0,1
2024,1,14,7,OH,CLT,GSO,1814,83.0,-2.0,0
2024,3,3,7,WN,MDW,LGA,1450,725.0,8.0,0
2024,8,24,6,B6,MCO,HPN,1859,972.0,-3.0,0
2024,6,6,4,WN,BWI,PVD,650,327.0,-3.0,0
2024,6,8,6,F9,DFW,JAX,1500,918.0,2.0,0
2024,12,14,6,AS,ANC,SEA,1436,1448.0,-2.0,0
2024,10,28,1,OH,CLT,GSO,1700,83.0,-3.0,0
2024,2,14,3,DL,DFW,MSP,1100,852.0,-7.0,0
2024,5,21,2,UA,DEN,CHS,957,1449.0,-5.0,0
2024,7,24,3,WN,STL,RSW,840,979.0,-3.0,0
2024,3,19,2,WN,SAN,DEN,1935,853.0,-9.0,0
2024,4,6,6,9E,BGM,DTW,600,378.0,-9.0,0
2024,3,27,3,NK,PIT,MCO,520,834.0,8.0,0
2024,9,8,7,WN,SAN,MSY,1430,1599.0,0.0,0
2024,11,25,1,UA,MIA,DEN,1545,1709.0,3.0,0
2024,2,10,6,UA,SBA,SFO,1910,262.0,-12.0,0
